sample_token,instruction,x1,y1,x2,y2,x3,y3,x4,y4,x5,y5,x6,y6,x7,y7,x8,y8,x9,y9,x10,y10,x11,y11,x12,y12
c6c092a66329470f836714f46b92d59b,"go straight, move away slightly from parked vehicles",5.673110008239746,0.023732798174023628,11.212818145751953,-0.09862318634986877,16.590721130371094,-0.08402751386165619,22.134077072143555,-0.17537936568260193,27.521320343017578,-0.21240311861038208,32.97981643676758,-0.10941223055124283,38.13481140136719,-0.11467469483613968,43.404457092285156,-0.0962132140994072,48.54695510864258,-0.1776963323354721,53.63468933105469,-0.027712445706129074,58.72354507446289,0.02047382853925228,63.76368713378906,0.28497856855392456
c6c092a66329470f836714f46b92d59b,Continue going straight and move slightly right to avoid the truck on your left.,5.856900215148926,0.13365866243839264,11.411316871643066,0.03884749114513397,16.82223892211914,0.012286503799259663,22.395662307739258,-0.08009981364011765,27.569143295288086,0.10854928940534592,32.6298828125,0.3234006464481354,37.552555084228516,0.1854909062385559,41.96449661254883,0.5215967893600464,46.23299026489258,0.703244149684906,50.52433395385742,1.0158888101577759,54.74073028564453,0.993973970413208,58.7247314453125,1.5135022401809692
c6c092a66329470f836714f46b92d59b,Stay on the right side of the lane to avoid hitting the car on your left side of the lane,5.695337772369385,0.05890540033578873,11.235411643981934,-0.02205500937998295,16.80569839477539,0.01894073747098446,22.434490203857422,-0.1731666624546051,27.82707977294922,-0.0630393773317337,33.286380767822266,-0.030522136017680168,38.82028579711914,0.21615473926067352,43.94797897338867,0.41101551055908203,49.18841552734375,0.18915121257305145,54.27445602416992,0.34062477946281433,58.913368225097656,0.4413284957408905,63.70662307739258,0.17376162111759186
c6c092a66329470f836714f46b92d59b,Keep staying on the right side to avoid hitting the second car on the left side of your lane,5.705068111419678,0.0617205947637558,11.238322257995605,-0.02592766098678112,16.81712532043457,0.015062045305967331,22.44176483154297,-0.18279068171977997,27.833158493041992,-0.0546334944665432,33.27677917480469,-0.03400767594575882,38.76832962036133,0.22954751551151276,43.89134216308594,0.43879538774490356,49.115684509277344,0.23454836010932922,54.13930130004883,0.3598054051399231,58.69117736816406,0.46208417415618896,63.42838668823242,0.20256178081035614
c6c092a66329470f836714f46b92d59b,Go back onto the left lane,5.721974849700928,0.09824348986148834,11.279422760009766,-0.007495092693716288,16.812923431396484,-0.007819658145308495,22.431690216064453,-0.17570312321186066,27.66045379638672,-0.06991376727819443,33.08066177368164,0.06051641330122948,38.310081481933594,0.12074879556894302,43.23727798461914,0.35871684551239014,48.079017639160156,0.4135141968727112,52.82667541503906,0.582476019859314,57.15200424194336,0.9451579451560974,61.748294830322266,1.0342748165130615
8758419c03ab47a59ea6d6620176f3a3,slow down at the intersection and wait for the white truck to turn then continue,4.5482988357543945,0.1007474735379219,8.873723983764648,0.05886221304535866,13.197287559509277,0.1466071605682373,17.317771911621094,0.10875394940376282,21.298667907714844,0.33943846821784973,25.199459075927734,0.5339085459709167,28.78042221069336,0.78565913438797,32.3847541809082,1.0516357421875,35.875431060791016,1.2031818628311157,39.110958099365234,1.4665734767913818,42.29840087890625,1.5336979627609253,45.44340515136719,1.8385159969329834
8758419c03ab47a59ea6d6620176f3a3,Keep going straight and follow the same lane.,4.355840682983398,0.04844396561384201,8.795123100280762,0.0566616915166378,13.060211181640625,0.14776624739170074,17.384855270385742,0.11805348843336105,21.568330764770508,0.32048505544662476,25.751422882080078,0.5445837378501892,29.983449935913086,0.6139083504676819,34.09999465942383,0.8144202828407288,38.35691452026367,0.9423297047615051,42.55855941772461,1.2596831321716309,46.61658477783203,1.4510626792907715,50.72161102294922,1.638519287109375
8758419c03ab47a59ea6d6620176f3a3,go straight,4.360745906829834,0.045138053596019745,8.819925308227539,0.05344444885849953,13.051370620727539,0.13966229557991028,17.36490249633789,0.12310592830181122,21.63925552368164,0.2814508378505707,25.885465621948242,0.5206364393234253,30.31549835205078,0.4790615737438202,34.61016082763672,0.6370089054107666,39.015987396240234,0.805487871170044,43.48699188232422,1.0512064695358276,47.839595794677734,1.1488343477249146,52.2548828125,1.4236787557601929
8758419c03ab47a59ea6d6620176f3a3,Slow down when the white truck turns left,4.574968338012695,0.05616825446486473,8.978384017944336,0.10771742463111877,13.357138633728027,0.10664785653352737,17.544286727905273,0.08306790888309479,21.510250091552734,0.4242679178714752,25.428489685058594,0.7813296914100647,29.492475509643555,0.8081145882606506,33.030738830566406,1.2885043621063232,36.75103759765625,1.6214531660079956,40.40352249145508,2.1316075325012207,44.010231018066406,2.3212594985961914,47.55311965942383,2.8599131107330322
4047f251c21a475abb49518e0fa6fa9e,continue straight at the intersection,5.621105670928955,0.09940319508314133,11.149306297302246,-0.07166679203510284,16.661155700683594,-0.03304474055767059,22.260568618774414,-0.36020708084106445,27.581787109375,-0.35412341356277466,33.01028060913086,-0.31770992279052734,38.19085693359375,-0.271959513425827,43.29908752441406,-0.29200226068496704,48.29660415649414,-0.5508414506912231,53.12451934814453,-0.6475648283958435,57.721778869628906,-0.5312771201133728,62.32323455810547,-0.754574179649353
095d9b93b583425f910ae2afaf1d017d,turn left at the intersection and continue straight,5.705982208251953,0.2049187421798706,11.027420997619629,0.10092344135046005,16.274023056030273,0.22445042431354523,21.6476993560791,0.20442749559879303,26.51530647277832,0.616905689239502,31.52794075012207,1.1352683305740356,36.50050354003906,1.0902137756347656,41.103755950927734,1.4153836965560913,45.59958267211914,1.842410683631897,50.027103424072266,2.392925977706909,54.164031982421875,2.8751096725463867,58.567264556884766,3.327272415161133
095d9b93b583425f910ae2afaf1d017d,Keeping going straight then at the next turn take a left,5.720052242279053,0.2017558068037033,11.028091430664062,0.10094470530748367,16.257944107055664,0.20881293714046478,21.6197509765625,0.22477513551712036,26.471832275390625,0.6202444434165955,31.442184448242188,1.1449283361434937,36.406890869140625,1.0638927221298218,40.919429779052734,1.4279454946517944,45.3754768371582,1.8565174341201782,49.8051872253418,2.4566173553466797,53.94276809692383,2.916790008544922,58.34919738769531,3.4133365154266357
095d9b93b583425f910ae2afaf1d017d,turn left at the intersection,5.730749130249023,0.2070210576057434,11.034611701965332,0.11382231116294861,16.27586555480957,0.22839193046092987,21.644861221313477,0.22327624261379242,26.4962158203125,0.6394323706626892,31.488794326782227,1.1669753789901733,36.46912384033203,1.105414628982544,41.02376937866211,1.4552302360534668,45.48513412475586,1.9079540967941284,49.91794967651367,2.470421075820923,54.06005859375,2.940671920776367,58.45960998535156,3.3957576751708984
095d9b93b583425f910ae2afaf1d017d,turn left,5.737658977508545,0.20273947715759277,11.03390121459961,0.11369054764509201,16.27484130859375,0.2223845273256302,21.641855239868164,0.22830034792423248,26.490442276000977,0.6384702324867249,31.473814010620117,1.1685272455215454,36.471073150634766,1.0967187881469727,41.003780364990234,1.4527736902236938,45.46915817260742,1.9173895120620728,49.923828125,2.4947474002838135,54.08237075805664,2.9609763622283936,58.50242614746094,3.42733097076416
095d9b93b583425f910ae2afaf1d017d,Take the very first left and stay on the leftmost lane,5.758682727813721,0.21394068002700806,11.042731285095215,0.12566673755645752,16.260847091674805,0.22687433660030365,21.608224868774414,0.2593960464000702,26.429670333862305,0.6776123642921448,31.37202262878418,1.2129241228103638,36.287776947021484,1.1311955451965332,40.73143005371094,1.530564308166504,45.09041213989258,1.9904166460037231,49.4718132019043,2.56111741065979,53.59063720703125,2.974980592727661,57.926116943359375,3.47827410697937
8b43539a55374b6c8ed60c95a42d63a2,turn left at the end of the intersection and drive around avoiding parked trucks on the road,4.157321929931641,0.059542465955019,8.07042407989502,0.22945363819599152,12.061092376708984,0.4529273509979248,16.01399803161621,0.8160596489906311,19.765024185180664,1.407393455505371,23.68280792236328,1.8128342628479004,27.599105834960938,2.352266550064087,31.161569595336914,3.002981424331665,34.74317169189453,3.544924020767212,38.106807708740234,4.107405662536621,41.65597152709961,4.644439697265625,44.81991195678711,5.2786102294921875
8b43539a55374b6c8ed60c95a42d63a2,Take a left turn and aviad the cars and trucks  to the left. Split the lane until the trucks clear up.,4.226020812988281,0.057876598089933395,8.091814041137695,0.23489589989185333,12.078200340270996,0.4595564603805542,16.001340866088867,0.8192163109779358,19.708913803100586,1.4363981485366821,23.599355697631836,1.824105143547058,27.47920799255371,2.3348848819732666,30.93347930908203,3.0113160610198975,34.42197036743164,3.56671142578125,37.720333099365234,4.12278413772583,41.21903610229492,4.628824234008789,44.25309753417969,5.276841640472412
8b43539a55374b6c8ed60c95a42d63a2,turn right at the intersection,3.958864212036133,0.12683798372745514,7.933660984039307,0.2516218423843384,11.878814697265625,0.5790576338768005,15.937199592590332,0.9094434380531311,19.669050216674805,1.6102967262268066,23.461050033569336,2.0495030879974365,27.20357322692871,2.646822214126587,31.062944412231445,3.150484323501587,34.78353500366211,3.686394691467285,38.28379440307617,4.069524765014648,41.768070220947266,4.422684192657471,45.072933197021484,4.5930352210998535
8b43539a55374b6c8ed60c95a42d63a2,"turn left, avoid road obstruction",4.183197975158691,0.06359559297561646,8.07978343963623,0.23326553404331207,12.071778297424316,0.460599422454834,16.008852005004883,0.8204793930053711,19.740175247192383,1.4306831359863281,23.64274024963379,1.8307019472122192,27.53956413269043,2.3565099239349365,31.05851936340332,3.0181005001068115,34.59219741821289,3.565622329711914,37.92906951904297,4.116969108581543,41.435611724853516,4.637052059173584,44.55572509765625,5.271541118621826
8b43539a55374b6c8ed60c95a42d63a2,Make a left turn,4.1757731437683105,0.051121022552251816,8.081984519958496,0.23595941066741943,12.082141876220703,0.4488942325115204,16.03976821899414,0.8144505620002747,19.794233322143555,1.422540307044983,23.725860595703125,1.8233705759048462,27.681625366210938,2.363636016845703,31.236997604370117,3.0162353515625,34.81494903564453,3.5839922428131104,38.2232666015625,4.153169631958008,41.80476760864258,4.694063663482666,45.02054977416992,5.340824127197266
8b43539a55374b6c8ed60c95a42d63a2,"Stay in the middle of the lane to avoid the vehicles on the left and right sides of the road, but then proceed to switching to the left lanes ones the cars on the left clear.",4.2295756340026855,0.044027671217918396,8.093567848205566,0.23123252391815186,12.075942039489746,0.4371246099472046,16.0037784576416,0.7945894598960876,19.723886489868164,1.3771742582321167,23.616403579711914,1.7679792642593384,27.499643325805664,2.2732832431793213,30.965919494628906,2.949526071548462,34.47626876831055,3.5071353912353516,37.80582046508789,4.075851917266846,41.35953903198242,4.595097541809082,44.43684005737305,5.279942989349365
30e77a3561ce4f1bb4fd90e322ea29d7,wait until there are no vehicles approaching from behind,0.7247245907783508,0.08744117617607117,0.886298656463623,-0.10999002307653427,0.9938914179801941,-0.20831537246704102,1.5414762496948242,-0.32778075337409973,1.784214973449707,-0.44576123356819153,2.208157539367676,-0.6719583868980408,2.461344003677368,-0.6005880832672119,2.5557687282562256,-0.897933304309845,2.943025588989258,-0.9036564826965332,3.282759666442871,-1.1683717966079712,3.6414337158203125,-1.642565369606018,3.746839761734009,-2.001905679702759
30e77a3561ce4f1bb4fd90e322ea29d7,check for incoming vehicles on left lane,0.396756649017334,0.025836335495114326,0.688133180141449,0.009897883050143719,1.1380908489227295,-0.013697517104446888,1.5001157522201538,-0.005442903842777014,2.2227699756622314,-0.01390446349978447,2.678150177001953,-0.045630309730768204,3.4505279064178467,-0.028348639607429504,4.1243767738342285,-0.021451270207762718,4.9536614418029785,0.01349134836345911,5.792346954345703,0.11037661880254745,6.797471523284912,0.13379769027233124,7.946486949920654,0.1730262190103531
30e77a3561ce4f1bb4fd90e322ea29d7,"Slowly move forward when there are no cars approaching from behind, but stop once cars are nearby.",0.48520591855049133,0.05598251149058342,0.7799960970878601,-0.03289145603775978,1.189728856086731,-0.04284936562180519,1.561392903327942,-0.08656185120344162,2.192068099975586,-0.09867385774850845,2.5835766792297363,-0.17050810158252716,3.215428113937378,-0.20293115079402924,3.7119643688201904,-0.32056328654289246,4.460731029510498,-0.4216817617416382,5.0426225662231445,-0.46921470761299133,5.954441070556641,-0.639470636844635,6.877334117889404,-0.8604173064231873
a5d7cc4bf3404cccb89932d94ccb9da6,turn left here continue straight,3.435415506362915,0.021797189489006996,6.96734619140625,0.1685875803232193,10.438848495483398,0.3105666935443878,14.01897144317627,0.4642316997051239,17.382896423339844,0.712875247001648,20.929718017578125,1.089262843132019,24.633140563964844,1.3446532487869263,27.98726463317871,1.7426882982254028,31.325788497924805,2.149214029312134,34.58528137207031,2.779423713684082,38.03099822998047,3.3526461124420166,41.08663558959961,3.989872455596924
a5d7cc4bf3404cccb89932d94ccb9da6,turn left at the intersection,3.4466795921325684,0.024399559944868088,6.974194049835205,0.16611358523368835,10.44063663482666,0.3107137680053711,14.012322425842285,0.46531030535697937,17.366609573364258,0.719237208366394,20.906707763671875,1.0925687551498413,24.590190887451172,1.3469785451889038,27.927242279052734,1.7422624826431274,31.239728927612305,2.1562559604644775,34.47789764404297,2.776956081390381,37.88845443725586,3.34714674949646,40.91483688354492,3.9822335243225098
a5d7cc4bf3404cccb89932d94ccb9da6,turn left,3.4574365615844727,0.01831061765551567,6.9791460037231445,0.16533319652080536,10.445440292358398,0.30443519353866577,14.017537117004395,0.46031439304351807,17.365924835205078,0.7173584699630737,20.91889762878418,1.0893539190292358,24.610563278198242,1.3476226329803467,27.94739532470703,1.7482484579086304,31.257320404052734,2.166182041168213,34.506134033203125,2.7970314025878906,37.92987823486328,3.3760170936584473,40.97023010253906,4.022854804992676
fbf27198b3424e28ab1de2a12eb3dc4a,turn right at the intersection when no vehicles are approaching,0.4822578430175781,0.05464423447847366,0.7301145792007446,-0.030031831935048103,1.131453275680542,-0.030812544748187065,1.4773869514465332,-0.13578394055366516,2.0498862266540527,-0.13868947327136993,2.5255749225616455,-0.19617962837219238,3.181562662124634,-0.2663760483264923,3.7839560508728027,-0.44454672932624817,4.65043830871582,-0.7206103205680847,5.334079265594482,-0.8938312530517578,6.292500019073486,-1.3067950010299683,7.36073112487793,-1.7471809387207031
fbf27198b3424e28ab1de2a12eb3dc4a,Take a right turn and then continue.,0.47452399134635925,0.02640591189265251,0.7337555289268494,-0.012767420150339603,1.159241795539856,-0.027737367898225784,1.6542404890060425,-0.17728281021118164,2.313014507293701,-0.16958090662956238,2.9936881065368652,-0.2528153657913208,3.8609797954559326,-0.5374854803085327,4.623404026031494,-0.7960495352745056,5.767828941345215,-1.2765393257141113,6.730743408203125,-1.6317133903503418,7.710831165313721,-2.193492889404297,8.973066329956055,-2.8634698390960693
fbf27198b3424e28ab1de2a12eb3dc4a,stop at the intersection then turn right,0.4502086341381073,0.05654771625995636,0.6985253095626831,-0.02114633098244667,1.0619657039642334,-0.0170657467097044,1.3794478178024292,-0.08222102373838425,1.9709428548812866,-0.08056246489286423,2.3749825954437256,-0.10748568177223206,3.026790142059326,-0.10129627585411072,3.5529980659484863,-0.15932580828666687,4.347107887268066,-0.26591622829437256,4.959795951843262,-0.27894309163093567,5.898775577545166,-0.47369006276130676,6.934499740600586,-0.652114748954773
fbf27198b3424e28ab1de2a12eb3dc4a,wait for incoming traffic then turn right,0.43228262662887573,0.04261031374335289,0.6754878163337708,-0.012956621125340462,1.0638102293014526,-0.01420736126601696,1.4028770923614502,-0.0866137370467186,2.0175931453704834,-0.08583800494670868,2.473554849624634,-0.12115193158388138,3.1810414791107178,-0.15119163691997528,3.7859699726104736,-0.2298983484506607,4.656784534454346,-0.38399842381477356,5.351596355438232,-0.42624855041503906,6.341430187225342,-0.7146739959716797,7.4567975997924805,-0.9798238277435303
fbf27198b3424e28ab1de2a12eb3dc4a,Make a right turn when the white vehicle passes you from the left.,0.5357847213745117,0.08163858205080032,0.7831729650497437,-0.0514342375099659,1.1160881519317627,-0.05014396086335182,1.443466067314148,-0.132650226354599,1.9397457838058472,-0.1341855227947235,2.288966655731201,-0.20001564919948578,2.8327322006225586,-0.18151186406612396,3.307490110397339,-0.32941025495529175,3.9570250511169434,-0.5244360566139221,4.452435493469238,-0.614788293838501,5.310753345489502,-0.8965001702308655,6.166772842407227,-1.1983137130737305
cba3ddd5c3664a43b6a08e586e094900,turn right and continue straight,3.884822130203247,0.007303811144083738,7.795319080352783,-0.19981543719768524,11.862141609191895,-0.4455127716064453,16.019079208374023,-0.9053123593330383,19.98198127746582,-1.212415337562561,23.813880920410156,-1.708701252937317,27.81878662109375,-2.320661783218384,31.835371017456055,-2.9125936031341553,35.790096282958984,-3.5658493041992188,39.58768844604492,-4.323672294616699,43.16495132446289,-5.162112712860107,46.71271896362305,-6.002181529998779
cba3ddd5c3664a43b6a08e586e094900,Take a right turn and then continue going straight.,3.899183988571167,-0.021925702691078186,7.797752857208252,-0.21439838409423828,11.871821403503418,-0.44305670261383057,16.07744789123535,-0.9276341795921326,20.07465171813965,-1.268943428993225,23.94395637512207,-1.7993897199630737,27.99637794494629,-2.4449148178100586,32.062530517578125,-3.012140989303589,36.111812591552734,-3.8048477172851562,40.027103424072266,-4.543400287628174,43.63864517211914,-5.415952205657959,47.286930084228516,-6.3367390632629395
cba3ddd5c3664a43b6a08e586e094900,turn right at the intersection,3.895275831222534,0.021144485101103783,7.80108642578125,-0.19790197908878326,11.869009971618652,-0.4413095712661743,16.004491806030273,-0.8954512476921082,19.951391220092773,-1.1987782716751099,23.758092880249023,-1.6647652387619019,27.72835350036621,-2.2412304878234863,31.7220458984375,-2.8327512741088867,35.63896560668945,-3.4550907611846924,39.386924743652344,-4.213677883148193,42.90244674682617,-5.066614627838135,46.37900161743164,-5.883643627166748
cba3ddd5c3664a43b6a08e586e094900,turn right,3.897118330001831,0.036187127232551575,7.802226543426514,-0.1894727349281311,11.870793342590332,-0.44353997707366943,15.980786323547363,-0.8783903121948242,19.908470153808594,-1.1817225217819214,23.70921516418457,-1.6340770721435547,27.662504196166992,-2.2201454639434814,31.60658073425293,-2.8086535930633545,35.455135345458984,-3.366846799850464,39.13889694213867,-4.109870433807373,42.640960693359375,-4.930367946624756,46.07461166381836,-5.681093215942383
cba3ddd5c3664a43b6a08e586e094900,Make a right turn into the middle lane and go straight,3.8912060260772705,0.002535725710913539,7.7978081703186035,-0.20593060553073883,11.866406440734863,-0.44068536162376404,16.033586502075195,-0.9123626351356506,19.997291564941406,-1.2239385843276978,23.8287353515625,-1.7176837921142578,27.830947875976562,-2.312427520751953,31.861745834350586,-2.8954591751098633,35.84428024291992,-3.5865020751953125,39.667240142822266,-4.349569797515869,43.22581100463867,-5.218461513519287,46.77211380004883,-6.0899338722229
68e79a88244f447f993a72da444b29ba,follow the white car ahead,3.883699417114258,0.027872612699866295,7.883298873901367,-0.005918651353567839,11.914063453674316,-0.041527390480041504,16.02474594116211,-0.11013155430555344,19.97294044494629,-0.08159651607275009,23.86713218688965,-0.051035311073064804,27.929582595825195,-0.15273918211460114,31.768171310424805,-0.15796126425266266,35.60926818847656,-0.18306557834148407,39.32841873168945,-0.2435472160577774,43.12498474121094,-0.23590898513793945,46.69845962524414,-0.2480887919664383
01452fbfbf4543af8acdfd3e8a1ee806,follow the car ahead and go straight,1.8376808166503906,-0.04319898784160614,3.8859705924987793,-0.011217232793569565,6.107627868652344,-0.10924841463565826,8.407886505126953,-0.13516631722450256,10.857771873474121,-0.14011690020561218,13.216506958007812,-0.23205900192260742,15.913456916809082,-0.37105894088745117,18.399578094482422,-0.37744516134262085,21.094175338745117,-0.39975473284721375,23.60256004333496,-0.5774827599525452,26.407718658447266,-0.5706299543380737,29.198646545410156,-0.7406356334686279
01452fbfbf4543af8acdfd3e8a1ee806,Turn right and then continue going left.,1.9489487409591675,0.03607821837067604,3.955303192138672,-0.046082839369773865,6.143027305603027,-0.05161086097359657,8.33780288696289,-0.1331402063369751,10.637205123901367,-0.13402214646339417,12.801417350769043,-0.21771100163459778,15.167566299438477,-0.4415544867515564,17.379499435424805,-0.45887014269828796,19.68614959716797,-0.6701024174690247,21.91910743713379,-0.7851816415786743,24.18092155456543,-1.064013957977295,26.34410285949707,-1.4462790489196777
01452fbfbf4543af8acdfd3e8a1ee806,"Wait untill the signal turns green, let the car in front of you start moving, once you have started moving slide into the right lane while avoiding collision with the construction equipment on the side of the road",1.864754319190979,-0.0010856991866603494,3.8725240230560303,-0.03720126673579216,6.096938610076904,-0.08262550085783005,8.300626754760742,-0.13638710975646973,10.672992706298828,-0.13853345811367035,12.853633880615234,-0.25198572874069214,15.295720100402832,-0.41211631894111633,17.648059844970703,-0.4404681622982025,20.095943450927734,-0.576685905456543,22.486940383911133,-0.6723811030387878,25.030954360961914,-0.8176729679107666,27.332447052001953,-1.1677826642990112
01452fbfbf4543af8acdfd3e8a1ee806,"once vehicle in front moves, continue straight",1.8336331844329834,-0.04032845050096512,3.8562216758728027,-0.02248321659862995,6.087282657623291,-0.09966624528169632,8.320490837097168,-0.13983330130577087,10.73445987701416,-0.1421356350183487,13.034905433654785,-0.20883294939994812,15.622407913208008,-0.29207557439804077,18.076398849487305,-0.26828140020370483,20.663604736328125,-0.258937805891037,23.057374954223633,-0.3512849807739258,25.840757369995117,-0.2984476387500763,28.54334259033203,-0.3657349944114685
01452fbfbf4543af8acdfd3e8a1ee806,Switch to the right lane once you pass all objstructions on the right side of the road.,1.9346137046813965,0.04206095263361931,3.913407802581787,-0.05673018470406532,6.133229732513428,-0.07149595767259598,8.249509811401367,-0.142446830868721,10.577021598815918,-0.17440393567085266,12.68073844909668,-0.24299503862857819,14.95382022857666,-0.38632747530937195,17.14959716796875,-0.4021396338939667,19.449520111083984,-0.5417300462722778,21.54043197631836,-0.6241872310638428,23.84886932373047,-0.8220191597938538,25.958620071411133,-1.1205391883850098
2ed0fcbfc214478ca3b3ce013e7723ba,continue following the white car ahead,4.111131191253662,0.026634396985173225,8.208216667175293,0.045019056648015976,12.179844856262207,0.11830303072929382,16.29288673400879,0.19611690938472748,20.161874771118164,0.2866915166378021,24.16257667541504,0.5548561811447144,28.1785888671875,0.7408443093299866,32.15025329589844,0.815242350101471,36.1525764465332,0.972438395023346,40.07914733886719,1.2497410774230957,43.98627853393555,1.4387949705123901,47.936702728271484,1.6452465057373047
2ed0fcbfc214478ca3b3ce013e7723ba,slide into the left-most lane and coninue driving in that lane,4.297116279602051,-0.008151727728545666,8.368521690368652,0.04903575778007507,12.465133666992188,0.03311515972018242,16.39842414855957,0.18872322142124176,20.19057846069336,0.3781777620315552,23.780874252319336,0.6779945492744446,27.548166275024414,0.8982439041137695,30.683496475219727,1.3375428915023804,33.97846984863281,1.7218540906906128,37.050079345703125,2.2372827529907227,40.32175827026367,2.671856641769409,43.33650207519531,3.3263580799102783
2ed0fcbfc214478ca3b3ce013e7723ba,Keep a distance between the car in front of you.,4.349208831787109,0.01413524430245161,8.359200477600098,-0.018184611573815346,12.318768501281738,0.13584810495376587,16.100446701049805,0.18702183663845062,19.760902404785156,0.3872377872467041,23.345510482788086,0.4854114353656769,26.300735473632812,0.7783365845680237,29.56926918029785,1.1025795936584473,32.50443649291992,1.4544119834899902,35.10797882080078,1.6076785326004028,37.652591705322266,1.7195510864257812,40.307254791259766,1.9053764343261719
3b2ee26cb8484f77895bc336663df502,continue straight,3.880413055419922,-0.02329779416322708,7.932462692260742,-0.08784718066453934,11.889399528503418,-0.20961640775203705,15.917206764221191,-0.4091413915157318,20.038787841796875,-0.5590302348136902,24.00255012512207,-0.81132972240448,28.260936737060547,-1.1114311218261719,32.363319396972656,-1.4261665344238281,36.31063461303711,-1.6008111238479614,40.36119842529297,-2.0413689613342285,44.43609619140625,-2.2389750480651855,48.592430114746094,-2.4974350929260254
3b2ee26cb8484f77895bc336663df502,Slow down a little to allow the bus to merge,3.934464931488037,0.08414985239505768,7.9125752449035645,-0.11036055535078049,11.923721313476562,-0.20125064253807068,15.778923988342285,-0.3596833348274231,19.591577529907227,-0.5591614246368408,23.252498626708984,-0.5975322127342224,26.837736129760742,-0.7118651866912842,30.427133560180664,-0.9200867414474487,33.8472785949707,-1.0773704051971436,36.9940185546875,-1.5686601400375366,40.276363372802734,-1.7453911304473877,43.42201232910156,-1.9266929626464844
3b2ee26cb8484f77895bc336663df502,go straight,3.9072647094726562,-0.047236405313014984,7.964404106140137,-0.09458519518375397,11.86215591430664,-0.24678638577461243,15.922103881835938,-0.4187879264354706,20.11213493347168,-0.5953981280326843,24.112537384033203,-0.8749546408653259,28.47551727294922,-1.2092925310134888,32.668582916259766,-1.5054608583450317,36.66670608520508,-1.649290919303894,40.892112731933594,-2.044008731842041,45.11495590209961,-2.3124358654022217,49.501705169677734,-2.4788966178894043
fb73d1a6c16147ee9416faf6b310fadb,enter the roundabout and exit out the first turn,2.8097589015960693,-0.01827854849398136,5.63014554977417,-0.05168469622731209,8.519516944885254,-0.09141535311937332,11.301111221313477,-0.09215980023145676,14.021891593933105,-0.14822804927825928,16.764768600463867,-0.2822406589984894,19.478689193725586,-0.3460797667503357,21.905088424682617,-0.4034534692764282,24.510427474975586,-0.4591355621814728,26.7362060546875,-0.5492656230926514,29.228275299072266,-0.61226886510849,31.65468978881836,-0.5128628611564636
fb73d1a6c16147ee9416faf6b310fadb,Keep going straight around the roundabout,2.689383029937744,-0.010815315879881382,5.511354446411133,-0.031320784240961075,8.391559600830078,-0.08958467841148376,11.308813095092773,-0.15049542486667633,14.075368881225586,-0.17132098972797394,16.95271110534668,-0.4131944477558136,19.821929931640625,-0.5554149150848389,22.482065200805664,-0.933291494846344,25.437442779541016,-1.082126259803772,27.947795867919922,-1.4780519008636475,30.844499588012695,-1.8358689546585083,33.63710021972656,-2.0723934173583984
fb73d1a6c16147ee9416faf6b310fadb,Enter the round about and keep going straight,2.68142032623291,-0.019174588844180107,5.505798816680908,-0.026295524090528488,8.368547439575195,-0.0852828174829483,11.302409172058105,-0.1688537299633026,14.084797859191895,-0.1696227490901947,17.010107040405273,-0.4103786051273346,19.939973831176758,-0.5553140640258789,22.698394775390625,-0.9178799986839294,25.74287223815918,-1.0153721570968628,28.31639862060547,-1.396040439605713,31.346525192260742,-1.7161157131195068,34.32223129272461,-1.91804039478302
fb73d1a6c16147ee9416faf6b310fadb,Go about the roundabout and keep going straight,2.6843056678771973,-0.021177200600504875,5.509544372558594,-0.019079061225056648,8.375441551208496,-0.08232534676790237,11.31983757019043,-0.17331424355506897,14.112044334411621,-0.17258606851100922,17.055768966674805,-0.4120801091194153,20.023029327392578,-0.5746272206306458,22.81507682800293,-0.9350773096084595,25.863239288330078,-1.0344882011413574,28.520721435546875,-1.4008407592773438,31.60467529296875,-1.7265465259552002,34.60955810546875,-1.9293980598449707
e6cb595f6df44b3999db28c65f2244ac,turn right when no vehicles are approaching,2.5367348194122314,0.06818334013223648,4.643507957458496,-0.07416840642690659,6.705267429351807,-0.0980532094836235,8.775571823120117,-0.26690685749053955,10.713448524475098,-0.45409834384918213,12.597792625427246,-0.45743170380592346,14.281318664550781,-0.6085838675498962,16.067224502563477,-0.8023026585578918,17.706878662109375,-1.094718337059021,19.309972763061523,-1.4394980669021606,20.61600685119629,-1.737054705619812,22.182594299316406,-2.1720731258392334
e6cb595f6df44b3999db28c65f2244ac,Keep going straight and wait for the other vehicles to pass before turning right,2.5867159366607666,0.05380234494805336,4.670742034912109,-0.08560612052679062,6.694286346435547,-0.12143892049789429,8.748671531677246,-0.2667664587497711,10.647290229797363,-0.4332372844219208,12.51703929901123,-0.4583759605884552,14.147629737854004,-0.5708909034729004,15.887890815734863,-0.7824010848999023,17.44355583190918,-1.0316072702407837,19.000608444213867,-1.3336609601974487,20.25037956237793,-1.6216589212417603,21.71175193786621,-2.0178210735321045
e6cb595f6df44b3999db28c65f2244ac,"Stop at the intersection, turn right",2.479606866836548,0.06315173953771591,4.593381404876709,-0.04788587987422943,6.711866855621338,-0.07443036139011383,8.776766777038574,-0.21402424573898315,10.72544002532959,-0.36237525939941406,12.570381164550781,-0.36015620827674866,14.364527702331543,-0.5336688160896301,16.151351928710938,-0.7086297869682312,17.839096069335938,-0.8630955815315247,19.462251663208008,-1.1491001844406128,20.864849090576172,-1.3514703512191772,22.539213180541992,-1.6118592023849487
e6cb595f6df44b3999db28c65f2244ac,"stop for incoming traffic, turn right",2.422718048095703,0.05041460692882538,4.541001796722412,-0.04019821062684059,6.696104049682617,-0.07342159003019333,8.765372276306152,-0.1903548687696457,10.721362113952637,-0.3224200904369354,12.573898315429688,-0.32511645555496216,14.469390869140625,-0.5080702304840088,16.277677536010742,-0.6837947368621826,18.06754493713379,-0.7767621874809265,19.748628616333008,-1.0660690069198608,21.255800247192383,-1.2486213445663452,23.00752830505371,-1.4669718742370605
e6cb595f6df44b3999db28c65f2244ac,Make a right turn.,2.3937034606933594,0.061687272042036057,4.5075273513793945,-0.04303504526615143,6.71433687210083,-0.07659909874200821,8.825100898742676,-0.24653373658657074,10.845635414123535,-0.4530864953994751,12.824124336242676,-0.43714508414268494,14.83814525604248,-0.6914641261100769,16.77129364013672,-0.9153249263763428,18.81511878967285,-1.249703288078308,20.692602157592773,-1.6982537508010864,22.35145378112793,-2.141589403152466,24.333961486816406,-2.65065860748291
4f28b42169f4404cbab4b43476e13885,turn left after the speedbump,2.304229259490967,0.009995506145060062,4.552087783813477,0.048195984214544296,6.804293632507324,0.0731194019317627,8.89682388305664,0.06633515655994415,11.014012336730957,0.21300770342350006,12.97819709777832,0.3402366638183594,15.156538009643555,0.5264201760292053,17.14731216430664,0.7614991068840027,19.154504776000977,1.1887503862380981,21.24674415588379,1.4080452919006348,23.213289260864258,1.9230003356933594,25.346900939941406,2.417753219604492
4f28b42169f4404cbab4b43476e13885,Slow down before take a left turn,2.3240411281585693,0.0017257740255445242,4.580873966217041,0.05521780624985695,6.839400768280029,0.07762154936790466,8.902959823608398,0.06847472488880157,11.029794692993164,0.25781238079071045,13.007796287536621,0.407676100730896,15.170804977416992,0.6145901083946228,17.195507049560547,0.896144449710846,19.19892692565918,1.384434461593628,21.37904167175293,1.6904628276824951,23.35425567626953,2.3042209148406982,25.550447463989258,2.9106264114379883
4f28b42169f4404cbab4b43476e13885,"stop at the intersection, turn left",2.3582825660705566,0.005476600490510464,4.591926097869873,0.03641114756464958,6.8098554611206055,0.07257994264364243,8.863938331604004,0.0748373344540596,10.94252872467041,0.25683876872062683,12.853242874145508,0.39199015498161316,14.915205001831055,0.6159847974777222,16.800128936767578,0.8983080983161926,18.67192840576172,1.3191568851470947,20.648481369018555,1.6028434038162231,22.512847900390625,2.192687511444092,24.510332107543945,2.7774693965911865
4f28b42169f4404cbab4b43476e13885,turn left,2.3067626953125,0.0025380332954227924,4.5648512840271,0.057717662304639816,6.8306989669799805,0.07724103331565857,8.910168647766113,0.06760671734809875,11.04559326171875,0.2367364764213562,13.030510902404785,0.38382041454315186,15.223709106445312,0.5783548355102539,17.265087127685547,0.8425005674362183,19.30144691467285,1.3158200979232788,21.487611770629883,1.5884499549865723,23.494951248168945,2.171271800994873,25.7154541015625,2.7336466312408447
4f28b42169f4404cbab4b43476e13885,Take the left turn that is right after the speed bump and stay on the left side to allow the oncoming car to pass.,2.445702075958252,0.001831713248975575,4.656627178192139,0.017835093662142754,6.810299396514893,0.07201056182384491,8.832290649414062,0.08163357526063919,10.83377456665039,0.2920810580253601,12.683714866638184,0.43863919377326965,14.607314109802246,0.6817142963409424,16.34433937072754,1.0179308652877808,18.040943145751953,1.380228877067566,19.887630462646484,1.6752827167510986,21.59760284423828,2.350348472595215,23.33854866027832,2.9137942790985107
ba76f4185aa34ed3bff467ac640da902,follow the gray car ahead and turn right,2.703700065612793,-0.034992314875125885,5.33830451965332,-0.20084817707538605,8.184673309326172,-0.5661693215370178,10.98708724975586,-0.9047446846961975,13.77632999420166,-1.3101115226745605,16.540987014770508,-1.8248463869094849,19.364734649658203,-2.5610787868499756,21.810728073120117,-3.4778659343719482,24.52012062072754,-4.407453536987305,27.107513427734375,-5.49098014831543,29.628929138183594,-6.717959880828857,32.146705627441406,-7.788970470428467
ba76f4185aa34ed3bff467ac640da902,Take right turn and continue down the road,2.692535400390625,-0.032901715487241745,5.321113586425781,-0.22092726826667786,8.18861198425293,-0.5777304172515869,11.048162460327148,-0.9672371745109558,13.855992317199707,-1.4362068176269531,16.706607818603516,-2.023336172103882,19.58409309387207,-2.857840061187744,22.169889450073242,-3.905641794204712,24.991600036621094,-4.994291305541992,27.752037048339844,-6.133106708526611,30.333526611328125,-7.487641334533691,32.97465515136719,-8.721634864807129
ba76f4185aa34ed3bff467ac640da902,turn right at the intersection and stay in the right lane,2.7072458267211914,-0.032216060906648636,5.3412041664123535,-0.20587900280952454,8.190560340881348,-0.5694679021835327,11.00284481048584,-0.9216102361679077,13.791473388671875,-1.3514964580535889,16.568864822387695,-1.8690285682678223,19.40380859375,-2.629342555999756,21.862937927246094,-3.570228099822998,24.58492660522461,-4.563282489776611,27.211538314819336,-5.64557409286499,29.726961135864258,-6.92048454284668,32.268245697021484,-8.041464805603027
ba76f4185aa34ed3bff467ac640da902,turn right,2.7201271057128906,-0.031876690685749054,5.354927062988281,-0.20543116331100464,8.194494247436523,-0.5693880319595337,10.978042602539062,-0.9035071134567261,13.745543479919434,-1.323318362236023,16.469703674316406,-1.8193480968475342,19.273340225219727,-2.521368980407715,21.667816162109375,-3.3777880668640137,24.334672927856445,-4.325423717498779,26.858245849609375,-5.373518943786621,29.320295333862305,-6.609975814819336,31.78883171081543,-7.674593925476074
ba76f4185aa34ed3bff467ac640da902,Make a right turn and enter the first lane,2.724390983581543,-0.03055986575782299,5.354922771453857,-0.22520309686660767,8.206608772277832,-0.5857198238372803,11.000662803649902,-0.9509550333023071,13.77608585357666,-1.4317784309387207,16.49228858947754,-1.941301941871643,19.31126594543457,-2.6597506999969482,21.768083572387695,-3.572089910507202,24.48965835571289,-4.626178741455078,27.097713470458984,-5.723062515258789,29.545612335205078,-7.0587005615234375,32.03691101074219,-8.24032974243164
ba76f4185aa34ed3bff467ac640da902,"Before reaching the vehicle in front, switch to the right lane.",2.5907680988311768,-0.100543312728405,5.217685222625732,-0.20830219984054565,8.15487003326416,-0.5897234678268433,10.947574615478516,-0.8639917373657227,13.88737964630127,-1.093863844871521,16.809871673583984,-1.7216465473175049,19.73753547668457,-2.42720627784729,22.551837921142578,-3.271307945251465,25.51150894165039,-3.7758777141571045,28.424720764160156,-4.885802268981934,31.45301628112793,-5.967228889465332,34.353492736816406,-6.754819393157959
bc4fd5a05a004333b9411754630f4cba,exit the parking lot and turn right,0.9842148423194885,0.031004656106233597,1.8487352132797241,-0.03547787293791771,2.8595945835113525,0.20653311908245087,3.9462265968322754,0.31012946367263794,5.078284740447998,0.3730134963989258,6.123129844665527,0.7615285515785217,7.3195414543151855,1.0840598344802856,8.394346237182617,1.294026494026184,9.574477195739746,1.498764157295227,10.558670997619629,1.999523401260376,11.693744659423828,2.4007954597473145,12.93245792388916,2.615262508392334
bc4fd5a05a004333b9411754630f4cba,Turn left and then turn right,0.9611151218414307,-0.10408090800046921,1.8262850046157837,0.025809135288000107,2.8892123699188232,0.22439558804035187,4.029467582702637,0.489170104265213,5.234665870666504,0.7642484307289124,6.513137340545654,1.3336372375488281,7.748464107513428,2.0193192958831787,8.976320266723633,2.662742853164673,10.214401245117188,3.539802312850952,11.610372543334961,4.393370151519775,12.822948455810547,5.55513858795166,14.524601936340332,6.760983943939209
bc4fd5a05a004333b9411754630f4cba,"turn right, then turn right agai to merge into the street.",0.9603502750396729,0.005564447026699781,1.8358254432678223,-0.011769460514187813,2.8891987800598145,0.2163698375225067,3.982314109802246,0.33368757367134094,5.192397117614746,0.38367149233818054,6.353652477264404,0.767147958278656,7.6223859786987305,1.0499930381774902,8.797571182250977,1.2769144773483276,10.079580307006836,1.492954134941101,11.222505569458008,1.9666041135787964,12.411747932434082,2.3327901363372803,13.821115493774414,2.4811935424804688
bc4fd5a05a004333b9411754630f4cba,"turn left, wait for incoming traffic once clear turn right.",0.9260656833648682,-0.0629311352968216,1.8018155097961426,0.0009771401528269053,2.8330817222595215,0.21526946127414703,3.9477429389953613,0.45578956604003906,5.139843463897705,0.650420069694519,6.33790922164917,1.1530396938323975,7.565154075622559,1.7695808410644531,8.74262809753418,2.294232130050659,9.984450340270996,3.002875804901123,11.23192310333252,3.8403704166412354,12.40234375,4.863512992858887,13.967833518981934,5.914954662322998
bc4fd5a05a004333b9411754630f4cba,Make a left turn and stop right before the intersection.,0.9522861242294312,-0.0705847442150116,1.8132716417312622,-0.0038670324720442295,2.813772678375244,0.2164677083492279,3.928180456161499,0.48248493671417236,5.0308308601379395,0.7455320358276367,6.206975936889648,1.3002992868423462,7.342569828033447,1.9995805025100708,8.455245971679688,2.647874116897583,9.602740287780762,3.504458427429199,10.84174633026123,4.363663196563721,11.990883827209473,5.609810829162598,13.463908195495605,6.846158981323242
bc4fd5a05a004333b9411754630f4cba,Make a right turn if no cars are coming from the left side.,1.0279252529144287,0.052136778831481934,1.8725180625915527,-0.052649423480033875,2.8499512672424316,0.19749483466148376,3.9391870498657227,0.2728550136089325,5.011884689331055,0.33205705881118774,5.973881721496582,0.7239878177642822,7.110479354858398,1.03904390335083,8.113944053649902,1.2318249940872192,9.207275390625,1.37143075466156,10.062251091003418,1.8503801822662354,11.149320602416992,2.2296383380889893,12.278011322021484,2.418447971343994
f4395dd8e4004f12a8dec3079a93d804,follow the road to the right at the fork in the road,3.0883514881134033,0.019452158361673355,6.120819568634033,-0.14333279430866241,9.363373756408691,-0.41030561923980713,12.608997344970703,-0.7310169339179993,15.690964698791504,-1.0651320219039917,18.677757263183594,-1.482086181640625,21.724092483520508,-2.0997562408447266,24.66931915283203,-2.7352511882781982,27.664026260375977,-3.503045082092285,30.551925659179688,-4.3654890060424805,33.31550979614258,-5.3126397132873535,36.090274810791016,-6.143730163574219
f4395dd8e4004f12a8dec3079a93d804,Keep going straight and then take right down hill,3.020883560180664,-0.03354410082101822,6.051580905914307,-0.15333177149295807,9.304207801818848,-0.4059717655181885,12.60616397857666,-0.7520344257354736,15.772842407226562,-0.9720187187194824,18.8675594329834,-1.5103193521499634,22.06885528564453,-2.1534767150878906,25.208131790161133,-2.781318426132202,28.363723754882812,-3.3811206817626953,31.404699325561523,-4.236587047576904,34.508399963378906,-5.047196865081787,37.62553024291992,-5.700675964355469
f4395dd8e4004f12a8dec3079a93d804,"continue driving on the road, stay on the right side.",3.1772501468658447,0.05109865590929985,6.178910732269287,-0.15488240122795105,9.388731956481934,-0.3990948498249054,12.480595588684082,-0.6763002276420593,15.437457084655762,-0.9873955845832825,18.312822341918945,-1.3170021772384644,21.165813446044922,-1.7226263284683228,23.960275650024414,-2.213622570037842,26.731901168823242,-2.71921443939209,29.269575119018555,-3.598154306411743,31.715269088745117,-4.433374881744385,34.12437438964844,-5.038397312164307
f4395dd8e4004f12a8dec3079a93d804,turn right,3.117877960205078,0.03022921085357666,6.147737503051758,-0.13317856192588806,9.369115829467773,-0.402799129486084,12.55563735961914,-0.7008509635925293,15.592890739440918,-1.007044792175293,18.55027961730957,-1.3921862840652466,21.532241821289062,-1.960004448890686,24.405324935913086,-2.5352537631988525,27.28437614440918,-3.176788568496704,30.034622192382812,-3.9732229709625244,32.68449783325195,-4.829250812530518,35.350223541259766,-5.527015209197998
f4395dd8e4004f12a8dec3079a93d804,Make the second right turn and stay on the left lane.,3.1324079036712646,0.037692442536354065,6.161479473114014,-0.1380046159029007,9.381773948669434,-0.4002093970775604,12.552573204040527,-0.7052592635154724,15.57049560546875,-1.0319710969924927,18.51254653930664,-1.4022135734558105,21.460676193237305,-1.9451276063919067,24.322439193725586,-2.5164222717285156,27.19051170349121,-3.1911838054656982,29.919981002807617,-4.015991687774658,32.51559829711914,-4.9262003898620605,35.13555908203125,-5.667654514312744
93032908bafd484ea10a39b0d5d3fff6,continue driving up the hill,2.5725603103637695,-0.05674360692501068,5.261594295501709,0.038740746676921844,8.068587303161621,0.0040444438345730305,10.880361557006836,0.015498977154493332,13.873600959777832,0.002210463397204876,16.823823928833008,0.07030858844518661,20.05681037902832,-0.11798473447561264,23.172618865966797,-0.032426752150058746,26.41664695739746,0.12510614097118378,29.630319595336914,-0.005086188204586506,32.94325256347656,0.0510026216506958,36.21999740600586,-0.01761026494204998
93032908bafd484ea10a39b0d5d3fff6,continue along the road,2.5717313289642334,-0.0535726398229599,5.279904365539551,0.04776589199900627,8.079754829406738,0.0036543281748890877,10.919439315795898,0.021337101235985756,13.920980453491211,0.0035353852435946465,16.879501342773438,0.0689755231142044,20.12834930419922,-0.15076589584350586,23.25557518005371,-0.06795889139175415,26.502574920654297,0.0737111046910286,29.743938446044922,-0.08565860241651535,33.03487777709961,-0.07296054065227509,36.27840805053711,-0.2161933034658432
1fa63d31aaa7459383b4414715cd12db,turn left when there are no vehicles approaching,0.33979907631874084,0.004316156730055809,0.40468019247055054,0.0556354783475399,0.7006435990333557,-0.006394329946488142,1.0420857667922974,-0.0050881402567029,1.8643392324447632,-0.015147163532674313,2.1362085342407227,0.1441899985074997,2.942058801651001,0.19247840344905853,3.6854591369628906,0.36296573281288147,4.482869625091553,0.5839183926582336,5.171332359313965,0.9544755220413208,6.331244945526123,1.5182301998138428,7.45845365524292,2.0423097610473633
1fa63d31aaa7459383b4414715cd12db,Wait for the cars to pass and then turn left and merge onto the road,0.2942606508731842,0.0018622367642819881,0.3802276849746704,0.058807458728551865,0.6852608919143677,-0.0004430636763572693,1.0409971475601196,-0.002023284323513508,1.7910264730453491,-0.021375747397542,2.1281776428222656,0.0993829295039177,2.920891046524048,0.10730282962322235,3.634705066680908,0.26758429408073425,4.466033935546875,0.33554553985595703,5.213949203491211,0.7038024663925171,6.366499900817871,1.1151703596115112,7.579401969909668,1.5563316345214844
1fa63d31aaa7459383b4414715cd12db,turn left when it is safe to do so.,0.3190574645996094,-0.02922676131129265,0.3911131024360657,0.06696923822164536,0.7073507905006409,-0.03344741463661194,1.1137146949768066,-0.0140477130189538,1.9907639026641846,-0.04153994470834732,2.307623863220215,0.16990700364112854,3.1988508701324463,0.22364066541194916,3.968289852142334,0.4124405086040497,4.846644401550293,0.6544961333274841,5.545255661010742,0.987686812877655,6.765110969543457,1.5703068971633911,7.967903137207031,2.0723471641540527
1fa63d31aaa7459383b4414715cd12db,wait till the road is clear of moving cars and turn left,0.3190031051635742,0.0255911722779274,0.3985418975353241,0.05188900977373123,0.702691376209259,0.008330286480486393,1.0057728290557861,0.004611534532159567,1.7423630952835083,-0.010288809426128864,2.041353702545166,0.0954173356294632,2.78674054145813,0.11574897170066833,3.4832253456115723,0.2673344016075134,4.255223274230957,0.36774539947509766,4.980978965759277,0.7442993521690369,6.0925469398498535,1.2003724575042725,7.243584156036377,1.67349374294281
1fa63d31aaa7459383b4414715cd12db,Make a left turn when all vehicles from the right pass.,0.3219917118549347,0.014858479611575603,0.39371249079704285,0.054286058992147446,0.6952852010726929,0.002048612106591463,1.0195362567901611,0.002757569309324026,1.7944437265396118,-0.012088319286704063,2.0799646377563477,0.12192066013813019,2.8526382446289062,0.15784962475299835,3.5801658630371094,0.31824949383735657,4.360024452209473,0.4764692485332489,5.0740275382995605,0.8428182005882263,6.2076802253723145,1.3593376874923706,7.365483283996582,1.8548314571380615
53c92676ef334011bd4689494ac11fa0,stay on the right lane when ap[racing the stop sign,1.8710103034973145,-0.07281262427568436,3.606689214706421,-0.22294427454471588,5.572144031524658,-0.6279929876327515,7.369766712188721,-0.9534804224967957,9.250614166259766,-1.3929108381271362,11.202033042907715,-2.050995111465454,12.997454643249512,-2.855708122253418,14.671284675598145,-3.8525257110595703,16.589590072631836,-4.809411525726318,18.196422576904297,-6.175924301147461,19.85968017578125,-7.544233322143555,21.84794807434082,-8.658638954162598
53c92676ef334011bd4689494ac11fa0,"turn right, stop at the stop sign, then continue driving",2.064382553100586,-0.05363867059350014,3.784844160079956,-0.303180992603302,5.652549743652344,-0.6659257411956787,7.39610481262207,-0.9405501484870911,9.083088874816895,-1.4459609985351562,10.695308685302734,-2.009331464767456,12.263510704040527,-2.4853625297546387,13.632119178771973,-3.302933931350708,15.08236312866211,-4.1401543617248535,16.318357467651367,-5.469883441925049,17.617677688598633,-6.727409839630127,18.9732608795166,-7.791137218475342
53c92676ef334011bd4689494ac11fa0,Stop at the stopsign. After a full stop proceed through the intersection.,1.9763283729553223,-0.09202311187982559,3.690903902053833,-0.274738073348999,5.58415412902832,-0.6742217540740967,7.30796480178833,-0.875636100769043,9.051132202148438,-1.3471416234970093,10.609177589416504,-1.8505687713623047,12.207747459411621,-2.291139602661133,13.558581352233887,-2.8937740325927734,15.020084381103516,-3.2756099700927734,16.085847854614258,-4.475013256072998,17.42180824279785,-5.3890461921691895,18.778091430664062,-6.018753528594971
8e1f7ff7dc9940da8eeca3c06ae1aa4d,"turn right here, wait for pedestrian to cross the road and continue straight",1.2713953256607056,0.05824436619877815,2.2502596378326416,-0.11826217919588089,3.3502862453460693,-0.22223028540611267,4.398892402648926,-0.5117717385292053,5.619730472564697,-0.6703871488571167,6.752752304077148,-0.9412616491317749,8.061817169189453,-1.0740978717803955,9.208014488220215,-1.4894980192184448,10.585515022277832,-1.9486804008483887,11.779251098632812,-2.2930848598480225,13.174717903137207,-3.0786895751953125,14.639304161071777,-3.575716495513916
8e1f7ff7dc9940da8eeca3c06ae1aa4d,Drive to the left and wait for the pedestrian to pass before continuing to drive,1.1685082912445068,-0.008846240118145943,2.1461679935455322,-0.10555464774370193,3.1431119441986084,-0.23556004464626312,4.1835713386535645,-0.3672718405723572,5.553555488586426,-0.5640335083007812,6.567844867706299,-0.5992123484611511,7.850574970245361,-0.6719493865966797,9.089587211608887,-0.7324521541595459,10.314543724060059,-0.5950638055801392,11.499236106872559,-0.6062607169151306,12.883955001831055,-0.5310312509536743,14.411322593688965,-0.28289157152175903
8e1f7ff7dc9940da8eeca3c06ae1aa4d,"stop at the zebra crossing wait for the pedestrian to cross, then continue driving",1.2085312604904175,0.026586143299937248,2.098202705383301,-0.13511167466640472,3.2090413570404053,-0.28732967376708984,4.22613000869751,-0.4706047475337982,5.467933654785156,-0.5983852744102478,6.418311595916748,-0.834925651550293,7.640725135803223,-0.9321635961532593,8.746942520141602,-1.234594464302063,9.98601245880127,-1.324111819267273,11.07192325592041,-1.7267768383026123,12.384560585021973,-2.2768733501434326,13.832118034362793,-2.4703903198242188
8e1f7ff7dc9940da8eeca3c06ae1aa4d,turn right wait for incoming pedestrian,1.2069424390792847,0.02629976160824299,2.1883809566497803,-0.09336142987012863,3.295681953430176,-0.1948600858449936,4.4008917808532715,-0.4939896762371063,5.720486164093018,-0.6523987650871277,6.933486461639404,-0.9268572926521301,8.339158058166504,-1.1836638450622559,9.616341590881348,-1.511324167251587,11.147482872009277,-2.0219950675964355,12.452421188354492,-2.3287336826324463,13.947851181030273,-3.0296270847320557,15.58462905883789,-3.4984660148620605
8e1f7ff7dc9940da8eeca3c06ae1aa4d,Stop right before the crosswalk to let the individual pass through. Then proceed forward as normal.,1.2005817890167236,0.023592259734869003,2.093503475189209,-0.13413597643375397,3.203890562057495,-0.28478264808654785,4.2233452796936035,-0.4694153666496277,5.472362041473389,-0.5969995260238647,6.431326866149902,-0.8315833210945129,7.663026809692383,-0.9358927011489868,8.788028717041016,-1.2452301979064941,10.035995483398438,-1.338266372680664,11.136946678161621,-1.7316133975982666,12.462657928466797,-2.277225971221924,13.945749282836914,-2.46610426902771
1959c8f440a340fda3ea2cac0ac528ec,wait  until there are no approaching cars and pedestrians,0.2500494420528412,0.04929971694946289,0.23682452738285065,0.03838291019201279,0.29326075315475464,-0.059681568294763565,0.5068496465682983,-0.10460693389177322,0.5955181121826172,0.06078342720866203,0.8438694477081299,-0.05235797539353371,1.094212293624878,0.013586243614554405,1.3506056070327759,-0.13531245291233063,1.5386861562728882,-0.21557572484016418,1.7537055015563965,-0.34992992877960205,2.3103861808776855,-1.3228023052215576,3.130255699157715,-1.3754431009292603
1959c8f440a340fda3ea2cac0ac528ec,Wait for the cars to merge onto the street before going straight,0.3926132023334503,0.11455091834068298,0.3334926962852478,0.021828297525644302,0.49754253029823303,-0.05064235255122185,0.5130506753921509,-0.018851952627301216,0.6350439786911011,0.06546885520219803,0.6347958445549011,-0.17112895846366882,0.9192256331443787,-0.03598637133836746,0.8473752737045288,-0.028852351009845734,0.986872136592865,-0.02841329388320446,1.1517729759216309,0.11265145987272263,1.5319467782974243,-0.18217259645462036,1.6783896684646606,-0.1765318214893341
1959c8f440a340fda3ea2cac0ac528ec,"wait for all the cars on the left side to pass, then continue driving.",0.19965536892414093,0.033558059483766556,0.20200583338737488,0.044126950204372406,0.4144565761089325,-0.01763206720352173,0.5306974649429321,0.006290266290307045,1.1036930084228516,-0.09463182091712952,1.1681867837905884,0.018385592848062515,1.7066271305084229,-0.09394330531358719,2.263373851776123,-0.07531315833330154,2.8346824645996094,-0.13653962314128876,3.411823272705078,0.21431683003902435,4.47077751159668,0.5040467977523804,5.600132465362549,0.8125861287117004
1959c8f440a340fda3ea2cac0ac528ec,Cross the crosswalk once all cars have merged onto the road,-0.004645499400794506,-0.006314166355878115,0.1324836015701294,0.08738736808300018,0.29611796140670776,-0.04815993458032608,0.6399179697036743,0.017970161512494087,1.1050909757614136,0.09442178159952164,1.5288466215133667,0.06251822412014008,2.0322954654693604,-0.05769139155745506,2.712613821029663,-0.12977714836597443,3.71167254447937,-0.2778324782848358,4.535759449005127,-0.43373197317123413,5.694951057434082,-0.6295945048332214,7.189509391784668,-0.9156040549278259
034256c9639044f98da7562ef3de3646,turn left here and continue,2.8663389682769775,-0.04338603839278221,5.710845470428467,0.01897142082452774,8.607237815856934,0.04144302383065224,11.470160484313965,0.08342742174863815,14.245241165161133,0.22811833024024963,17.200767517089844,0.4302462339401245,20.15622901916504,0.5840229392051697,22.777109146118164,0.8701139688491821,25.449594497680664,1.0928795337677002,28.25551414489746,1.4153205156326294,30.910520553588867,1.8691595792770386,33.51960372924805,2.2909257411956787
034256c9639044f98da7562ef3de3646,Take a left turn and then continue on the road,2.8067409992218018,-0.016651632264256477,5.643866539001465,0.03749356046319008,8.54970932006836,0.06584975123405457,11.447463035583496,0.08198317885398865,14.26683521270752,0.22492805123329163,17.18018913269043,0.3975989520549774,20.149024963378906,0.5371652841567993,22.818912506103516,0.7563973069190979,25.538564682006836,0.9481328129768372,28.256086349487305,1.2778801918029785,31.039020538330078,1.6170521974563599,33.66487121582031,1.9638806581497192
034256c9639044f98da7562ef3de3646,complete the left turn,2.8221018314361572,-0.040666237473487854,5.665572166442871,0.038393355906009674,8.588078498840332,0.048545874655246735,11.477900505065918,0.07841265946626663,14.312131881713867,0.2284708172082901,17.278928756713867,0.4172532260417938,20.319929122924805,0.5557411313056946,22.985218048095703,0.8092280030250549,25.752717971801758,1.0261201858520508,28.556570053100586,1.389986276626587,31.355867385864258,1.7780660390853882,34.0723991394043,2.1691625118255615
034256c9639044f98da7562ef3de3646,turn left,2.8594143390655518,-0.03343477472662926,5.702357292175293,0.020835530012845993,8.594232559204102,0.05019710958003998,11.458112716674805,0.08506384491920471,14.232423782348633,0.22592507302761078,17.159452438354492,0.4209631383419037,20.087318420410156,0.5739567279815674,22.71099853515625,0.847004234790802,25.361846923828125,1.0609383583068848,28.125892639160156,1.3656024932861328,30.769502639770508,1.8024076223373413,33.34758377075195,2.2036001682281494
ae643c14ded14e6ea74f8c8605200ed1,turn left and turn left again at the intersection,3.2582170963287354,0.0030420501716434956,6.225855827331543,0.21307037770748138,9.278193473815918,0.39212581515312195,12.218976974487305,0.8077742457389832,14.930536270141602,1.4762897491455078,17.810436248779297,2.056069850921631,20.762014389038086,2.6663601398468018,23.365079879760742,3.4511845111846924,25.96365737915039,4.246355056762695,28.669700622558594,4.847668170928955,31.350170135498047,5.735568523406982,33.93914031982422,6.426629066467285
ae643c14ded14e6ea74f8c8605200ed1,turn left at the intersection and left again at the next intersection,3.2395517826080322,0.006992976181209087,6.214236259460449,0.21464231610298157,9.268171310424805,0.39645254611968994,12.223764419555664,0.806934118270874,14.93520736694336,1.471081256866455,17.815044403076172,2.0518178939819336,20.766551971435547,2.6606013774871826,23.385210037231445,3.4314868450164795,25.991893768310547,4.221717834472656,28.67938232421875,4.827595233917236,31.370479583740234,5.701098442077637,33.965511322021484,6.384995460510254
ae643c14ded14e6ea74f8c8605200ed1,Turn left and then take the next left,3.2753000259399414,-0.0022680966649204493,6.2379326820373535,0.2110687643289566,9.291746139526367,0.38737753033638,12.222163200378418,0.8074417114257812,14.938272476196289,1.483778715133667,17.83304786682129,2.063202381134033,20.793201446533203,2.676274299621582,23.399959564208984,3.467824697494507,25.999197006225586,4.274193286895752,28.743364334106445,4.873136520385742,31.435007095336914,5.775548934936523,34.03843307495117,6.476775169372559
ae643c14ded14e6ea74f8c8605200ed1,"make a left turn at the intersection, then make another left turn at the next intersection",3.2388150691986084,0.0019060110207647085,6.214406490325928,0.21557392179965973,9.273185729980469,0.38990265130996704,12.232816696166992,0.7985301613807678,14.957439422607422,1.4580767154693604,17.86014175415039,2.0436811447143555,20.832603454589844,2.658071756362915,23.479249954223633,3.4275572299957275,26.112730026245117,4.2198286056518555,28.836336135864258,4.838308811187744,31.577390670776367,5.721263408660889,34.21525573730469,6.420586109161377
ae643c14ded14e6ea74f8c8605200ed1,"turn left, turn left",3.275717258453369,-0.0011684343917295337,6.238132953643799,0.20995916426181793,9.28858470916748,0.38764360547065735,12.215707778930664,0.8077027201652527,14.927061080932617,1.4805998802185059,17.81191635131836,2.0590670108795166,20.763334274291992,2.6706085205078125,23.35630989074707,3.467859983444214,25.948524475097656,4.269845485687256,28.682621002197266,4.864901542663574,31.354673385620117,5.770285606384277,33.943294525146484,6.474118709564209
ae643c14ded14e6ea74f8c8605200ed1,Make a left turn at the intersection,3.2253482341766357,0.008236799389123917,6.2054362297058105,0.2160879224538803,9.262492179870605,0.39809513092041016,12.232417106628418,0.8054707646369934,14.948882102966309,1.468294382095337,17.83684730529785,2.0516130924224854,20.795400619506836,2.658329486846924,23.440216064453125,3.4138705730438232,26.062801361083984,4.206207752227783,28.752748489379883,4.818011283874512,31.469623565673828,5.680153846740723,34.086952209472656,6.360133647918701
ae643c14ded14e6ea74f8c8605200ed1,Make the next left turn possible,3.2484943866729736,0.0020110218320041895,6.21989107131958,0.21543683111667633,9.278006553649902,0.39157453179359436,12.231060028076172,0.8032432198524475,14.950493812561035,1.471832513809204,17.848915100097656,2.054020881652832,20.81670379638672,2.6679112911224365,23.450700759887695,3.4408514499664307,26.068843841552734,4.238591194152832,28.796785354614258,4.850640296936035,31.51854133605957,5.7345757484436035,34.14372253417969,6.42762565612793
9f3c8453d03d4df5946444757376b826,turn right here,4.467101097106934,0.050777535885572433,9.10677719116211,-0.1139560416340828,13.769972801208496,-0.1972324550151825,18.459684371948242,-0.4070096015930176,23.06014633178711,-0.4543119966983795,27.52685546875,-0.5636506676673889,32.07650375366211,-0.6554327011108398,36.61573028564453,-0.8957122564315796,41.00762939453125,-1.0717216730117798,45.18709182739258,-1.493602991104126,49.25566101074219,-1.8581511974334717,53.136905670166016,-2.2870192527770996
9f3c8453d03d4df5946444757376b826,turn right at the intersection,4.4657111167907715,0.04163666442036629,9.110231399536133,-0.11788307875394821,13.771100997924805,-0.19792351126670837,18.475807189941406,-0.40571096539497375,23.09189224243164,-0.44786593317985535,27.56452751159668,-0.5691615343093872,32.139488220214844,-0.6583433747291565,36.69417953491211,-0.8881279826164246,41.13462829589844,-1.1005152463912964,45.354148864746094,-1.526014804840088,49.435665130615234,-1.9186221361160278,53.33409118652344,-2.3759026527404785
9f3c8453d03d4df5946444757376b826,Take a right turn and then continue down the road,4.4591569900512695,0.0061560277827084064,9.121237754821777,-0.13271193206310272,13.770586013793945,-0.18409952521324158,18.53209114074707,-0.396151602268219,23.19065284729004,-0.43829992413520813,27.71346664428711,-0.6094064116477966,32.4097900390625,-0.6967564225196838,37.02275085449219,-0.9143340587615967,41.61366271972656,-1.2641966342926025,46.00822448730469,-1.6980687379837036,50.184364318847656,-2.1445400714874268,54.22169876098633,-2.6842727661132812
9f3c8453d03d4df5946444757376b826,turn right,4.478362560272217,0.05779210478067398,9.111705780029297,-0.1074957400560379,13.776012420654297,-0.1949283927679062,18.46048355102539,-0.40707969665527344,23.042076110839844,-0.4601850211620331,27.50864601135254,-0.5564268231391907,32.04880142211914,-0.6602569222450256,36.56154251098633,-0.9139174222946167,40.91347885131836,-1.0658398866653442,45.06153106689453,-1.469258427619934,49.11287307739258,-1.8084139823913574,52.972904205322266,-2.2069246768951416
e0b14a8e11994763acba690bbcc3f56a,turn right here,1.1541368961334229,0.0084697175770998,2.126877784729004,-0.11153125017881393,3.2245278358459473,-0.26742637157440186,4.256298542022705,-0.5163894891738892,5.440299034118652,-0.8078194260597229,6.600293159484863,-1.069319486618042,7.8959197998046875,-1.4466502666473389,9.053852081298828,-1.8433009386062622,10.56026554107666,-2.4110124111175537,11.868086814880371,-2.9127655029296875,13.204649925231934,-3.640566825866699,14.850281715393066,-4.343930721282959
e0b14a8e11994763acba690bbcc3f56a,Turn to the right and stop at the stop signs,1.2749497890472412,0.056861355900764465,2.2271370887756348,-0.1436411589384079,3.27742600440979,-0.2946537733078003,4.2444844245910645,-0.49854522943496704,5.297408580780029,-0.7776327133178711,6.236316204071045,-1.0372530221939087,7.278621196746826,-1.1108392477035522,8.214827537536621,-1.4624521732330322,9.371376991271973,-1.8514220714569092,10.292027473449707,-2.2995245456695557,11.351187705993652,-2.9597859382629395,12.508652687072754,-3.5534937381744385
e0b14a8e11994763acba690bbcc3f56a,trn right and stop at the intersection,1.2544621229171753,0.05425018444657326,2.2112925052642822,-0.1388629972934723,3.2657830715179443,-0.2879957854747772,4.230160236358643,-0.49511581659317017,5.2988667488098145,-0.7723792195320129,6.245827674865723,-1.0310592651367188,7.30650520324707,-1.1323717832565308,8.249547958374023,-1.4902154207229614,9.423748970031738,-1.8816152811050415,10.377300262451172,-2.318666458129883,11.468252182006836,-2.9768388271331787,12.673460960388184,-3.5578243732452393
e0b14a8e11994763acba690bbcc3f56a,turn right,1.1527690887451172,0.007327956147491932,2.1272099018096924,-0.10743704438209534,3.218424081802368,-0.26590025424957275,4.244414329528809,-0.5069582462310791,5.4324421882629395,-0.7913514375686646,6.579510688781738,-1.0513843297958374,7.873856067657471,-1.4242101907730103,9.022195816040039,-1.8077237606048584,10.50829029083252,-2.3386855125427246,11.802997589111328,-2.8107473850250244,13.14113998413086,-3.5047755241394043,14.780303001403809,-4.157773017883301
e0b14a8e11994763acba690bbcc3f56a,Sop at the stopsign,1.1224913597106934,0.00744666438549757,2.066861391067505,-0.11789929866790771,3.15494966506958,-0.3140462040901184,4.084195613861084,-0.4232315719127655,5.204112529754639,-0.6614251732826233,6.100566387176514,-0.9228385090827942,7.212237358093262,-1.1152558326721191,8.158995628356934,-1.450518250465393,9.360909461975098,-1.6474690437316895,10.328436851501465,-2.051462173461914,11.493218421936035,-2.5272841453552246,12.821137428283691,-2.8723297119140625
e0b14a8e11994763acba690bbcc3f56a,Make a left turn once all cars have passed the intersection,1.1269482374191284,-0.04825804382562637,2.1170008182525635,-0.08073250949382782,3.146317958831787,-0.3159322738647461,4.134049892425537,-0.42031094431877136,5.323155403137207,-0.6544027328491211,6.309311389923096,-0.8012111186981201,7.575018882751465,-1.0339044332504272,8.581546783447266,-1.2727582454681396,9.817707061767578,-1.2970610857009888,11.051955223083496,-1.3748183250427246,12.403298377990723,-1.3628365993499756,13.931448936462402,-1.2490296363830566
b0c4f9a7680142d8add66f69e5f20ecb,turn left at the stop sign continue straight and drive away from the stopped truck and pedestrian,3.666384696960449,0.07235853374004364,7.139982223510742,0.21568840742111206,10.609400749206543,0.36243942379951477,14.20557975769043,0.5097860097885132,17.595943450927734,0.7196977138519287,21.05640411376953,1.1293599605560303,24.578716278076172,1.3509814739227295,28.045427322387695,1.6885979175567627,31.34750747680664,1.9910143613815308,34.55511474609375,2.57424259185791,37.961021423339844,3.0891623497009277,40.96295166015625,3.7329728603363037
b0c4f9a7680142d8add66f69e5f20ecb,turn left at the stop sign,3.7396020889282227,0.0795263797044754,7.196150779724121,0.22572414577007294,10.688800811767578,0.35512593388557434,14.277704238891602,0.5175367593765259,17.639089584350586,0.7762345671653748,21.096662521362305,1.2038770914077759,24.662832260131836,1.404234766960144,28.042741775512695,1.7641873359680176,31.260921478271484,2.1116130352020264,34.48074722290039,2.688368082046509,37.790245056152344,3.257032871246338,40.75074005126953,3.890313148498535
b0c4f9a7680142d8add66f69e5f20ecb,Turn to the left and the continue straight,3.705138683319092,0.07040968537330627,7.178110599517822,0.24012547731399536,10.69083309173584,0.3551330864429474,14.331880569458008,0.5230041742324829,17.74296760559082,0.8033384084701538,21.225872039794922,1.2196816205978394,24.916128158569336,1.42279052734375,28.41609001159668,1.8022382259368896,31.744426727294922,2.149395227432251,35.08674621582031,2.7557857036590576,38.553775787353516,3.342705011367798,41.667701721191406,3.9791040420532227
b0c4f9a7680142d8add66f69e5f20ecb,"turn left, go straight",3.7642507553100586,0.07024078071117401,7.215446472167969,0.23181025683879852,10.726839065551758,0.34154894948005676,14.351441383361816,0.5097718834877014,17.734437942504883,0.8051697015762329,21.20545768737793,1.2267720699310303,24.879377365112305,1.4243355989456177,28.288747787475586,1.8185703754425049,31.564098358154297,2.184905767440796,34.86594009399414,2.789942502975464,38.27381134033203,3.3945584297180176,41.30367660522461,4.054021835327148
b0c4f9a7680142d8add66f69e5f20ecb,turn left,3.7339630126953125,0.0720832496881485,7.196728229522705,0.23757068812847137,10.709993362426758,0.3504292368888855,14.34096622467041,0.5189530849456787,17.73568344116211,0.8070498704910278,21.209564208984375,1.2279372215270996,24.887096405029297,1.4282290935516357,28.33993148803711,1.811617136001587,31.629770278930664,2.170349359512329,34.952640533447266,2.770826816558838,38.37440490722656,3.3668935298919678,41.43212890625,4.016135215759277
8b60e7e47cde43e0a7fbd66d926de14f,turn right at the intersection,2.930821418762207,0.05392591655254364,5.7786993980407715,-0.16990581154823303,8.799076080322266,-0.4158973693847656,11.748845100402832,-0.8338317275047302,14.66274356842041,-1.235660433769226,17.464466094970703,-1.585247278213501,20.250642776489258,-2.1849207878112793,23.034635543823242,-2.8559446334838867,25.89522361755371,-3.5696897506713867,28.46086311340332,-4.453616142272949,30.966604232788086,-5.419643878936768,33.44873809814453,-6.357090473175049
8b60e7e47cde43e0a7fbd66d926de14f,Take a right turn and then stop behind the black car,3.0713272094726562,0.09907630831003189,5.881560325622559,-0.17718203365802765,8.854252815246582,-0.38464590907096863,11.658553123474121,-0.7550933361053467,14.447953224182129,-1.1577870845794678,17.15227508544922,-1.398712396621704,19.714040756225586,-1.6943104267120361,22.270000457763672,-2.25453782081604,24.805116653442383,-2.7201452255249023,27.063373565673828,-3.5014073848724365,29.214336395263672,-4.34067440032959,31.272747039794922,-5.108502388000488
8b60e7e47cde43e0a7fbd66d926de14f,turn right at the intersection and slow to avoid hitting the car in front,2.9660325050354004,0.07468802481889725,5.816140174865723,-0.16800682246685028,8.807877540588379,-0.4054284691810608,11.706914901733398,-0.7940039038658142,14.571488380432129,-1.1980304718017578,17.33733367919922,-1.4879186153411865,20.019493103027344,-1.9927493333816528,22.71771240234375,-2.6311798095703125,25.421796798706055,-3.1946868896484375,27.828815460205078,-4.04222297668457,30.187541961669922,-4.967763423919678,32.53895568847656,-5.81206750869751
8b60e7e47cde43e0a7fbd66d926de14f,turn right,2.9307398796081543,0.05398735776543617,5.7821149826049805,-0.16425932943820953,8.79133129119873,-0.4146105945110321,11.721208572387695,-0.8064848184585571,14.605527877807617,-1.189155101776123,17.39651107788086,-1.5305695533752441,20.16921615600586,-2.1011812686920166,22.914775848388672,-2.7595295906066895,25.70961570739746,-3.350569248199463,28.22469139099121,-4.199650287628174,30.698490142822266,-5.104149341583252,33.15235900878906,-5.967104911804199
8b60e7e47cde43e0a7fbd66d926de14f,Make a right turn at the intersection,2.9351234436035156,0.055311381816864014,5.782804489135742,-0.1699402928352356,8.802541732788086,-0.41485512256622314,11.751989364624023,-0.8360737562179565,14.667344093322754,-1.2428154945373535,17.46917724609375,-1.5880614519119263,20.25218391418457,-2.1891653537750244,23.035114288330078,-2.8604276180267334,25.893037796020508,-3.588932991027832,28.457948684692383,-4.467504978179932,30.954227447509766,-5.442525386810303,33.433834075927734,-6.38560676574707
aee27b55da77468ba444357348f5cf88,follow the road slow down for pedestrians,2.957662343978882,0.004247479140758514,5.933256149291992,-0.008841070346534252,8.846939086914062,-0.009714614599943161,11.842987060546875,-0.14572454988956451,14.695408821105957,-0.24480582773685455,17.60269546508789,-0.18996354937553406,20.59393310546875,-0.33645710349082947,23.521976470947266,-0.4942314922809601,26.60118865966797,-0.6257554292678833,29.474708557128906,-0.8576498031616211,32.34811782836914,-0.9088589549064636,35.29185485839844,-1.2150342464447021
aee27b55da77468ba444357348f5cf88,slow down near the construction zone,3.0804784297943115,0.030230555683374405,6.079661846160889,-0.044924698770046234,8.984498977661133,-0.06428386270999908,11.862237930297852,-0.12919893860816956,14.566328048706055,-0.19249191880226135,17.119892120361328,-0.1682864874601364,19.686677932739258,-0.25862810015678406,22.177757263183594,-0.39192041754722595,24.62018585205078,-0.36636435985565186,26.649412155151367,-0.6233812570571899,28.755525588989258,-0.7017675638198853,30.773975372314453,-0.8774551153182983
aee27b55da77468ba444357348f5cf88,Be cautious of the pedestrians on the road and stay on the left side of the lane,3.1991143226623535,-0.016666993498802185,6.19805383682251,0.013926537707448006,9.164079666137695,-0.06933415681123734,11.934356689453125,-0.08562500029802322,14.636672019958496,-0.025510339066386223,17.10432243347168,0.0708252340555191,19.772005081176758,0.025436194613575935,22.03409767150879,0.12565301358699799,24.35624122619629,0.3717418909072876,26.824146270751953,0.611517071723938,29.119352340698242,0.9012163877487183,31.41514778137207,1.341583490371704
aee27b55da77468ba444357348f5cf88,"Following the vehicle ahead, proceed with caution maintaining a safe distance to avoid hitting the two pedestrians",3.090214729309082,0.027642376720905304,6.086197853088379,-0.04374463111162186,8.988739967346191,-0.0640629306435585,11.863027572631836,-0.12254621088504791,14.567327499389648,-0.1798914223909378,17.104642868041992,-0.1570766121149063,19.66843032836914,-0.24712467193603516,22.16326141357422,-0.37488654255867004,24.574665069580078,-0.3324566185474396,26.620086669921875,-0.5770410895347595,28.726396560668945,-0.6442540287971497,30.712398529052734,-0.7881419062614441
d7bacba9119840f78f3c804134ceece0,follow the car ahead through the roundabout,2.8874356746673584,0.0712280347943306,5.726040363311768,-0.06367436051368713,8.630845069885254,-0.06512769311666489,11.461095809936523,-0.12639141082763672,14.184545516967773,-0.21143557131290436,16.78722381591797,-0.2353641390800476,19.342945098876953,-0.3286486268043518,21.827594757080078,-0.31999704241752625,24.317873001098633,-0.4602225422859192,26.415992736816406,-0.6344940662384033,28.661752700805664,-0.7790502309799194,30.912799835205078,-0.8763349056243896
d7bacba9119840f78f3c804134ceece0,cross the round about,2.756591796875,0.018509896472096443,5.6446027755737305,-0.016692278906702995,8.558892250061035,-0.08014421164989471,11.581175804138184,-0.13320192694664001,14.411775588989258,-0.17397257685661316,17.281261444091797,-0.2839071750640869,20.232595443725586,-0.47165578603744507,23.00456428527832,-0.5901085138320923,25.878339767456055,-0.6988718509674072,28.52783203125,-0.954860270023346,31.349485397338867,-1.1331156492233276,34.15386962890625,-1.379754900932312
d7bacba9119840f78f3c804134ceece0,go straight at the roundabout,2.7567663192749023,0.02139471285045147,5.640228271484375,-0.0233291108161211,8.550262451171875,-0.08141037076711655,11.554555892944336,-0.13413670659065247,14.381807327270508,-0.17094144225120544,17.218059539794922,-0.2805228531360626,20.14120864868164,-0.4472683370113373,22.901960372924805,-0.5551809668540955,25.764619827270508,-0.6487393975257874,28.346010208129883,-0.8983964323997498,31.156475067138672,-1.053276538848877,33.93833541870117,-1.2637522220611572
d7bacba9119840f78f3c804134ceece0,In the roundabout take the second exit,2.7456984519958496,-0.004318325314670801,5.636106491088867,-0.006613345816731453,8.552839279174805,-0.0782763808965683,11.599125862121582,-0.13389484584331512,14.475800514221191,-0.17193736135959625,17.41143226623535,-0.2912912368774414,20.467008590698242,-0.4937162399291992,23.329307556152344,-0.6282463669776917,26.301841735839844,-0.6806317567825317,29.110403060913086,-0.9278535842895508,32.085899353027344,-1.0751252174377441,35.03559112548828,-1.2783088684082031
d6e6f5d622474271b695f4c7f07df7bb,turn right here,1.9867242574691772,0.00042991997906938195,3.869147777557373,-0.19989877939224243,6.010514259338379,-0.4514826238155365,7.926918983459473,-0.7567609548568726,9.979852676391602,-1.2826257944107056,12.04568862915039,-1.7590374946594238,14.102031707763672,-2.3386855125427246,15.87065601348877,-2.9994277954101562,17.74232292175293,-3.816131114959717,19.784807205200195,-4.611642360687256,21.591041564941406,-5.569829940795898,23.449472427368164,-6.654694080352783
d6e6f5d622474271b695f4c7f07df7bb,Take a right and then continue going straight and shift to the opposing lane,1.9779856204986572,-0.002783683594316244,3.859344244003296,-0.19645912945270538,6.0054426193237305,-0.4516909718513489,7.929880142211914,-0.7547951936721802,9.991140365600586,-1.2750462293624878,12.076005935668945,-1.7538645267486572,14.147582054138184,-2.3430464267730713,15.935422897338867,-3.002824544906616,17.82986068725586,-3.8081729412078857,19.897199630737305,-4.61317253112793,21.728605270385742,-5.568787574768066,23.606962203979492,-6.653548240661621
d6e6f5d622474271b695f4c7f07df7bb,turn right at the intersection,1.9878233671188354,-0.0027814002241939306,3.8743879795074463,-0.2079053521156311,6.013891220092773,-0.4541892409324646,7.928136348724365,-0.7863349318504333,9.982718467712402,-1.3167935609817505,12.064876556396484,-1.8151746988296509,14.113931655883789,-2.4097800254821777,15.905380249023438,-3.0956473350524902,17.78881072998047,-3.965081214904785,19.872764587402344,-4.783953666687012,21.66806983947754,-5.7766194343566895,23.542152404785156,-6.909708023071289
d6e6f5d622474271b695f4c7f07df7bb,turn right,1.9926927089691162,0.0030854269862174988,3.8724446296691895,-0.19277559220790863,6.012630939483643,-0.44769951701164246,7.9294657707214355,-0.7345902323722839,9.976186752319336,-1.2560709714889526,12.027806282043457,-1.7115135192871094,14.090410232543945,-2.2857489585876465,15.834975242614746,-2.9244484901428223,17.690170288085938,-3.6966121196746826,19.708127975463867,-4.462041854858398,21.50440788269043,-5.382497787475586,23.346811294555664,-6.412056922912598
d6e6f5d622474271b695f4c7f07df7bb,Make a right turn and go straight,1.9786633253097534,-0.01824238710105419,3.8726487159729004,-0.2198709100484848,6.015437602996826,-0.4642889201641083,7.943828105926514,-0.85118168592453,10.007503509521484,-1.3785849809646606,12.155467987060547,-1.921091079711914,14.214977264404297,-2.5783958435058594,16.09117317199707,-3.2971479892730713,18.02634048461914,-4.279371738433838,20.217069625854492,-5.139524459838867,22.026365280151367,-6.201247215270996,23.967876434326172,-7.429009437561035
d6e6f5d622474271b695f4c7f07df7bb,Turn right,1.9926927089691162,0.003085447009652853,3.8724446296691895,-0.19277559220790863,6.012630939483643,-0.4476996064186096,7.9294657707214355,-0.7345901727676392,9.976186752319336,-1.2560709714889526,12.027806282043457,-1.7115134000778198,14.090410232543945,-2.2857487201690674,15.834975242614746,-2.9244487285614014,17.690170288085938,-3.6966121196746826,19.708127975463867,-4.462041854858398,21.50440788269043,-5.382498741149902,23.346811294555664,-6.412056922912598
3034b3f33e1d49f4a7b6c84bdea57004,merge into the bike lane to let the car behind pass,2.0156593322753906,0.002273540711030364,3.8971078395843506,-0.008436394855380058,5.998798847198486,0.06364510953426361,7.877667427062988,0.07414551079273224,9.716501235961914,0.1284300982952118,11.39509391784668,0.21555516123771667,13.207005500793457,0.2617507874965668,14.846805572509766,0.47141844034194946,16.633926391601562,0.5634872913360596,17.984172821044922,0.6390966773033142,19.519804000854492,0.9251325130462646,21.01155662536621,0.9241071939468384
3034b3f33e1d49f4a7b6c84bdea57004,Move to the curb to allow the gray car to pass and then continue going straight,1.9450691938400269,-0.04870491474866867,3.8546342849731445,0.03195493668317795,5.9346723556518555,0.058085910975933075,7.957881450653076,0.09162856638431549,9.954544067382812,0.198691263794899,11.88026237487793,0.2959122359752655,13.958680152893066,0.2926260232925415,16.100893020629883,0.49286192655563354,18.2877254486084,0.7912942171096802,20.186857223510742,0.9372997283935547,22.33692741394043,1.3817464113235474,24.446327209472656,1.7967249155044556
3034b3f33e1d49f4a7b6c84bdea57004,"enter the bike lane, let teh black car pass, then re-enter the road",1.9191874265670776,-0.06350134313106537,3.872994899749756,0.06208590045571327,5.911955833435059,0.028430122882127762,8.113988876342773,0.06679370999336243,10.248441696166992,0.10588344931602478,12.51162338256836,0.2182624340057373,14.799585342407227,0.04635061323642731,17.35887336730957,0.14399240911006927,19.910465240478516,0.3775763511657715,22.357276916503906,0.37231922149658203,25.012285232543945,0.6453790068626404,27.740863800048828,0.960867166519165
3034b3f33e1d49f4a7b6c84bdea57004,let the car behind you pass in front of you by pulling over to the side and then continuing back on to the road,1.9321759939193726,-0.03407665342092514,3.846832036972046,0.06427907198667526,5.9419403076171875,0.05847475677728653,8.045328140258789,0.08364078402519226,10.10137939453125,0.1301369071006775,12.245600700378418,0.2502279579639435,14.447477340698242,0.14673663675785065,16.660194396972656,0.325070321559906,18.982872009277344,0.47366851568222046,21.049991607666016,0.5891013145446777,23.27869415283203,0.8643381595611572,25.622577667236328,0.9864365458488464
3034b3f33e1d49f4a7b6c84bdea57004,"Briefly go on the right side of the road to let the car behind you pass, then go back into the lane.",2.0663888454437256,0.04492173716425896,3.940777063369751,0.005446329712867737,6.017270088195801,0.058589279651641846,7.905394554138184,0.02881934493780136,9.74447250366211,0.031360823661088943,11.462993621826172,0.136130690574646,13.224247932434082,0.13425599038600922,14.86052131652832,0.3013561964035034,16.487117767333984,0.2087106853723526,17.973560333251953,0.20152059197425842,19.38625717163086,0.28655868768692017,20.85445213317871,0.036538735032081604
3034b3f33e1d49f4a7b6c84bdea57004,"Briefly turn to the right into the bike lane to let the car behind pass, and then merge back into the lane",2.0475363731384277,0.050054654479026794,3.942160129547119,0.02503793127834797,6.062772274017334,0.04302583262324333,7.965240001678467,0.0026979653630405664,9.841379165649414,-0.04664430394768715,11.69334602355957,0.08293730765581131,13.547937393188477,-0.0015917099080979824,15.284148216247559,0.11812137067317963,16.992507934570312,-0.08738885819911957,18.707271575927734,-0.21890051662921906,20.224910736083984,-0.30073368549346924,21.901071548461914,-0.6935455799102783
643ee37539844cb2b0453fd031a3afdd,slow down and stop for pedestrians,3.000391721725464,0.06503643095493317,5.861483097076416,-0.029521681368350983,8.802619934082031,-0.0685902088880539,11.673238754272461,-0.10016623139381409,14.278848648071289,-0.1557251363992691,16.794095993041992,-0.17579784989356995,19.254981994628906,-0.2666146159172058,21.649234771728516,-0.2646862268447876,24.011770248413086,-0.3671649694442749,26.06886863708496,-0.5755481123924255,28.102338790893555,-0.6358627676963806,30.23202896118164,-0.7500415444374084
643ee37539844cb2b0453fd031a3afdd,Stop at the intersection and allow the pedestrian to pass,3.232128381729126,-0.022501839324831963,5.961363792419434,-0.11271081864833832,8.905254364013672,-0.07824394106864929,11.422826766967773,-0.07598037272691727,13.918888092041016,-0.24005372822284698,16.19153594970703,-0.20118726789951324,18.412860870361328,-0.14992059767246246,20.727405548095703,-0.06625311076641083,22.895444869995117,-0.20059020817279816,24.826091766357422,-0.4241791367530823,26.616241455078125,-0.6106282472610474,28.33050537109375,-0.8297510147094727
643ee37539844cb2b0453fd031a3afdd,slow down for the pedestrians,2.804755210876465,-0.06557131558656693,5.818260192871094,-0.047684427350759506,8.612253189086914,-0.12768138945102692,11.822749137878418,-0.1880326122045517,14.735471725463867,-0.13142460584640503,17.90433120727539,-0.1996099352836609,21.137372970581055,-0.4184665381908417,24.468000411987305,-0.6041398644447327,27.768634796142578,-0.5200085043907166,30.85709571838379,-0.5360573530197144,34.26346206665039,-0.576662003993988,37.869083404541016,-0.47295042872428894
643ee37539844cb2b0453fd031a3afdd,Slow down and stop to let the pedestrian and dog cross,2.985964775085449,0.047976698726415634,5.8532938957214355,-0.04241649806499481,8.799626350402832,-0.07142861932516098,11.662609100341797,-0.08875976502895355,14.251283645629883,-0.13429342210292816,16.743318557739258,-0.1622275710105896,19.185075759887695,-0.24070526659488678,21.60447883605957,-0.22513096034526825,23.984785079956055,-0.31171587109565735,25.982791900634766,-0.5230422616004944,28.057491302490234,-0.5412509441375732,30.13949203491211,-0.6230704188346863
70e7d95ee1d1426fa84da44ddbf82d7a,turn right here,0.2894711494445801,0.07227279245853424,0.35686758160591125,0.07257086783647537,0.6249714493751526,0.053813520818948746,0.7300352454185486,-0.06760375946760178,1.1467812061309814,0.016862627118825912,1.4160022735595703,-0.034125976264476776,1.9345569610595703,-0.0585261732339859,2.3320705890655518,-0.1196242943406105,3.2195281982421875,-0.3073332607746124,3.8413848876953125,-0.2809966802597046,4.801931858062744,-0.6184931993484497,6.003818988800049,-0.9474208354949951
70e7d95ee1d1426fa84da44ddbf82d7a,Wait for the light to turn green and then go,0.06016828492283821,-0.0009843080770224333,0.15082292258739471,0.09147803485393524,0.37186306715011597,-0.01472184993326664,0.6048775315284729,0.01239886973053217,1.0448997020721436,0.0922539085149765,1.3541877269744873,0.019919971004128456,1.8865176439285278,-0.05623648315668106,2.4425103664398193,-0.12249856442213058,3.282728433609009,-0.2796917259693146,4.055964946746826,-0.36689943075180054,5.128273963928223,-0.5582723021507263,6.471362113952637,-0.8966513872146606
70e7d95ee1d1426fa84da44ddbf82d7a,move ahead slowly when the signal turns green,0.11145571619272232,0.023237546905875206,0.2158655822277069,0.09786996245384216,0.41505175828933716,-0.013918234035372734,0.6988245844841003,-0.009930967353284359,1.182025671005249,0.08476623892784119,1.518932580947876,0.03029194287955761,2.168522834777832,-0.06524159014225006,2.7009854316711426,-0.13650809228420258,3.7024130821228027,-0.3468050956726074,4.4726386070251465,-0.5036930441856384,5.540806770324707,-0.7215350866317749,6.94108247756958,-1.0993529558181763
70e7d95ee1d1426fa84da44ddbf82d7a,Make a right turn when the stoplight is green,0.3157195746898651,0.08470197021961212,0.3864893317222595,0.07356966286897659,0.6393404603004456,0.06151270866394043,0.7841503620147705,-0.07955504953861237,1.1897176504135132,0.009195355698466301,1.4676830768585205,-0.03051546961069107,2.0097837448120117,-0.06844086945056915,2.391726493835449,-0.13662976026535034,3.3387019634246826,-0.3410671353340149,3.987795829772949,-0.3859723210334778,4.91347074508667,-0.7548599243164062,6.115077018737793,-1.1379674673080444
70e7d95ee1d1426fa84da44ddbf82d7a,Allow for the pedestrians to cross before continuing,-0.006985041778534651,-0.01835007593035698,0.09836547076702118,0.06386454403400421,0.3185722529888153,-0.017815709114074707,0.39209893345832825,0.033515334129333496,0.8091357350349426,0.052400652319192886,0.9354784488677979,-0.036726053804159164,1.2971540689468384,-0.06869827955961227,1.7598258256912231,-0.13970790803432465,2.2619564533233643,-0.2094808667898178,2.974575996398926,-0.11042667925357819,3.9435529708862305,-0.2374984174966812,5.024988174438477,-0.33346936106681824
70e7d95ee1d1426fa84da44ddbf82d7a,Make a right turn when the light turns green.,0.3167181611061096,0.0813007652759552,0.3800778090953827,0.07120862603187561,0.6494652032852173,0.058110032230615616,0.7531946897506714,-0.07223889231681824,1.139488935470581,0.007398816756904125,1.4063661098480225,-0.04410386458039284,1.8988546133041382,-0.05641346424818039,2.2904531955718994,-0.12600919604301453,3.171627998352051,-0.3056676983833313,3.7839174270629883,-0.29044148325920105,4.71646785736084,-0.6423463821411133,5.89600133895874,-0.9741614460945129
b94fbf78579f4ff5ab5dbd897d5e3199,turn left here,1.9966429471969604,-0.04202280193567276,3.9389052391052246,0.034154679626226425,5.953400611877441,0.26347848773002625,7.853754997253418,0.5321187376976013,9.798107147216797,0.8861996531486511,11.814779281616211,1.373781442642212,13.798870086669922,2.0407867431640625,15.571044921875,2.748168706893921,17.44740104675293,3.4812307357788086,19.440038681030273,4.302982330322266,21.32349395751953,5.429590702056885,23.321449279785156,6.460330009460449
b94fbf78579f4ff5ab5dbd897d5e3199,Take a left turn and stop behind the white car,2.0194215774536133,-0.017512645572423935,3.940345287322998,0.002570582088083029,5.903243541717529,0.2901453971862793,7.7710747718811035,0.5432411432266235,9.64063835144043,0.8563579320907593,11.514689445495605,1.3222601413726807,13.388566017150879,2.010047197341919,15.010004997253418,2.687093496322632,16.785266876220703,3.3248414993286133,18.572940826416016,4.125788688659668,20.331539154052734,5.280898094177246,22.057437896728516,6.266955852508545
b94fbf78579f4ff5ab5dbd897d5e3199,turn left and then stop behind the car when it stops,2.0258374214172363,-0.025181032717227936,3.952089548110962,0.003698726650327444,5.917657852172852,0.28421086072921753,7.783505439758301,0.5445474982261658,9.655198097229004,0.8693647980690002,11.546316146850586,1.34014892578125,13.428983688354492,2.037252902984619,15.057499885559082,2.720090627670288,16.837270736694336,3.3770558834075928,18.662073135375977,4.17659854888916,20.427839279174805,5.337623119354248,22.177690505981445,6.3296380043029785
b94fbf78579f4ff5ab5dbd897d5e3199,turn left,1.9808788299560547,-0.03611520677804947,3.9229860305786133,0.035850729793310165,5.94028377532959,0.2686741352081299,7.849645137786865,0.5323468446731567,9.80192756652832,0.8757918477058411,11.81222915649414,1.357875943183899,13.81019115447998,2.0129003524780273,15.599027633666992,2.711934804916382,17.47947120666504,3.4354283809661865,19.4551944732666,4.258906841278076,21.349647521972656,5.35606575012207,23.347881317138672,6.370177745819092
b94fbf78579f4ff5ab5dbd897d5e3199,Make a left turn at the intersection,1.9724818468093872,-0.03197884187102318,3.9129045009613037,0.03639005497097969,5.930778980255127,0.27272289991378784,7.843111991882324,0.5334199666976929,9.797445297241211,0.8675002455711365,11.798480987548828,1.3465626239776611,13.799579620361328,1.9942141771316528,15.592588424682617,2.686448574066162,17.47233772277832,3.4021074771881104,19.428699493408203,4.22849702835083,21.323862075805664,5.3096442222595215,23.306522369384766,6.317298889160156
b94fbf78579f4ff5ab5dbd897d5e3199,Make a left turn after the white car turns. Stop behind the white car that's stopped and unloading pedestrians,2.0109050273895264,-0.02061515673995018,3.936728000640869,0.004515001550316811,5.905817985534668,0.2869218587875366,7.778369426727295,0.5427408814430237,9.664949417114258,0.8507825136184692,11.548379898071289,1.3256200551986694,13.44657039642334,1.997382640838623,15.085107803344727,2.687920093536377,16.88134002685547,3.334669589996338,18.684894561767578,4.147444725036621,20.459720611572266,5.308113098144531,22.204547882080078,6.318360328674316
08be42eb2186411d8e2201225329f1c6,turn left at the end of the road,2.9180073738098145,-0.015400239266455173,5.691239356994629,0.1936115175485611,8.516465187072754,0.2603192627429962,11.305455207824707,0.44192516803741455,13.882224082946777,0.7768747806549072,16.582944869995117,1.1287891864776611,19.37944984436035,1.5156142711639404,21.963579177856445,1.9361478090286255,24.394540786743164,2.465170383453369,26.928882598876953,2.9665091037750244,29.46586036682129,3.706040382385254,31.904293060302734,4.339652061462402
08be42eb2186411d8e2201225329f1c6,"turn left, then stop at the stop sign and then turn right.",2.975468635559082,-0.0046893153339624405,5.731653213500977,0.17495325207710266,8.506026268005371,0.2671544551849365,11.23935317993164,0.4458720088005066,13.77578067779541,0.733597457408905,16.356657028198242,1.1240900754928589,19.025493621826172,1.4944119453430176,21.466331481933594,1.960276484489441,23.766263961791992,2.458486795425415,26.16282844543457,2.913483142852783,28.512052536010742,3.698486566543579,30.75663948059082,4.295666217803955
08be42eb2186411d8e2201225329f1c6,"turn left, turn right",2.927421808242798,-0.02177775837481022,5.703953742980957,0.19434329867362976,8.538276672363281,0.2525944709777832,11.32534408569336,0.44241470098495483,13.912948608398438,0.7895460724830627,16.634042739868164,1.143113613128662,19.453025817871094,1.5292929410934448,22.047374725341797,1.9625225067138672,24.49167823791504,2.5025575160980225,27.06336784362793,3.0139737129211426,29.624391555786133,3.7615127563476562,32.08896255493164,4.414281845092773
08be42eb2186411d8e2201225329f1c6,Make a left turn and go srtaight,2.8837294578552246,-0.010326101444661617,5.659273147583008,0.1956571638584137,8.48831844329834,0.2662973701953888,11.29520034790039,0.43959343433380127,13.874496459960938,0.7716643810272217,16.598947525024414,1.105787992477417,19.409069061279297,1.4860427379608154,22.01917839050293,1.8859946727752686,24.48963737487793,2.3988382816314697,27.029775619506836,2.907572031021118,29.59686279296875,3.617454767227173,32.082157135009766,4.247138023376465
08be42eb2186411d8e2201225329f1c6,Stop at the stopsign and make a right turn,2.8099403381347656,0.11830323189496994,5.604416847229004,0.13673700392246246,8.266647338867188,0.32616132497787476,10.95344352722168,0.4009263813495636,13.448151588439941,0.5804384350776672,15.955671310424805,0.875951886177063,18.25790023803711,1.06937837600708,20.688020706176758,1.3690338134765625,22.879976272583008,1.5223972797393799,25.077829360961914,1.6851016283035278,26.98690414428711,1.9476102590560913,29.04518699645996,1.9241760969161987
08be42eb2186411d8e2201225329f1c6,Make a right turn,2.7526588439941406,0.08596528321504593,5.559194564819336,0.17974784970283508,8.312980651855469,0.32824721932411194,11.107149124145508,0.46538421511650085,13.695054054260254,0.70299232006073,16.4459228515625,0.9482434391975403,18.899051666259766,1.140109658241272,21.520780563354492,1.3996118307113647,23.95545768737793,1.6432950496673584,26.45196533203125,1.8245432376861572,28.79092788696289,1.9986164569854736,31.1341552734375,1.97781240940094
08be42eb2186411d8e2201225329f1c6,"Following the road, turn left and continue until the stop sign. At the stop sign turn right",2.9082112312316895,-0.018454711884260178,5.685437202453613,0.1869802623987198,8.49901008605957,0.2543013393878937,11.282949447631836,0.4284907579421997,13.861276626586914,0.7400407791137695,16.5483341217041,1.0977253913879395,19.326786041259766,1.4770514965057373,21.92048454284668,1.9196141958236694,24.37877655029297,2.4260172843933105,26.878339767456055,2.9316020011901855,29.444353103637695,3.6879141330718994,31.857694625854492,4.364113807678223
66461d94f2e44d39a90843ff2dce11e8,turn right here,3.002268075942993,0.06256189942359924,5.944157123565674,-0.1242707148194313,9.027185440063477,-0.3414294123649597,12.030904769897461,-0.6458525061607361,14.928757667541504,-0.953110933303833,17.8627872467041,-1.194077968597412,20.739835739135742,-1.5925406217575073,23.515676498413086,-2.074704885482788,26.343597412109375,-2.5196125507354736,29.050912857055664,-3.154379367828369,31.592567443847656,-3.8733339309692383,34.166847229003906,-4.570986270904541
66461d94f2e44d39a90843ff2dce11e8,turn right at the intersection and then stop at the intersection behind the car,3.143477201461792,0.10508057475090027,6.0282816886901855,-0.12998919188976288,9.073845863342285,-0.31359830498695374,11.930912017822266,-0.5843902826309204,14.723734855651855,-0.9165639281272888,17.475872039794922,-1.1073349714279175,20.166532516479492,-1.2695432901382446,22.70866584777832,-1.6473910808563232,25.29122543334961,-1.9459432363510132,27.658512115478516,-2.61633563041687,29.78614616394043,-3.224299192428589,32.01332092285156,-3.783173084259033
66461d94f2e44d39a90843ff2dce11e8,turn right,3.0094120502471924,0.061979133635759354,5.950170516967773,-0.11909369379281998,9.029194831848145,-0.3390137255191803,12.026447296142578,-0.6359041929244995,14.913509368896484,-0.9342712759971619,17.843605041503906,-1.1756373643875122,20.709280014038086,-1.5646389722824097,23.46232032775879,-2.0446929931640625,26.256975173950195,-2.449295997619629,28.946165084838867,-3.0597643852233887,31.455461502075195,-3.748422145843506,34.01985168457031,-4.396958351135254
b789de07180846cc972118ee6d1fb027,take a right the end of the road and another right at the intersection,2.505199670791626,0.03873082250356674,4.866938591003418,-0.32865339517593384,7.456264019012451,-0.7730149030685425,9.881087303161621,-1.3775490522384644,12.351552963256836,-2.116497278213501,14.795373916625977,-2.916088104248047,17.251962661743164,-3.767706871032715,19.46519660949707,-4.933120250701904,21.86679458618164,-5.984552383422852,24.09841537475586,-7.3181281089782715,26.312618255615234,-8.814783096313477,28.567089080810547,-10.220515251159668
b789de07180846cc972118ee6d1fb027,turn right and then turn right again at the next intersection,2.4893810749053955,0.016760261729359627,4.845499038696289,-0.3374316394329071,7.4443206787109375,-0.7907171249389648,9.913971900939941,-1.443259596824646,12.427885055541992,-2.202263355255127,14.963749885559082,-3.062356472015381,17.437551498413086,-4.066977024078369,19.782848358154297,-5.248708724975586,22.243568420410156,-6.427609443664551,24.642744064331055,-7.807064533233643,26.911191940307617,-9.344846725463867,29.29894256591797,-10.856618881225586
b789de07180846cc972118ee6d1fb027,"turn right, turn right",2.4650213718414307,-0.001217219396494329,4.837114334106445,-0.3138173520565033,7.41168737411499,-0.7952386140823364,9.895645141601562,-1.3998544216156006,12.381277084350586,-2.134948968887329,14.948246002197266,-3.014993190765381,17.445552825927734,-4.090509414672852,19.747407913208008,-5.28333044052124,22.192323684692383,-6.288755416870117,24.588191986083984,-7.573458194732666,26.908649444580078,-9.004807472229004,29.293058395385742,-10.390901565551758
b789de07180846cc972118ee6d1fb027,Make a right turn,2.49143648147583,0.012173989787697792,4.845944404602051,-0.3432428240776062,7.447098255157471,-0.7941750884056091,9.924036026000977,-1.4624276161193848,12.448227882385254,-2.2287912368774414,14.998332023620605,-3.0962295532226562,17.47303581237793,-4.125129222869873,19.845027923583984,-5.311840534210205,22.31392478942871,-6.528581619262695,24.744401931762695,-7.916720867156982,27.019113540649414,-9.471269607543945,29.428560256958008,-11.010300636291504
b789de07180846cc972118ee6d1fb027,Make another right turn,2.501851797103882,0.018334444612264633,4.856064319610596,-0.34965795278549194,7.458329200744629,-0.7888199687004089,9.926957130432129,-1.4703999757766724,12.449007034301758,-2.2411601543426514,14.98357105255127,-3.0947561264038086,17.44801139831543,-4.089325904846191,19.81245994567871,-5.27260160446167,22.276548385620117,-6.516188621520996,24.688961029052734,-7.904409408569336,26.94278907775879,-9.465872764587402,29.327678680419922,-11.016800880432129
b789de07180846cc972118ee6d1fb027,"Following the road, turn right at the corner. Shortly after turning the corner, turn right",2.5118319988250732,0.040196195244789124,4.8726582527160645,-0.3304261565208435,7.459092140197754,-0.7696348428726196,9.88563346862793,-1.3915610313415527,12.357720375061035,-2.138669490814209,14.811173439025879,-2.938659191131592,17.26702117919922,-3.80456805229187,19.489822387695312,-4.972272872924805,21.886945724487305,-6.056628227233887,24.146249771118164,-7.38780403137207,26.349637985229492,-8.896007537841797,28.607698440551758,-10.318619728088379
19d97841d6f64eba9f6eb9b6e8c257dc,take a right at the stop sign,1.7094604969024658,0.03413676843047142,3.162186861038208,-0.16056516766548157,4.631545066833496,-0.3341502547264099,6.042895317077637,-0.6029914021492004,7.486626148223877,-0.9685312509536743,8.8076171875,-1.2958649396896362,10.140584945678711,-1.7097172737121582,11.391546249389648,-2.162691354751587,12.646113395690918,-2.8972558975219727,13.830132484436035,-3.4542810916900635,15.04533576965332,-4.149308204650879,16.262432098388672,-5.090527057647705
19d97841d6f64eba9f6eb9b6e8c257dc,turn right at the intersection,1.603209137916565,0.012327352538704872,3.064175844192505,-0.13395534455776215,4.630900859832764,-0.3138660788536072,6.095923900604248,-0.6196187138557434,7.6373209953308105,-0.9858013391494751,9.148545265197754,-1.3410670757293701,10.758366584777832,-1.9264417886734009,12.24431037902832,-2.4825804233551025,13.820280075073242,-3.2776858806610107,15.418619155883789,-3.9110331535339355,16.86361312866211,-4.687688827514648,18.471332550048828,-5.692069053649902
19d97841d6f64eba9f6eb9b6e8c257dc,turn right,1.5929630994796753,0.009990804828703403,3.0569567680358887,-0.11451097577810287,4.621255874633789,-0.2978476881980896,6.078783988952637,-0.566036581993103,7.608782768249512,-0.8989801406860352,9.082358360290527,-1.2441527843475342,10.697921752929688,-1.7668280601501465,12.14468765258789,-2.289609909057617,13.694911003112793,-2.9631776809692383,15.265951156616211,-3.5730302333831787,16.695985794067383,-4.222832679748535,18.30385971069336,-5.146041393280029
19d97841d6f64eba9f6eb9b6e8c257dc,Stop at the stopsign.,1.6243470907211304,-0.027228644117712975,3.043703556060791,-0.13163742423057556,4.5661211013793945,-0.3275800049304962,5.971524238586426,-0.444722980260849,7.421207904815674,-0.6970230937004089,8.66250228881836,-0.9620565176010132,10.022581100463867,-1.1787009239196777,11.200897216796875,-1.5516058206558228,12.56231689453125,-1.7754616737365723,13.537433624267578,-2.2904863357543945,14.844594955444336,-2.6399075984954834,16.01547622680664,-3.229796886444092
19d97841d6f64eba9f6eb9b6e8c257dc,Make a right turn,1.6027182340621948,0.013632019981741905,3.0652506351470947,-0.12428431212902069,4.627525329589844,-0.30670368671417236,6.084499835968018,-0.590530514717102,7.615124702453613,-0.942194402217865,9.091200828552246,-1.2899054288864136,10.693805694580078,-1.8382140398025513,12.144097328186035,-2.371443748474121,13.68727970123291,-3.1025285720825195,15.249740600585938,-3.7179083824157715,16.674877166748047,-4.434053897857666,18.262102127075195,-5.406036853790283
19d97841d6f64eba9f6eb9b6e8c257dc,Make a right at the stop sign,1.7008421421051025,0.03543851524591446,3.1574807167053223,-0.15926511585712433,4.635582447052002,-0.3324430286884308,6.049588680267334,-0.6093608140945435,7.5006585121154785,-0.9787330627441406,8.837974548339844,-1.3080220222473145,10.189719200134277,-1.7468355894088745,11.463459968566895,-2.2110865116119385,12.736749649047852,-2.962310314178467,13.954654693603516,-3.5324668884277344,15.180919647216797,-4.245365619659424,16.434040069580078,-5.191359519958496
e02aee6f1fec4d13ad77044466da5fb4,merge one lane over to the right after the intersection,3.6164662837982178,0.08260209858417511,7.1675238609313965,-0.012878092005848885,10.765665054321289,-0.03837551549077034,14.25503158569336,-0.16420729458332062,17.52569580078125,-0.18845297396183014,20.76003646850586,-0.13787849247455597,23.901569366455078,-0.27389124035835266,27.082090377807617,-0.396472305059433,30.08983039855957,-0.4942006468772888,32.91270065307617,-0.8000288605690002,35.57556915283203,-1.030139446258545,38.2606201171875,-1.3251137733459473
e02aee6f1fec4d13ad77044466da5fb4,slide into the right lane and stop at the intersection,3.770434856414795,0.038723770529031754,7.212204933166504,-0.09404007345438004,10.765966415405273,-0.031636592000722885,14.018800735473633,-0.10350370407104492,17.166767120361328,-0.2019348442554474,20.278465270996094,-0.138726145029068,22.991098403930664,-0.14657755196094513,26.024595260620117,-0.23350603878498077,28.66676902770996,-0.21134431660175323,31.203723907470703,-0.39648815989494324,33.517845153808594,-0.6658093929290771,35.78318786621094,-0.8581539392471313
e02aee6f1fec4d13ad77044466da5fb4,"After crossing the intersection, switch into the right lane.",3.5129852294921875,0.0481686070561409,7.0893707275390625,0.013124501332640648,10.69403076171875,-0.019200630486011505,14.315995216369629,-0.1637917160987854,17.71502113342285,-0.16003774106502533,21.115978240966797,-0.15770754218101501,24.685983657836914,-0.28363001346588135,28.05766487121582,-0.5046719908714294,31.505340576171875,-0.689178466796875,34.83313751220703,-0.9438940286636353,38.159732818603516,-1.171846628189087,41.38095474243164,-1.5412003993988037
e02aee6f1fec4d13ad77044466da5fb4,"Passing the light, change one lane to the right",3.5751233100891113,0.07367653399705887,7.127807140350342,0.013441082090139389,10.771531105041504,-0.03388732671737671,14.348479270935059,-0.18128156661987305,17.700355529785156,-0.23643247783184052,21.06797981262207,-0.20927172899246216,24.483591079711914,-0.3760938346385956,27.776155471801758,-0.5919867753982544,31.127328872680664,-0.9420731067657471,34.304908752441406,-1.2582154273986816,37.283565521240234,-1.657417893409729,40.30379867553711,-2.1340599060058594
491322eec05043c9907c59aa35b046ea,turn right here,4.579455375671387,0.07313749194145203,9.115839004516602,-0.03519050404429436,13.69344425201416,-0.06908576935529709,18.296627044677734,-0.24921002984046936,22.68416404724121,-0.19354644417762756,26.971914291381836,-0.10350468754768372,31.442264556884766,-0.12190348654985428,35.74537658691406,-0.19948309659957886,39.88154983520508,-0.22700318694114685,43.856178283691406,-0.4061688780784607,47.53375244140625,-0.494564026594162,51.12527084350586,-0.7245234251022339
5b9c64f03f8b4a4f8189a18d74f866c2,turn left here,2.7647809982299805,0.05434870719909668,5.523667335510254,0.18867340683937073,8.317057609558105,0.37453269958496094,11.257097244262695,0.5744065046310425,13.972494125366211,0.9246876835823059,16.969316482543945,1.4270352125167847,19.88958740234375,1.8718910217285156,22.655324935913086,2.5016088485717773,25.414804458618164,3.115651845932007,28.202960968017578,3.7723169326782227,31.037038803100586,4.53139591217041,33.788333892822266,5.317138671875
5b9c64f03f8b4a4f8189a18d74f866c2,turn left at the intersection,2.7430262565612793,0.06272255629301071,5.507684707641602,0.18090859055519104,8.3115816116333,0.37707364559173584,11.25393009185791,0.5738398432731628,13.989883422851562,0.903003454208374,16.963788986206055,1.3996493816375732,19.884246826171875,1.8321183919906616,22.666175842285156,2.4428911209106445,25.422950744628906,3.0309107303619385,28.194782257080078,3.652439594268799,31.031341552734375,4.3768415451049805,33.781612396240234,5.132713794708252
5b9c64f03f8b4a4f8189a18d74f866c2,turn left,2.7494022846221924,0.05863839387893677,5.512943744659424,0.18491274118423462,8.315299034118652,0.37642669677734375,11.26168155670166,0.5742654204368591,13.994025230407715,0.9103676676750183,16.977521896362305,1.4083360433578491,19.90785026550293,1.84584379196167,22.68946647644043,2.4674794673919678,25.45364761352539,3.0654516220092773,28.236644744873047,3.7012155055999756,31.08065414428711,4.439007759094238,33.843284606933594,5.207030296325684
5b9c64f03f8b4a4f8189a18d74f866c2,Make a left turn and countinue straight,2.7167158126831055,0.06678657978773117,5.48683500289917,0.1729241907596588,8.304819107055664,0.37518200278282166,11.255248069763184,0.5650445222854614,14.01998233795166,0.870516836643219,16.976242065429688,1.3633180856704712,19.913530349731445,1.7723019123077393,22.71690559387207,2.3650643825531006,25.499000549316406,2.927645444869995,28.26568603515625,3.5319466590881348,31.12727928161621,4.226547718048096,33.90074157714844,4.982267379760742
5b9c64f03f8b4a4f8189a18d74f866c2,Make a left turn at the stop sign,2.7750000953674316,0.07324923574924469,5.518682479858398,0.1646874099969864,8.29458999633789,0.3771948516368866,11.179587364196777,0.5734370946884155,13.864203453063965,0.9002888202667236,16.817630767822266,1.404114842414856,19.626522064208984,1.8329188823699951,22.3424072265625,2.4372665882110596,25.023677825927734,2.993626832962036,27.71036720275879,3.6240453720092773,30.446044921875,4.3590803146362305,33.054378509521484,5.135135173797607
d39c6835da754adfa0f75183e685c403,drive around the parked truck and continue straight,2.954137086868286,-0.034556563943624496,6.050386428833008,-0.0246347114443779,9.105692863464355,-0.09554565697908401,12.36280345916748,-0.18375444412231445,15.420673370361328,-0.16170892119407654,18.54319190979004,-0.2286808341741562,21.895933151245117,-0.38860538601875305,25.179636001586914,-0.5070948600769043,28.48573875427246,-0.47008419036865234,31.68490982055664,-0.5917274355888367,35.07414245605469,-0.6832946538925171,38.504371643066406,-0.6321467161178589
d39c6835da754adfa0f75183e685c403,swerve around the parked truck,2.9605824947357178,-0.011823059059679508,6.032167434692383,-0.022381465882062912,9.119156837463379,-0.08998814225196838,12.347840309143066,-0.166558176279068,15.375428199768066,-0.1473817676305771,18.418331146240234,-0.20814596116542816,21.666728973388672,-0.33804386854171753,24.797086715698242,-0.45036351680755615,27.977842330932617,-0.4559980034828186,31.030200958251953,-0.5695685148239136,34.25688171386719,-0.6641349792480469,37.439823150634766,-0.6642928719520569
d39c6835da754adfa0f75183e685c403,go around the vehicle,2.9558427333831787,-0.017903607338666916,6.0399298667907715,-0.01564427837729454,9.119207382202148,-0.08655745536088943,12.36465835571289,-0.16813220083713531,15.409626007080078,-0.15047487616539001,18.502262115478516,-0.20973792672157288,21.809030532836914,-0.35982978343963623,24.958656311035156,-0.47002777457237244,28.20057487487793,-0.4686445891857147,31.276033401489258,-0.570650041103363,34.52308654785156,-0.6719709634780884,37.83145523071289,-0.6663075685501099
d39c6835da754adfa0f75183e685c403,Briefly go onto the left side of the road to avoid the parked vehicle in your lane,3.0789270401000977,-0.03940102830529213,6.178215980529785,-0.005994268227368593,9.301288604736328,-0.09620877355337143,12.370192527770996,-0.13947062194347382,15.333829879760742,-0.08802919834852219,18.378868103027344,-0.10338675230741501,21.574928283691406,-0.15245673060417175,24.408485412597656,-0.06611068546772003,27.25143051147461,0.04749961569905281,30.105796813964844,0.2190278172492981,33.00010299682617,0.36898988485336304,35.958274841308594,0.6679728627204895
d39c6835da754adfa0f75183e685c403,"Continuing straight, go around the unloading truck in the street briefly going in the opposite lane",2.951524019241333,-0.03389473259449005,6.0527472496032715,-0.021026166155934334,9.10689640045166,-0.09366869926452637,12.37513256072998,-0.18246251344680786,15.436116218566895,-0.16347844898700714,18.57801628112793,-0.23127850890159607,21.94862174987793,-0.4008399546146393,25.224571228027344,-0.5174826979637146,28.544208526611328,-0.4828774034976959,31.751117706298828,-0.6065520644187927,35.12396240234375,-0.7030481696128845,38.57356262207031,-0.6687195301055908
30783e1b472a4101b82be19e41636ba2,turn right here,3.0759761333465576,-0.0013293807860463858,6.130881309509277,-0.15702006220817566,9.366722106933594,-0.4381411373615265,12.555034637451172,-0.7938400506973267,15.702324867248535,-1.2087749242782593,18.817279815673828,-1.6356737613677979,21.89199447631836,-2.2409510612487793,24.931501388549805,-2.8248486518859863,27.968650817871094,-3.4815008640289307,30.9228515625,-4.274486064910889,33.74923324584961,-5.148141860961914,36.51910400390625,-6.033942222595215
30783e1b472a4101b82be19e41636ba2,turn right then go straight,3.067654609680176,-0.009983092546463013,6.122328758239746,-0.15732192993164062,9.362086296081543,-0.43945297598838806,12.564943313598633,-0.7945164442062378,15.722418785095215,-1.2002570629119873,18.861242294311523,-1.6486985683441162,21.96215057373047,-2.280543804168701,25.03537368774414,-2.8739302158355713,28.093013763427734,-3.540252685546875,31.08615493774414,-4.334417819976807,33.96642303466797,-5.2011823654174805,36.779052734375,-6.087454795837402
30783e1b472a4101b82be19e41636ba2,turn right,3.0806875228881836,0.0009522403706796467,6.133880615234375,-0.15333189070224762,9.364114761352539,-0.4347977042198181,12.54545783996582,-0.7795858383178711,15.682490348815918,-1.1913939714431763,18.792224884033203,-1.607583999633789,21.87300682067871,-2.21077299118042,24.877275466918945,-2.7965688705444336,27.8914794921875,-3.4148619174957275,30.82954216003418,-4.181297302246094,33.63271713256836,-5.034935474395752,36.38694381713867,-5.881453514099121
30783e1b472a4101b82be19e41636ba2,Make a right turn into the middle lane,3.073829412460327,-0.018094325438141823,6.135094165802002,-0.17068709433078766,9.382262229919434,-0.44310262799263,12.597132682800293,-0.8474836349487305,15.777247428894043,-1.2794667482376099,18.899564743041992,-1.731373906135559,22.00202178955078,-2.381716251373291,25.120838165283203,-2.973165988922119,28.207643508911133,-3.776949167251587,31.26412010192871,-4.5881123542785645,34.13637924194336,-5.530900955200195,36.93202590942383,-6.523160934448242
30783e1b472a4101b82be19e41636ba2,Turn right at the light,3.075083017349243,-0.006911948323249817,6.1316704750061035,-0.16107811033725739,9.373836517333984,-0.43932539224624634,12.574681282043457,-0.8201668858528137,15.737217903137207,-1.2430541515350342,18.85781478881836,-1.6803622245788574,21.941415786743164,-2.311042070388794,25.02476692199707,-2.898348808288574,28.085460662841797,-3.6254935264587402,31.08595085144043,-4.430217266082764,33.93441390991211,-5.33453893661499,36.717628479003906,-6.275329113006592
2dc89e0f9c6c4dbab908d341fab020c6,turn left here,2.4178435802459717,-0.032621078193187714,4.748328685760498,0.0694255456328392,7.082929611206055,0.05531095713376999,9.315902709960938,0.0899958685040474,11.52280330657959,0.2293662428855896,13.79769515991211,0.4638518691062927,16.04058074951172,0.550521731376648,18.131486892700195,0.8991210460662842,20.086149215698242,1.222002387046814,22.246355056762695,1.5156707763671875,24.232799530029297,2.065286159515381,26.36312484741211,2.5014050006866455
2dc89e0f9c6c4dbab908d341fab020c6,Take a left turn and then continue down the road,2.3536767959594727,-0.010011572390794754,4.655282020568848,0.07991842180490494,7.027557849884033,0.0708218589425087,9.31749153137207,0.10191576927900314,11.556123733520508,0.19521397352218628,13.815418243408203,0.38189616799354553,16.141155242919922,0.42008787393569946,18.301525115966797,0.6913779973983765,20.356266021728516,0.943985104560852,22.430702209472656,1.2092115879058838,24.51377296447754,1.6073588132858276,26.678937911987305,1.9622527360916138
2dc89e0f9c6c4dbab908d341fab020c6,cmplete the left turn,2.4092531204223633,-0.02939605712890625,4.7382001876831055,0.07266144454479218,7.078758239746094,0.05794147029519081,9.318553924560547,0.09203159064054489,11.529480934143066,0.2271980196237564,13.803460121154785,0.45646932721138,16.060510635375977,0.5379585027694702,18.161794662475586,0.8754391074180603,20.122175216674805,1.1965447664260864,22.276826858520508,1.4858405590057373,24.271724700927734,2.017237901687622,26.408199310302734,2.441643238067627
2dc89e0f9c6c4dbab908d341fab020c6,Make a left turn,2.404186248779297,-0.02281990274786949,4.726867198944092,0.07133552432060242,7.065460681915283,0.0650559589266777,9.30869197845459,0.09469270706176758,11.511033058166504,0.22281646728515625,13.758585929870605,0.44487717747688293,15.996423721313477,0.5180730223655701,18.088163375854492,0.8477879166603088,20.035890579223633,1.151723027229309,22.14206886291504,1.4251196384429932,24.125,1.9443817138671875,26.231182098388672,2.3580679893493652
599c50b42e294116bd702c9e5cc830a3,stay in the left lane while approaching the roundabout,2.668212413787842,-0.010881881229579449,5.311678886413574,-0.17913518846035004,7.958983898162842,-0.3252144455909729,10.540528297424316,-0.5527697801589966,13.15149974822998,-0.9106805324554443,15.568474769592285,-1.2897746562957764,18.223873138427734,-1.7315566539764404,20.514869689941406,-2.1126866340637207,22.95497703552246,-2.463043451309204,25.17818260192871,-3.1172752380371094,27.410093307495117,-3.478991985321045,29.84119415283203,-3.910806894302368
09f67057dd8346388b28f79d9bb1cf04,continue on this road,2.2925398349761963,-0.04512208700180054,4.630327224731445,-0.14495989680290222,7.156948566436768,-0.42914435267448425,9.660673141479492,-0.5724281072616577,12.172147750854492,-0.8653109073638916,14.904294967651367,-1.3537826538085938,17.36592674255371,-1.868408441543579,19.709056854248047,-2.5342535972595215,22.329669952392578,-3.0188047885894775,24.77726173400879,-3.951817512512207,27.400035858154297,-4.9067230224609375,30.013874053955078,-5.735480308532715
09f67057dd8346388b28f79d9bb1cf04,Shift to the right lane,2.305665969848633,-0.04031893238425255,4.638919830322266,-0.14357171952724457,7.170251846313477,-0.418996125459671,9.698387145996094,-0.5974712371826172,12.204493522644043,-0.9123968482017517,14.964540481567383,-1.4188910722732544,17.44020652770996,-1.9914376735687256,19.821290969848633,-2.704981803894043,22.410940170288086,-3.292022705078125,24.957672119140625,-4.238131999969482,27.552410125732422,-5.279694080352783,30.14291000366211,-6.214184761047363
09f67057dd8346388b28f79d9bb1cf04,Make a right turn,2.391129970550537,-0.011085604317486286,4.761944770812988,-0.17788814008235931,7.220193862915039,-0.4124482572078705,9.62220573425293,-0.6110938787460327,12.043181419372559,-1.0048331022262573,14.520879745483398,-1.3743913173675537,16.874874114990234,-1.7599918842315674,18.96368980407715,-2.332946300506592,21.319276809692383,-3.075380563735962,23.503944396972656,-3.899034261703491,25.72333526611328,-4.916234493255615,27.935407638549805,-5.911326885223389
3032b651c72e4b5c86d4dea1b4930689,turn left at the intersection,2.752718448638916,-0.014390181750059128,5.539914608001709,0.08727072924375534,8.303092956542969,0.24588190019130707,11.066543579101562,0.41997912526130676,13.720314979553223,0.6530736088752747,16.59745979309082,0.9969035387039185,19.415485382080078,1.3706754446029663,21.918399810791016,1.8113000392913818,24.561378479003906,2.2902793884277344,27.194486618041992,2.846543312072754,29.817167282104492,3.516268253326416,32.35783767700195,4.1373186111450195
3032b651c72e4b5c86d4dea1b4930689,take a left turn,2.7580080032348633,-0.016575079411268234,5.543923377990723,0.0843074843287468,8.301461219787598,0.24489985406398773,11.062581062316895,0.41733571887016296,13.708502769470215,0.6529017686843872,16.58798599243164,0.9941307306289673,19.398298263549805,1.3690433502197266,21.892555236816406,1.8199810981750488,24.531421661376953,2.2986109256744385,27.16719627380371,2.8576138019561768,29.78163719177246,3.5479683876037598,32.30891799926758,4.194750785827637
3032b651c72e4b5c86d4dea1b4930689,Make a left turn,2.7559213638305664,-0.016131160780787468,5.542287349700928,0.08552007377147675,8.301871299743652,0.24495075643062592,11.064051628112793,0.4178609848022461,13.713214874267578,0.6524468660354614,16.59267234802246,0.9946606755256653,19.406999588012695,1.3695584535598755,21.904693603515625,1.8177893161773682,24.546405792236328,2.296653985977173,27.18334197998047,2.8563075065612793,29.802370071411133,3.5407092571258545,32.337005615234375,4.182429790496826
3032b651c72e4b5c86d4dea1b4930689,Allow the oncoming vehicle to pass before taking a left turn,2.832068920135498,0.011789350770413876,5.582551002502441,0.043744463473558426,8.296560287475586,0.27219629287719727,11.001018524169922,0.41791361570358276,13.514143943786621,0.6490782499313354,16.293140411376953,0.9651163816452026,18.900814056396484,1.313125491142273,21.269702911376953,1.7537931203842163,23.727134704589844,2.141397714614868,26.186359405517578,2.6014645099639893,28.56777000427246,3.3329272270202637,30.73725128173828,3.939006805419922
d9161e521b1644cea4cb9e3f21ef9f79,turn left here,0.33314892649650574,-0.02748592011630535,0.4921065866947174,0.0663614347577095,0.8722501993179321,-0.009152545593678951,1.3361579179763794,0.022548364475369453,2.2403910160064697,0.03083866462111473,2.6585493087768555,0.30181884765625,3.5901618003845215,0.37890589237213135,4.328569412231445,0.5675162076950073,5.212484359741211,0.7253227829933167,5.953118324279785,1.0628602504730225,7.20365571975708,1.5574495792388916,8.514932632446289,1.9757461547851562
d9161e521b1644cea4cb9e3f21ef9f79,take left and merge onto the left lane,0.29653313755989075,-0.028666963800787926,0.46475622057914734,0.06075539067387581,0.8526270985603333,-0.005579620599746704,1.3340342044830322,0.013712034560739994,2.195882797241211,0.011922680772840977,2.650310754776001,0.26468461751937866,3.5516340732574463,0.31578919291496277,4.299560546875,0.48131030797958374,5.183880805969238,0.5576692223548889,5.9734721183776855,0.8733434677124023,7.201041221618652,1.2617723941802979,8.561814308166504,1.6265085935592651
d9161e521b1644cea4cb9e3f21ef9f79,Make the left turn once all cars from the right have passed,0.37104231119155884,0.06408080458641052,0.5204418897628784,0.03008456900715828,0.8813742995262146,0.031133385375142097,1.149033784866333,0.06091314181685448,1.9035565853118896,0.07055027037858963,2.2088398933410645,0.2555847764015198,2.868164539337158,0.3210357427597046,3.5459682941436768,0.46838605403900146,4.211296558380127,0.604423463344574,4.9147233963012695,0.9854183197021484,5.959875106811523,1.3925868272781372,7.058472633361816,1.8102226257324219
d9161e521b1644cea4cb9e3f21ef9f79,Make a left turn when they're no oncoming vehicles,0.37337976694107056,0.01380490604788065,0.5140724778175354,0.05056066811084747,0.8635694980621338,0.02234148606657982,1.2363046407699585,0.04540450870990753,2.0793874263763428,0.07367803156375885,2.4369184970855713,0.30529963970184326,3.252446174621582,0.36262246966362,3.9761393070220947,0.5576951503753662,4.758585453033447,0.72197026014328,5.474080562591553,1.1391921043395996,6.6364521980285645,1.660862684249878,7.854525566101074,2.15828800201416
f634de95cc7043b8b38ceaac67d472cf,follow the car a head into the right turn lane,2.727489471435547,0.0768154114484787,5.384696960449219,-0.04068184271454811,8.090682983398438,-0.09397264569997787,10.837759017944336,-0.18878211081027985,13.465789794921875,-0.3071928024291992,15.972583770751953,-0.3171272873878479,18.459131240844727,-0.5358055830001831,20.97006607055664,-0.6014781594276428,23.386348724365234,-0.7865339517593384,25.678823471069336,-1.1413617134094238,27.943391799926758,-1.4221738576889038,30.02695083618164,-1.855987310409546
2175d0e84f224ea69907e5c338bde395,follow the car ahead and turn right into the connecting road,1.9660143852233887,0.026360759511590004,3.845463752746582,-0.15395896136760712,5.9866557121276855,-0.3569898009300232,8.118927955627441,-0.7401335835456848,10.307790756225586,-1.1651768684387207,12.488733291625977,-1.6355202198028564,14.679889678955078,-2.1967649459838867,16.872432708740234,-2.7373404502868652,19.13068389892578,-3.491508960723877,21.28919792175293,-4.110578536987305,23.485464096069336,-5.01046085357666,25.66756248474121,-5.932347297668457
2175d0e84f224ea69907e5c338bde395,take a right a turn and follow the gray car,1.9668278694152832,0.031188368797302246,3.843205451965332,-0.14954622089862823,5.982357501983643,-0.34932848811149597,8.108217239379883,-0.7256019115447998,10.291563034057617,-1.1462733745574951,12.475677490234375,-1.6039035320281982,14.663055419921875,-2.1578030586242676,16.830942153930664,-2.689931631088257,19.084543228149414,-3.4155819416046143,21.218578338623047,-4.0109052658081055,23.403635025024414,-4.8868021965026855,25.593223571777344,-5.783487796783447
2175d0e84f224ea69907e5c338bde395,Make the right turn,1.9679993391036987,0.014536002650856972,3.8544821739196777,-0.1575724482536316,5.9911370277404785,-0.3632265329360962,8.153108596801758,-0.7694769501686096,10.357831954956055,-1.1981375217437744,12.568653106689453,-1.699432611465454,14.786409378051758,-2.3075194358825684,17.014284133911133,-2.8552563190460205,19.305625915527344,-3.6737871170043945,21.52569580078125,-4.322633743286133,23.731082916259766,-5.255144119262695,25.936960220336914,-6.219099998474121
2175d0e84f224ea69907e5c338bde395,Follow the vehicle directly ahead,1.865813970565796,-0.041247423738241196,3.7209930419921875,-0.1458764672279358,5.8894829750061035,-0.3811490833759308,8.05383586883545,-0.6557732820510864,10.352289199829102,-1.005128026008606,12.613290786743164,-1.4722346067428589,14.921321868896484,-2.06720232963562,17.18885040283203,-2.5081167221069336,19.587020874023438,-2.8874857425689697,21.802091598510742,-3.5031816959381104,24.33942985534668,-4.115463733673096,26.808712005615234,-4.724104881286621
f97bf749746c4c3a8ad9f1c11eab6444,turn right into the connecting road,1.898091435432434,0.005459075793623924,3.6341044902801514,-0.1301935762166977,5.39350700378418,-0.2365465760231018,7.263026237487793,-0.6417149901390076,9.166034698486328,-0.9126163721084595,10.986391067504883,-1.2176162004470825,13.013591766357422,-1.6653506755828857,15.016688346862793,-2.0443685054779053,17.153928756713867,-2.6057658195495605,19.390987396240234,-2.962665319442749,21.32741928100586,-3.646298408508301,23.409982681274414,-4.482615947723389
f97bf749746c4c3a8ad9f1c11eab6444,stop right before the right turn and wait for the biker to pass and then take the right turn,2.0443358421325684,0.07617300748825073,3.733062267303467,-0.1272972673177719,5.40527868270874,-0.2536611557006836,7.097635746002197,-0.5568532943725586,8.855416297912598,-0.7704610228538513,10.485245704650879,-1.0595372915267944,12.192286491394043,-1.3031634092330933,13.909937858581543,-1.661588430404663,15.602422714233398,-2.037750482559204,17.397518157958984,-2.370539426803589,19.017086029052734,-2.9103341102600098,20.61561393737793,-3.5672624111175537
f97bf749746c4c3a8ad9f1c11eab6444,Make the right turn only once all oncoming cars have passed,2.111828088760376,0.07574649900197983,3.7636942863464355,-0.15985141694545746,5.439263343811035,-0.29578253626823425,7.110728740692139,-0.5910637974739075,8.816046714782715,-0.8175114393234253,10.42622184753418,-1.111479640007019,12.059799194335938,-1.2739630937576294,13.709196090698242,-1.6160215139389038,15.346186637878418,-2.024327278137207,16.982526779174805,-2.3445255756378174,18.481645584106445,-2.9784035682678223,19.96401596069336,-3.7104291915893555
f97bf749746c4c3a8ad9f1c11eab6444,Allow the oncoming vehicle to pass and then make a right,2.1092634201049805,0.08521732687950134,3.776447296142578,-0.1427486687898636,5.445061683654785,-0.2715146541595459,7.1163859367370605,-0.5722655653953552,8.838591575622559,-0.7970021963119507,10.434391021728516,-1.0916330814361572,12.090195655822754,-1.2595889568328857,13.731278419494629,-1.5973390340805054,15.386690139770508,-1.9915376901626587,17.03908348083496,-2.28456974029541,18.58789825439453,-2.8659517765045166,20.106779098510742,-3.5477805137634277
6498fce2f38645fc9bf9d4464b159230,turn left at the signal,0.7317736148834229,0.013562028296291828,1.3284642696380615,0.0698419138789177,2.114541530609131,0.03886639326810837,2.99462890625,0.058011677116155624,4.181576728820801,0.07120700925588608,5.050739765167236,0.25593769550323486,6.3398919105529785,0.30207833647727966,7.385077953338623,0.4480611979961395,8.585680961608887,0.5220280289649963,9.652283668518066,0.877422571182251,11.307300567626953,1.2553461790084839,12.868849754333496,1.6302469968795776
6498fce2f38645fc9bf9d4464b159230,Take a left turn at the intersection,0.7171697020530701,0.00492149917408824,1.3224155902862549,0.07209206372499466,2.118846893310547,0.031270842999219894,3.0180745124816895,0.04845285788178444,4.218738555908203,0.05639386549592018,5.102508068084717,0.2385546863079071,6.4064130783081055,0.27578970789909363,7.458888053894043,0.4260999858379364,8.67569637298584,0.4798063039779663,9.778139114379883,0.8190280199050903,11.438570022583008,1.1826903820037842,13.0350341796875,1.535494327545166
6498fce2f38645fc9bf9d4464b159230,Make the left turn at the intersection,0.7130408883094788,0.0022318472620099783,1.3210852146148682,0.07310587912797928,2.1216630935668945,0.028856055811047554,3.0271646976470947,0.04422998055815697,4.236900329589844,0.04992178827524185,5.122657299041748,0.2277054786682129,6.434841632843018,0.2619181275367737,7.481442928314209,0.41171371936798096,8.709320068359375,0.4565213918685913,9.822751998901367,0.7788986563682556,11.478090286254883,1.1291944980621338,13.081048011779785,1.4506949186325073
6498fce2f38645fc9bf9d4464b159230,Take a left at the light,0.7414550185203552,-0.004247173201292753,1.3269213438034058,0.08174967765808105,2.128641366958618,0.028206689283251762,3.0263454914093018,0.05918300151824951,4.258795261383057,0.0701071098446846,5.1446051597595215,0.2905866801738739,6.49025297164917,0.3769758641719818,7.550598621368408,0.521818995475769,8.799272537231445,0.6643730401992798,9.831805229187012,1.0036296844482422,11.539569854736328,1.4856408834457397,13.13277816772461,1.9277011156082153
980ddcb62e294608bd4235b0dfd517f4,turn left at the end of the road and turn left again into the first connecting road,2.5290186405181885,0.026480628177523613,5.032913684844971,0.15503524243831635,7.5582780838012695,0.3342641592025757,10.034464836120605,0.46450474858283997,12.455755233764648,0.7583268880844116,14.917278289794922,1.1685420274734497,17.476545333862305,1.5775001049041748,19.789493560791016,2.0228304862976074,22.20890998840332,2.6066932678222656,24.689842224121094,3.2701594829559326,27.095571517944336,4.034780025482178,29.64897918701172,4.899776458740234
980ddcb62e294608bd4235b0dfd517f4,Take a left turn and the take another left turn,2.5484776496887207,0.016775039955973625,5.053891181945801,0.16173511743545532,7.586892127990723,0.33399394154548645,10.068558692932129,0.4568251073360443,12.495970726013184,0.7675308585166931,14.993605613708496,1.1848698854446411,17.59473419189453,1.6084215641021729,19.94413948059082,2.089381217956543,22.403934478759766,2.701213836669922,24.96522331237793,3.3945043087005615,27.41427993774414,4.197785377502441,30.04035758972168,5.083798885345459
980ddcb62e294608bd4235b0dfd517f4,Make a left turn,2.5297293663024902,0.020154377445578575,5.036770343780518,0.1626473218202591,7.574216842651367,0.3343461751937866,10.056889533996582,0.4637548327445984,12.494629859924316,0.7633310556411743,14.978690147399902,1.1780952215194702,17.575178146362305,1.5916155576705933,19.926048278808594,2.05572772026062,22.378358840942383,2.663203239440918,24.923017501831055,3.340404510498047,27.372020721435547,4.118146896362305,29.991239547729492,4.987288475036621
980ddcb62e294608bd4235b0dfd517f4,Make the next left turn,2.522580623626709,0.014946596696972847,5.031627178192139,0.16975031793117523,7.584027290344238,0.3352758288383484,10.07109260559082,0.4683270752429962,12.536417961120605,0.7643517851829529,15.03390121459961,1.1852056980133057,17.668163299560547,1.592902421951294,20.05402946472168,2.0690770149230957,22.54309844970703,2.6949210166931152,25.126558303833008,3.3736648559570312,27.621389389038086,4.1435370445251465,30.289276123046875,4.996538162231445
980ddcb62e294608bd4235b0dfd517f4,Make a left turn and after continuing straight for a bit make another left turn,2.5335583686828613,0.017023490741848946,5.0406365394592285,0.16067466139793396,7.57549524307251,0.33250582218170166,10.056880950927734,0.4593955874443054,12.492915153503418,0.7578748464584351,14.981487274169922,1.1741451025009155,17.58159637451172,1.5893677473068237,19.929656982421875,2.0615041255950928,22.390291213989258,2.668196439743042,24.936214447021484,3.355299711227417,27.387081146240234,4.143866062164307,30.006746292114258,5.029062747955322
cfa36eca40364e5bb15f550a077a21c5,when there are no approaching cars turn right,2.9712252616882324,0.015109230764210224,5.956968307495117,-0.1680397093296051,9.03600788116455,-0.36609867215156555,12.140302658081055,-0.6708695292472839,15.16734504699707,-0.8559733033180237,18.160324096679688,-1.1330735683441162,21.138803482055664,-1.4890882968902588,24.138328552246094,-1.7745206356048584,27.022520065307617,-2.2205076217651367,29.896467208862305,-2.665623664855957,32.66895294189453,-3.2402405738830566,35.44471740722656,-3.914163827896118
cfa36eca40364e5bb15f550a077a21c5,Take a right turn,2.9094367027282715,-0.023013073951005936,5.940179824829102,-0.14929650723934174,9.044801712036133,-0.3564796447753906,12.26170539855957,-0.6598870158195496,15.410231590270996,-0.7878605723381042,18.43254852294922,-1.134277582168579,21.598867416381836,-1.5961718559265137,24.71129608154297,-1.8825187683105469,27.783748626708984,-2.3414306640625,30.805837631225586,-2.8200137615203857,33.7709846496582,-3.3885433673858643,36.69850158691406,-4.089785575866699
cfa36eca40364e5bb15f550a077a21c5,Complete the right turn after all cars have passed,2.980215549468994,0.04944001883268356,5.913999080657959,-0.17947547137737274,8.985904693603516,-0.38716474175453186,11.979865074157715,-0.6478099822998047,14.88210391998291,-0.850567102432251,17.847827911376953,-1.0925012826919556,20.628324508666992,-1.309686541557312,23.524118423461914,-1.572015643119812,26.31682586669922,-1.8924524784088135,29.017881393432617,-2.356590986251831,31.67195701599121,-2.89945387840271,34.33669662475586,-3.4977023601531982
cfa36eca40364e5bb15f550a077a21c5,Make a right turn at the light when it's safe to do so,2.9076080322265625,-0.03598904237151146,5.943371772766113,-0.1602357178926468,9.046012878417969,-0.36448097229003906,12.282980918884277,-0.6761688590049744,15.434757232666016,-0.795913577079773,18.452192306518555,-1.1569676399230957,21.631000518798828,-1.6118730306625366,24.7572021484375,-1.897337555885315,27.860910415649414,-2.3753533363342285,30.926210403442383,-2.890033483505249,33.88515853881836,-3.4819936752319336,36.84105682373047,-4.222143173217773
c5b36e5275cc4a2285d095e87347c49a,turn right at the signal and merge into the left most lane,2.407525062561035,0.001158021972514689,4.897333145141602,-0.17671068012714386,7.57132625579834,-0.380952388048172,10.238321304321289,-0.7085915803909302,13.085535049438477,-1.0023316144943237,15.771653175354004,-1.3932679891586304,18.63044548034668,-1.9109841585159302,21.351806640625,-2.5009121894836426,24.21050262451172,-3.2112698554992676,26.92306900024414,-3.914882183074951,29.606868743896484,-4.8633503913879395,32.091087341308594,-5.794195175170898
c5b36e5275cc4a2285d095e87347c49a,"turn right, switch lanes to the right",2.4184417724609375,0.025489449501037598,4.896382808685303,-0.16814354062080383,7.570988655090332,-0.3724174499511719,10.187164306640625,-0.6844127178192139,12.996026992797852,-0.9849717617034912,15.646652221679688,-1.3238786458969116,18.4532413482666,-1.7561523914337158,21.10028839111328,-2.3150670528411865,23.894193649291992,-2.940171718597412,26.484821319580078,-3.6065900325775146,29.11011505126953,-4.515259742736816,31.530261993408203,-5.3800764083862305
c5b36e5275cc4a2285d095e87347c49a,Make a right turn,2.4098269939422607,0.01140831783413887,4.89654016494751,-0.1696273237466812,7.5664801597595215,-0.3738212585449219,10.209527015686035,-0.6928473711013794,13.041566848754883,-0.9830450415611267,15.715375900268555,-1.3492120504379272,18.558238983154297,-1.828458309173584,21.239931106567383,-2.3984782695770264,24.068115234375,-3.0587728023529053,26.731168746948242,-3.7250776290893555,29.391094207763672,-4.651647090911865,31.856264114379883,-5.547932147979736
65cfdc10a42e499ea704c617e077afe0,turn left into the intersection,1.8778373003005981,-0.04368358477950096,3.644134521484375,0.05388866364955902,5.522382736206055,0.051910147070884705,7.24540376663208,0.14242984354496002,8.917539596557617,0.40952566266059875,10.529272079467773,0.6861230134963989,12.278254508972168,1.0041382312774658,13.941164016723633,1.5100585222244263,15.516459465026855,2.0640852451324463,17.307483673095703,2.505817174911499,18.836227416992188,3.3435816764831543,20.751270294189453,4.0950727462768555
65cfdc10a42e499ea704c617e077afe0,turn left at the intersection,1.8847389221191406,-0.04371759667992592,3.64656662940979,0.04942811280488968,5.5161213874816895,0.051568809896707535,7.232025623321533,0.14331629872322083,8.898003578186035,0.41234052181243896,10.485335350036621,0.6876329183578491,12.213761329650879,1.0107451677322388,13.843385696411133,1.5238192081451416,15.398736000061035,2.07441782951355,17.151103973388672,2.5241434574127197,18.653804779052734,3.3734354972839355,20.52872657775879,4.136749267578125
65cfdc10a42e499ea704c617e077afe0,turn left,1.8883185386657715,-0.04739542305469513,3.6548006534576416,0.049133505672216415,5.529523849487305,0.050941966474056244,7.239349365234375,0.14154431223869324,8.914801597595215,0.41957345604896545,10.51478385925293,0.6975087523460388,12.249161720275879,1.0234686136245728,13.894309043884277,1.5471686124801636,15.45589828491211,2.1057991981506348,17.244264602661133,2.562265157699585,18.765581130981445,3.4243147373199463,20.666542053222656,4.210183143615723
65cfdc10a42e499ea704c617e077afe0,Make a left turn once all of the pedestrians have crossed the crosswalk,1.8839912414550781,-0.04115384444594383,3.636715888977051,0.04307595267891884,5.484530448913574,0.05019330233335495,7.202086448669434,0.1469375342130661,8.856242179870605,0.4016544222831726,10.400930404663086,0.6753010153770447,12.091913223266602,0.9848646521568298,13.670084953308105,1.5119569301605225,15.209741592407227,2.032785177230835,16.873126983642578,2.506103277206421,18.329435348510742,3.3651914596557617,20.14549446105957,4.175704479217529
73030fb67d3c46cfb5e590168088ae39,Turn right and move to the other lane carefully to avoid the trucks on the side of the road. Move back to other lane when the trucks clear up.,2.5854780673980713,0.0874233990907669,5.22347354888916,0.06656381487846375,7.9178361892700195,0.14369404315948486,10.591388702392578,0.1447649896144867,13.18520736694336,0.15919120609760284,15.715957641601562,0.28349703550338745,18.209348678588867,0.23370958864688873,20.619556427001953,0.365404337644577,23.00888442993164,0.24392113089561462,25.339366912841797,0.2792910039424896,27.634193420410156,0.16051837801933289,29.790252685546875,-0.023804958909749985
73030fb67d3c46cfb5e590168088ae39,turn right and then slide into the left lane to avoid hitting the trucks,2.5422186851501465,0.06154149770736694,5.200948238372803,0.078915074467659,7.916970252990723,0.13892805576324463,10.644434928894043,0.14408992230892181,13.27006721496582,0.18148738145828247,15.860947608947754,0.28792259097099304,18.474411010742188,0.2199675440788269,20.922975540161133,0.3411966860294342,23.429828643798828,0.22085434198379517,25.876644134521484,0.24113915860652924,28.298442840576172,0.09983260929584503,30.60249900817871,-0.13648001849651337
73030fb67d3c46cfb5e590168088ae39,"turn left into the road, Drive around road blockages",2.700401782989502,-0.0029698535799980164,5.349127769470215,0.039258021861314774,8.017006874084473,0.12320771813392639,10.64822006225586,0.1950259953737259,13.205011367797852,0.33415988087654114,15.759604454040527,0.5238900184631348,18.409025192260742,0.6760289669036865,20.83881950378418,0.9576432108879089,23.226991653442383,1.1825724840164185,25.576078414916992,1.422061800956726,28.029598236083984,1.8923468589782715,30.27447509765625,2.2814126014709473
73030fb67d3c46cfb5e590168088ae39,"Turn left, then stay on the right side to avoid hitting the person on the right side of the truck. Go back to left lane once obstructions on left lane are gone.",2.7309935092926025,-0.020502764731645584,5.381710529327393,0.03587732091546059,8.044544219970703,0.11158666014671326,10.656258583068848,0.1890014261007309,13.200862884521484,0.3445735275745392,15.78762149810791,0.5534021854400635,18.456501007080078,0.7247263193130493,20.859201431274414,1.0508404970169067,23.273847579956055,1.2967027425765991,25.683237075805664,1.5555801391601562,28.132570266723633,2.092629909515381,30.40618896484375,2.5611000061035156
6f5133fe62b240e797bac25aeff8b531,Turn and merge onto the left lane. Follow the yellow car in front.,2.744253158569336,-0.0008717856253497303,5.429815769195557,0.029376646503806114,8.176444053649902,-0.00037438576691783965,10.897370338439941,0.01453836727887392,13.3825101852417,0.12017804384231567,15.85939884185791,0.14651282131671906,18.454469680786133,0.23941658437252045,20.79400062561035,0.30365803837776184,23.219316482543945,0.4243276119232178,25.389657974243164,0.5608623623847961,27.753799438476562,0.7472431659698486,30.075544357299805,0.9881004691123962
6f5133fe62b240e797bac25aeff8b531,stop at the intersection,3.014409303665161,0.02882213331758976,5.519142150878906,-0.06045984849333763,8.208876609802246,0.025529513135552406,10.512632369995117,0.03764437511563301,12.817553520202637,-0.08633849024772644,14.909720420837402,-0.013269111514091492,16.853097915649414,0.12164723128080368,18.87760353088379,0.19165414571762085,20.893770217895508,0.12305301427841187,22.69886589050293,0.03531499579548836,24.202688217163086,-0.11716137081384659,25.781829833984375,-0.32857009768486023
6f5133fe62b240e797bac25aeff8b531,Follow the cones to merge onto the other lane,2.593217611312866,-0.012450844049453735,5.340702056884766,0.04568152502179146,8.042634963989258,0.0035922324750572443,10.981703758239746,-0.022009143605828285,13.580856323242188,0.042549628764390945,16.48053550720215,0.07255148887634277,19.3989200592041,-0.06819513440132141,22.16454315185547,-0.1513623744249344,25.172277450561523,-0.15356771647930145,27.945459365844727,-0.11401931196451187,30.931406021118164,-0.15445178747177124,33.950775146484375,-0.226068913936615
6f5133fe62b240e797bac25aeff8b531,"Switch to the left lane to avoid the construction on the right lane, and preceed on the right lane after the construction is clear.",2.727546453475952,0.04259249567985535,5.393739700317383,0.017916617915034294,8.127708435058594,0.018188850954174995,10.844799041748047,0.006937667727470398,13.296278953552246,0.06548509746789932,15.738310813903809,0.07563710957765579,18.21597671508789,0.10470252484083176,20.47138023376465,0.14344005286693573,22.83344268798828,0.13440844416618347,24.944852828979492,0.1793108731508255,27.154935836791992,0.18310290575027466,29.311731338500977,0.17110860347747803
d1e57234fd6a463d963670938f9f556e,Continue going on the same lane,1.6004549264907837,-0.08355589210987091,3.3122193813323975,-0.026586420834064484,5.192889213562012,-0.21663515269756317,7.335962772369385,-0.2695275843143463,9.499046325683594,-0.35243716835975647,11.655404090881348,-0.5698258876800537,14.09202766418457,-0.7808209657669067,16.523996353149414,-0.9567453861236572,18.949337005615234,-0.9813729524612427,21.327486038208008,-1.4359818696975708,24.080461502075195,-1.6308209896087646,26.755687713623047,-1.9761162996292114
d1e57234fd6a463d963670938f9f556e,Follow yellow bus.,1.532776117324829,-0.0719667300581932,3.2403886318206787,-0.023981699720025063,5.109066963195801,-0.19991041719913483,7.166101455688477,-0.25811532139778137,9.308265686035156,-0.3433271050453186,11.402769088745117,-0.5442838668823242,13.755701065063477,-0.7552350759506226,16.053754806518555,-0.9105402827262878,18.408275604248047,-0.9875924587249756,20.656431198120117,-1.4015083312988281,23.240751266479492,-1.562674641609192,25.811613082885742,-1.8915716409683228
d1e57234fd6a463d963670938f9f556e,follow the orange bus,1.5415059328079224,-0.06632322818040848,3.245610237121582,-0.019818464294075966,5.11273193359375,-0.19425354897975922,7.1751708984375,-0.2517347037792206,9.311542510986328,-0.34161946177482605,11.417521476745605,-0.5609900951385498,13.779011726379395,-0.7904869318008423,16.034870147705078,-0.9805325269699097,18.386505126953125,-1.1062390804290771,20.629230499267578,-1.5472944974899292,23.142528533935547,-1.751072645187378,25.66724395751953,-2.13944411277771
d1e57234fd6a463d963670938f9f556e,continue straight when vehicle in front starts continuing straight,1.5299042463302612,-0.05661754310131073,3.1924023628234863,-0.034489382058382034,5.077832221984863,-0.16649487614631653,6.951004505157471,-0.22193774580955505,8.982068061828613,-0.32389944791793823,10.897298812866211,-0.49038517475128174,13.02374267578125,-0.6426103115081787,15.119808197021484,-0.7241413593292236,17.229028701782227,-0.7824784517288208,19.1706485748291,-1.0664197206497192,21.510215759277344,-1.12772798538208,23.766704559326172,-1.364157795906067
d1e57234fd6a463d963670938f9f556e,Follow the orange bus.,1.5303088426589966,-0.06972532719373703,3.2339437007904053,-0.021634820848703384,5.104285717010498,-0.19384723901748657,7.147202014923096,-0.251019150018692,9.282059669494629,-0.339293509721756,11.361471176147461,-0.544694185256958,13.706235885620117,-0.7526434659957886,15.984257698059082,-0.9147466421127319,18.316144943237305,-1.0060644149780273,20.563302993774414,-1.406015157699585,23.117969512939453,-1.564300298690796,25.63982391357422,-1.903964877128601
de943e246dad4ad686de98008a634ecf,Take a left turn and then continue going straight. Watch out for people crossing. Start moving to the left.,2.080577850341797,-0.03324747830629349,4.000406265258789,0.04852164536714554,5.988494873046875,0.2683093249797821,7.8406267166137695,0.5293532609939575,9.69951057434082,0.7635082006454468,11.620020866394043,1.089888095855713,13.494318962097168,1.5102308988571167,15.060314178466797,2.134075164794922,16.970056533813477,2.7141199111938477,18.776275634765625,3.173553228378296,20.447542190551758,4.287705421447754,22.086883544921875,4.862052917480469
de943e246dad4ad686de98008a634ecf,turn left,2.055136203765869,-0.05922108143568039,3.9897236824035645,0.08476722985506058,6.073053359985352,0.24887964129447937,7.945720195770264,0.5309586524963379,9.905675888061523,0.7617759704589844,11.99123477935791,1.1448649168014526,14.011383056640625,1.5746979713439941,15.778600692749023,2.1842873096466064,17.796512603759766,2.894313335418701,19.91346549987793,3.4947636127471924,21.718475341796875,4.501918315887451,23.711835861206055,5.181365489959717
de943e246dad4ad686de98008a634ecf,"turn left, make another left turn.",2.0846776962280273,-0.06718240678310394,4.023574352264404,0.07151353359222412,6.078282356262207,0.250233918428421,7.942763328552246,0.5540710687637329,9.867290496826172,0.7955824136734009,11.936643600463867,1.2013707160949707,13.913421630859375,1.641114354133606,15.640153884887695,2.2984166145324707,17.626420974731445,3.022538900375366,19.73458480834961,3.6089682579040527,21.494632720947266,4.680747985839844,23.428577423095703,5.396697044372559
de943e246dad4ad686de98008a634ecf,Turn left,2.05513596534729,-0.059221066534519196,3.9897236824035645,0.08476726710796356,6.07305383682251,0.24887961149215698,7.945720195770264,0.5309587121009827,9.905675888061523,0.7617759704589844,11.99123477935791,1.1448649168014526,14.011383056640625,1.5746979713439941,15.77860164642334,2.1842870712280273,17.796512603759766,2.894313335418701,19.91346549987793,3.4947636127471924,21.718475341796875,4.501917839050293,23.71183967590332,5.181365489959717
de943e246dad4ad686de98008a634ecf,Stop when you see the group of people at the stopwalk,2.039393424987793,0.15198083221912384,3.8465943336486816,0.021897047758102417,5.874619483947754,0.2225697934627533,7.706348896026611,0.3181281089782715,9.5033540725708,0.25214341282844543,11.129019737243652,0.48394086956977844,12.529449462890625,0.8302775025367737,13.986268997192383,1.0799349546432495,15.841171264648438,1.0979881286621094,17.08576011657715,1.3341912031173706,18.371137619018555,1.716203212738037,19.80445671081543,1.599229335784912
7e3a6bdd6c6f4c8fb018cff404974446,Switch to the left lane and continue going straight. Then take a left turn.,4.608896255493164,0.07533132284879684,9.130064964294434,-0.025109944865107536,13.580348014831543,-0.08108480274677277,18.050369262695312,-0.2935423254966736,22.24913215637207,-0.4096556007862091,26.410512924194336,-0.3030523657798767,30.537425994873047,-0.5318365097045898,34.280616760253906,-0.7190352082252502,37.98064422607422,-0.7517654895782471,41.64757537841797,-0.6144812703132629,45.26083755493164,-0.5637856125831604,48.64797592163086,-0.4051445424556732
7e3a6bdd6c6f4c8fb018cff404974446,slide into the left lane then turn left at the intersection,4.654389381408691,0.06514757126569748,9.158766746520996,-0.03348543122410774,13.580061912536621,-0.10326341539621353,18.020904541015625,-0.2866853177547455,22.15656280517578,-0.40546005964279175,26.313385009765625,-0.2925175130367279,30.356815338134766,-0.5264593362808228,33.98879623413086,-0.6880837082862854,37.584312438964844,-0.6993341445922852,41.220664978027344,-0.47552505135536194,44.80066680908203,-0.43033966422080994,48.109962463378906,-0.20652952790260315
7e3a6bdd6c6f4c8fb018cff404974446,"switch to the left lane, make a left turn.",4.633100509643555,0.07088664174079895,9.146924018859863,-0.026988662779331207,13.584487915039062,-0.09400241076946259,18.041309356689453,-0.2925298511981964,22.203922271728516,-0.411155104637146,26.370615005493164,-0.29935598373413086,30.472288131713867,-0.5357639789581299,34.16225814819336,-0.7076571583747864,37.81461715698242,-0.7305929660797119,41.486454010009766,-0.5362033843994141,45.091064453125,-0.47556474804878235,48.46055221557617,-0.27612873911857605
7e3a6bdd6c6f4c8fb018cff404974446,Switch to the left lane,4.518654823303223,0.08384212851524353,9.027304649353027,-0.029163002967834473,13.552064895629883,-0.04624011740088463,18.083295822143555,-0.31977543234825134,22.39518928527832,-0.3730057179927826,26.691001892089844,-0.35972991585731506,31.07809066772461,-0.5566182136535645,35.09939193725586,-0.7692978978157043,39.14030838012695,-0.9278258681297302,43.097965240478516,-1.1111563444137573,46.981666564941406,-1.1047917604446411,50.71946334838867,-1.2866812944412231
7e3a6bdd6c6f4c8fb018cff404974446,Take the first left,4.6631340980529785,0.0607701912522316,9.160470008850098,-0.03470022231340408,13.580946922302246,-0.11245821416378021,18.023113250732422,-0.29159820079803467,22.14223289489746,-0.4125797152519226,26.31863784790039,-0.29777342081069946,30.381160736083984,-0.533819317817688,34.01892852783203,-0.6883283853530884,37.612735748291016,-0.6874663829803467,41.307228088378906,-0.4556126892566681,44.91029357910156,-0.3879224359989166,48.258277893066406,-0.16277500987052917
7e3a6bdd6c6f4c8fb018cff404974446,Switch to the right lane when you see the stationary car ahead.,4.6277055740356445,0.06779512017965317,9.107300758361816,-0.09532131254673004,13.561128616333008,-0.04908605292439461,17.95606231689453,-0.28611528873443604,22.212465286254883,-0.3715002238750458,26.36884880065918,-0.2775026261806488,30.155527114868164,-0.3052031993865967,34.291847229003906,-0.5018772482872009,38.00743865966797,-0.5474859476089478,41.36263656616211,-0.9941511750221252,44.668128967285156,-1.1186922788619995,47.83650588989258,-1.2737358808517456
d0880a386b6d434bb5cd13c134af7a3e,Quickly switch lanes to avoid the car in the road and then continue going straight in the same lane.,3.7329838275909424,-0.031583838164806366,7.610291004180908,-0.04178692400455475,11.370055198669434,-0.08102965354919434,15.387534141540527,-0.13527777791023254,19.25529670715332,-0.11047189682722092,23.282991409301758,-0.10179349035024643,27.520709991455078,-0.24688394367694855,31.51783561706543,-0.29377099871635437,35.53410720825195,-0.27993422746658325,39.54730987548828,-0.3081200420856476,43.66762161254883,-0.35265013575553894,47.95949935913086,-0.26187294721603394
d0880a386b6d434bb5cd13c134af7a3e,Drive around road blockages,3.7467586994171143,0.04750512167811394,7.586827278137207,-0.03319837525486946,11.443388938903809,-0.03187217935919762,15.374692916870117,-0.11054493486881256,19.1153507232666,-0.08332408964633942,22.831043243408203,-0.04025855287909508,26.581315994262695,-0.0428730845451355,30.283649444580078,-0.09944113343954086,33.97589111328125,-0.06585665047168732,37.37551498413086,-0.16339562833309174,40.938907623291016,-0.15650470554828644,44.32221984863281,-0.14966018497943878
d0880a386b6d434bb5cd13c134af7a3e,Go to the left lane after you pass the car,3.7969422340393066,0.054558753967285156,7.658231258392334,-0.012313231825828552,11.500422477722168,-0.025498894974589348,15.385916709899902,-0.07987256348133087,19.1192626953125,-0.07342392951250076,22.78125762939453,0.002585597336292267,26.47921371459961,-0.04603908956050873,30.03847885131836,-0.042448632419109344,33.54574203491211,-0.01644284836947918,36.77845764160156,-0.044965025037527084,40.14915084838867,-0.015582453459501266,43.22166061401367,0.05181796848773956
bb73edb93a0a46c4be997c576e9beb61,Continue on the same lane. Move to the next lane to avoid the truck and then get back onto the previous lane.,4.366069316864014,0.023710936307907104,8.669918060302734,-0.059060364961624146,12.867295265197754,0.01188351958990097,17.123437881469727,-0.09815793484449387,21.25003433227539,-0.17088757455348969,25.417993545532227,-0.11012642830610275,29.616342544555664,-0.10186215490102768,33.6294059753418,-0.18715429306030273,37.69266128540039,-0.2987484037876129,41.68635177612305,-0.2757478356361389,45.57255554199219,-0.19700174033641815,49.612152099609375,-0.19288815557956696
bb73edb93a0a46c4be997c576e9beb61,Drive around the road obstruction,4.4134111404418945,0.03580118715763092,8.726000785827637,-0.03224030137062073,12.9594087600708,-0.004921686369925737,17.163047790527344,-0.10663241147994995,21.217878341674805,-0.11414039880037308,25.211563110351562,-0.10878407210111618,29.14363670349121,0.012759913690388203,32.9256706237793,0.019521236419677734,36.6404914855957,0.04272063449025154,40.026451110839844,0.050981760025024414,43.41276931762695,0.2604212164878845,46.746089935302734,0.27249467372894287
bb73edb93a0a46c4be997c576e9beb61,"Slightly go on the right lane, across the double marked lines, to avoid hitting the truck in front, then go back to the left lane.",4.384968280792236,0.03545288369059563,8.680096626281738,-0.04680169001221657,12.917747497558594,0.0047946106642484665,17.14876365661621,-0.09801677614450455,21.249189376831055,-0.15303225815296173,25.351797103881836,-0.1324210911989212,29.448013305664062,-0.026794472709298134,33.36661148071289,-0.07081854343414307,37.264137268066406,-0.16262014210224152,41.004310607910156,-0.2035725861787796,44.63725280761719,-0.06845907121896744,48.300350189208984,-0.1613018959760666
fcb40dc8514444c49b1fdc06f80a123b,Stop at the gate and then continue once the gate opens,1.2737129926681519,0.01978456974029541,2.2953481674194336,-0.05940261855721474,3.462198495864868,-0.11474840342998505,4.464452743530273,-0.16878573596477509,5.644897937774658,-0.23147052526474,6.5660014152526855,-0.328030526638031,7.673039436340332,-0.4205314517021179,8.714491844177246,-0.6054642200469971,9.845962524414062,-0.6690939664840698,10.871149063110352,-0.831304669380188,12.09611701965332,-1.0314834117889404,13.39493179321289,-1.1789933443069458
fcb40dc8514444c49b1fdc06f80a123b,"stop at the gate, move slowly when the arm rises up.",1.3045490980148315,0.023953877389431,2.3048970699310303,-0.06594766676425934,3.462779998779297,-0.1196054220199585,4.459228515625,-0.1678476482629776,5.624468803405762,-0.23881910741329193,6.517581462860107,-0.326731413602829,7.5904340744018555,-0.40537235140800476,8.596376419067383,-0.5867310166358948,9.67042350769043,-0.6519626975059509,10.671950340270996,-0.7897706627845764,11.848475456237793,-0.9715292453765869,13.058349609375,-1.0981545448303223
fcb40dc8514444c49b1fdc06f80a123b,Stop before you reach the toll gate.,1.4488648176193237,0.046002671122550964,2.3782835006713867,-0.11128382384777069,3.43542218208313,-0.18955716490745544,4.411585807800293,-0.2163042277097702,5.403749942779541,-0.2824111580848694,6.27851676940918,-0.4077838659286499,7.204520225524902,-0.3517165780067444,7.909971237182617,-0.4864792227745056,8.806048393249512,-0.5946896076202393,9.636628150939941,-0.7358659505844116,10.546276092529297,-1.0171475410461426,11.157533645629883,-1.1945745944976807
fcb40dc8514444c49b1fdc06f80a123b,"Slowly approach the gate until it opens, then proceed forward.",1.1629656553268433,-0.016671285033226013,2.23876953125,-0.018467672169208527,3.4418816566467285,-0.08608175814151764,4.516504287719727,-0.1443265676498413,5.798599720001221,-0.20132538676261902,6.8658952713012695,-0.3114754855632782,8.224300384521484,-0.48405659198760986,9.456542015075684,-0.6381604671478271,10.88316822052002,-0.7554810047149658,12.117995262145996,-0.9147456288337708,13.613957405090332,-1.1545567512512207,15.27363109588623,-1.34055495262146
c04cdbbe744c4da08d3df61c47d5cc94,Go straight and then stop behind the grey car,1.4049572944641113,-0.023950140923261642,2.5104925632476807,-0.12454212456941605,3.7070364952087402,-0.14693234860897064,4.887849807739258,-0.1779942661523819,6.148127555847168,-0.3430742025375366,7.100109577178955,-0.4129745662212372,8.284008026123047,-0.5018113851547241,9.456793785095215,-0.7280365824699402,10.566986083984375,-0.7466714382171631,11.57203197479248,-1.0368096828460693,12.65743637084961,-1.1300002336502075,13.639433860778809,-1.460937738418579
c04cdbbe744c4da08d3df61c47d5cc94,stop behind the stopped car,1.5582587718963623,0.003538246266543865,2.6184120178222656,-0.18351462483406067,3.742781400680542,-0.2326798141002655,4.916866302490234,-0.2969118654727936,6.053966045379639,-0.5146198868751526,6.909904479980469,-0.551512598991394,7.73840856552124,-0.5043379068374634,8.473873138427734,-0.6860291361808777,9.460951805114746,-0.9126815795898438,10.15312671661377,-1.2664577960968018,10.865473747253418,-1.4029494524002075,11.438671112060547,-1.8996608257293701
c04cdbbe744c4da08d3df61c47d5cc94,Stop right behind the vehicle in front of you.,1.4978523254394531,-0.00208052946254611,2.60776948928833,-0.1376512199640274,3.7583632469177246,-0.15909861028194427,4.9394755363464355,-0.20704883337020874,6.1325578689575195,-0.4028189778327942,7.079294681549072,-0.4477309584617615,8.095641136169434,-0.5178638696670532,9.041357040405273,-0.7466856241226196,10.031012535095215,-0.8616510033607483,10.912893295288086,-1.1014209985733032,11.821213722229004,-1.260094404220581,12.630158424377441,-1.6154274940490723
1ecfbad2023f4b17b542801a21375e3f,Slow down for a little bit to avoid the truck and then continue driving down the road,2.6144392490386963,-0.06082539260387421,5.270013809204102,-0.02177545614540577,7.952152729034424,-0.10359657555818558,10.639223098754883,-0.2091076523065567,13.583494186401367,-0.4066055119037628,16.473352432250977,-0.5127728581428528,19.69767951965332,-0.8245363235473633,22.983457565307617,-0.9470731019973755,26.09684944152832,-1.0017189979553223,29.533334732055664,-1.4629943370819092,32.99488067626953,-1.632525086402893,36.453346252441406,-1.887107253074646
1ecfbad2023f4b17b542801a21375e3f,"slow down, and let the truck pass, then continue going straight",2.4977402687072754,-0.032103344798088074,5.1292243003845215,-0.04228725656867027,7.820734977722168,-0.1099676713347435,10.42259407043457,-0.2007579654455185,13.236807823181152,-0.38159143924713135,15.976365089416504,-0.4382447600364685,18.92912483215332,-0.6250137090682983,21.927762985229492,-0.6915270090103149,24.891427993774414,-0.7126010656356812,27.910818099975586,-1.0495150089263916,31.08987045288086,-1.0766324996948242,34.21526336669922,-1.2072391510009766
1ecfbad2023f4b17b542801a21375e3f,Slow down and move to the right to avoid the front car hitting you when the vehicle in front of you starts to enter your lane from the left side.,2.6478185653686523,0.05870978161692619,5.277719497680664,-0.056186918169260025,7.877380847930908,-0.12640812993049622,10.503128051757812,-0.21146972477436066,13.1885986328125,-0.4053328335285187,15.706661224365234,-0.3768462836742401,18.293392181396484,-0.557482123374939,20.954139709472656,-0.6441336274147034,23.426063537597656,-0.7395909428596497,25.87461280822754,-1.1513813734054565,28.364776611328125,-1.2972596883773804,30.683637619018555,-1.6782170534133911
acc29386502047339e1ec6b9c7e512d2,Slow down and wait for the people to cross before turning left,1.2409452199935913,-0.0013840199680998921,2.402132511138916,0.12486746907234192,3.658092737197876,0.3258337378501892,4.9369425773620605,0.6831895709037781,6.3033623695373535,1.0204048156738281,7.738826751708984,1.6197599172592163,9.183978080749512,2.3079617023468018,10.511168479919434,3.130211591720581,12.09167194366455,3.944080352783203,13.671157836914062,4.822244644165039,15.193245887756348,6.263126373291016,16.86064338684082,7.380086898803711
acc29386502047339e1ec6b9c7e512d2,At the intersection turn left when the pedestrians have finished crossing,1.205834984779358,0.01298866793513298,2.3788974285125732,0.12585119903087616,3.6335341930389404,0.3345433175563812,4.918179988861084,0.6809780597686768,6.303504943847656,0.9830277562141418,7.742018222808838,1.5427026748657227,9.19774341583252,2.2120072841644287,10.539999008178711,3.00783371925354,12.139046669006348,3.748220443725586,13.684855461120605,4.667627811431885,15.227165222167969,6.001584529876709,16.928884506225586,7.0767693519592285
acc29386502047339e1ec6b9c7e512d2,turn left and wait for pedestrians,1.2420674562454224,-0.001276416121982038,2.4069173336029053,0.128204345703125,3.663795232772827,0.32981574535369873,4.947089672088623,0.688187301158905,6.31238317489624,1.0342634916305542,7.76211404800415,1.623356819152832,9.198525428771973,2.3329038619995117,10.532072067260742,3.1509017944335938,12.108485221862793,3.9662067890167236,13.701699256896973,4.855233669281006,15.2227783203125,6.270328521728516,16.9212703704834,7.352611541748047
acc29386502047339e1ec6b9c7e512d2,Make the left turn once the group of individuals have crossed the crosswalk.,1.226885199546814,0.008267302997410297,2.3944246768951416,0.1222166121006012,3.6408350467681885,0.3296791911125183,4.916538715362549,0.6832765936851501,6.281007289886475,1.008233904838562,7.710411071777344,1.5860165357589722,9.147951126098633,2.264610528945923,10.455794334411621,3.080909490585327,12.03921890258789,3.849414587020874,13.585135459899902,4.754124164581299,15.101134300231934,6.160290241241455,16.76053810119629,7.257661819458008
8180a1dbbba3479bb0c7f4ff6e9a3f0e,Pass the stopped car and then stop,1.767049789428711,-0.04187851771712303,3.4964306354522705,-0.026406139135360718,5.409019470214844,-0.06869706511497498,7.162078380584717,-0.07886013388633728,9.054242134094238,-0.17808270454406738,10.857769966125488,-0.2950892448425293,12.882980346679688,-0.4549269676208496,14.645233154296875,-0.5418286323547363,16.545495986938477,-0.5172156095504761,18.201417922973633,-0.7393038868904114,20.066736221313477,-0.7613298296928406,21.78098487854004,-0.9244282841682434
8180a1dbbba3479bb0c7f4ff6e9a3f0e,"swerve around the stopped car, then come to a stop behind the orange car",1.8905258178710938,-0.021554676815867424,3.544374704360962,-0.13505341112613678,5.355950832366943,-0.15115971863269806,7.019381999969482,-0.18985988199710846,8.751809120178223,-0.4194399416446686,10.192817687988281,-0.4942324459552765,11.672566413879395,-0.6656171679496765,13.208187103271484,-0.7980616688728333,14.70464038848877,-0.9274001717567444,15.875205039978027,-1.2945213317871094,17.22455406188965,-1.345235824584961,18.30363655090332,-1.7613002061843872
8180a1dbbba3479bb0c7f4ff6e9a3f0e,go around stationary vehicle and come to a complete stop,1.9167284965515137,-0.020138608291745186,3.5740156173706055,-0.1302347034215927,5.376100540161133,-0.13343445956707,7.033674240112305,-0.16220885515213013,8.764928817749023,-0.3819049298763275,10.258152961730957,-0.441615492105484,11.766818046569824,-0.6177880764007568,13.29769229888916,-0.7396011352539062,14.718424797058105,-0.8513879776000977,15.831958770751953,-1.1634684801101685,17.094135284423828,-1.198075532913208,18.26695442199707,-1.579266905784607
8180a1dbbba3479bb0c7f4ff6e9a3f0e,"Move around the vehicle in front by slightly going on the right lane, then switch back to the left lane.",1.7024239301681519,-0.05367926135659218,3.437591314315796,0.006761168595403433,5.419614791870117,-0.07895808666944504,7.232203960418701,-0.14378875494003296,9.239119529724121,-0.25197163224220276,11.334388732910156,-0.4205697774887085,13.503811836242676,-0.7252472043037415,15.491227149963379,-0.8598408699035645,17.66021728515625,-0.9799368381500244,19.650819778442383,-1.3014768362045288,21.698949813842773,-1.50849187374115,23.835309982299805,-1.9734357595443726
8180a1dbbba3479bb0c7f4ff6e9a3f0e,"Before approaching the next stopped vehicle ahead, stop to let the vehicle approaching you pass by.",1.8594800233840942,-0.013320114463567734,3.547787666320801,-0.1147828921675682,5.367956161499023,-0.12570257484912872,7.043386936187744,-0.15517984330654144,8.790703773498535,-0.3569229543209076,10.313148498535156,-0.4500668942928314,11.857830047607422,-0.6355908513069153,13.309712409973145,-0.7596924901008606,14.88408374786377,-0.8819001317024231,15.990588188171387,-1.2041749954223633,17.36432456970215,-1.2791972160339355,18.55849266052246,-1.7063244581222534
363bb6c0fdaf465aa54c39f082bb92c6,Take a right and then continue down the road,3.0740344524383545,0.0038019109051674604,6.206958293914795,-0.18049833178520203,9.47892951965332,-0.4312834143638611,12.756932258605957,-0.7818619608879089,15.973692893981934,-1.1489460468292236,19.102018356323242,-1.557105541229248,22.34600067138672,-2.20406436920166,25.47376823425293,-2.7641103267669678,28.62441062927246,-3.4077038764953613,31.795040130615234,-4.206689834594727,34.75729751586914,-5.008810997009277,37.67826461791992,-5.9325714111328125
363bb6c0fdaf465aa54c39f082bb92c6,"turn right, then go straight",3.077065944671631,0.016506589949131012,6.2108917236328125,-0.16699698567390442,9.467374801635742,-0.42786914110183716,12.718276023864746,-0.753760576248169,15.911214828491211,-1.1130621433258057,19.025699615478516,-1.4983100891113281,22.249422073364258,-2.1228187084198,25.326162338256836,-2.6866369247436523,28.430248260498047,-3.260453462600708,31.510915756225586,-4.024092674255371,34.433170318603516,-4.786923408508301,37.31816864013672,-5.657214641571045
363bb6c0fdaf465aa54c39f082bb92c6,turn right,3.0873477458953857,0.025908678770065308,6.222753524780273,-0.15938210487365723,9.469611167907715,-0.42482203245162964,12.692070960998535,-0.7489612102508545,15.865675926208496,-1.1088569164276123,18.96212387084961,-1.4757087230682373,22.168140411376953,-2.082794666290283,25.20465850830078,-2.647596597671509,28.25879669189453,-3.1905949115753174,31.283973693847656,-3.9373779296875,34.13618850708008,-4.684331893920898,36.97817611694336,-5.5217204093933105
363bb6c0fdaf465aa54c39f082bb92c6,Make a right turn into the middle lane and go straight.,3.0898032188415527,0.016930097714066505,6.228538990020752,-0.18209132552146912,9.490266799926758,-0.4368048906326294,12.720550537109375,-0.7984579801559448,15.924371719360352,-1.1781659126281738,19.010936737060547,-1.5636866092681885,22.208528518676758,-2.1778924465179443,25.295806884765625,-2.7305924892425537,28.403644561767578,-3.3774938583374023,31.501543045043945,-4.169407367706299,34.3753662109375,-4.981437683105469,37.21623992919922,-5.918576240539551
9d1307e95c524ca4a51e03087bd57c29,Take a left turn and then continue down the road,0.8501918911933899,0.04131101444363594,1.717831015586853,0.17600785195827484,2.751004457473755,0.2792465388774872,3.8991663455963135,0.42126497626304626,5.253945827484131,0.5604913234710693,6.40892219543457,0.968982994556427,7.932670593261719,1.3306679725646973,9.32534122467041,1.8448162078857422,10.904667854309082,2.2216718196868896,12.500812530517578,2.7743446826934814,14.323023796081543,3.4259555339813232,16.093217849731445,4.037639141082764
9d1307e95c524ca4a51e03087bd57c29,turn right at the intersection once all the vehicles have passed and it is safe to turn,0.9565978646278381,0.10275256633758545,1.8477731943130493,0.09039423614740372,2.882978677749634,0.2676618993282318,3.9185256958007812,0.25450724363327026,5.150852203369141,0.38471904397010803,6.210241317749023,0.5197811126708984,7.467604160308838,0.7100126147270203,8.734339714050293,0.7986597418785095,10.056641578674316,0.6701571345329285,11.36539077758789,0.8299732208251953,12.99914264678955,0.6870843768119812,14.345348358154297,0.5227707028388977
9d1307e95c524ca4a51e03087bd57c29,Pass the intersection once all cars have passed by,1.023011565208435,0.14165177941322327,1.7750244140625,0.05235123261809349,2.760267496109009,0.1971384882926941,3.768292188644409,0.24408890306949615,4.900143623352051,0.31257006525993347,5.797632217407227,0.4186805486679077,6.893905162811279,0.6603631973266602,7.87913179397583,0.8218632340431213,9.175765991210938,0.8670880198478699,10.140617370605469,1.0365283489227295,11.629107475280762,1.1330641508102417,12.872906684875488,1.2170432806015015
2121cc12888e47ce856dc5391f202594,Take a right turn after all the cars and people pass,0.41838476061820984,0.10839172452688217,0.5133987665176392,0.031640417873859406,0.747990608215332,-0.006337163038551807,0.7867555022239685,-0.09085721522569656,1.0003019571304321,-0.029355108737945557,1.179894208908081,-0.1386789232492447,1.441426157951355,0.031140543520450592,1.7410849332809448,-0.09769798815250397,2.2860565185546875,-0.21817804872989655,2.6378426551818848,-0.12065741419792175,3.410515308380127,-0.444121390581131,4.2773637771606445,-0.6862191557884216
54cdaaae372d421fa4734d66f51a8c48,Stop at the stoplights,1.2494181394577026,0.06686325371265411,2.042430877685547,-0.046577487140893936,2.90488600730896,-0.11072271317243576,3.7507436275482178,-0.09920734912157059,4.523136615753174,-0.1092175543308258,5.133452892303467,-0.23716677725315094,5.829583168029785,-0.1217133179306984,6.291210651397705,-0.17247946560382843,7.0219244956970215,-0.26237648725509644,7.59890079498291,-0.29877039790153503,8.218979835510254,-0.4873894155025482,8.670513153076172,-0.6820803880691528
54cdaaae372d421fa4734d66f51a8c48,stop at the intersection,1.3396050930023193,0.08076472580432892,2.1065480709075928,-0.05752428248524666,2.8959171772003174,-0.13391028344631195,3.7381768226623535,-0.12793567776679993,4.465291500091553,-0.13160203397274017,5.116701602935791,-0.28448066115379333,5.767822742462158,-0.11299732327461243,6.171385765075684,-0.17100970447063446,6.817525863647461,-0.3014433979988098,7.459778785705566,-0.34978818893432617,7.929174423217773,-0.5425698757171631,8.307665824890137,-0.7846871018409729
17302a41218442ffbb0b094adb0669ab,Stop at the intersection,4.179348468780518,-0.011768043041229248,7.7945404052734375,-0.06999053061008453,11.396718978881836,0.03092855028808117,14.804235458374023,-0.027207622304558754,18.128177642822266,0.06347203254699707,21.32282829284668,0.05222463607788086,24.019325256347656,0.18865934014320374,26.97793960571289,0.30493777990341187,29.625770568847656,0.3774273097515106,32.2410888671875,0.44211289286613464,34.57608413696289,0.20511388778686523,36.88730239868164,0.1232662945985794
17302a41218442ffbb0b094adb0669ab,stop at the intersection,4.179348468780518,-0.01176803931593895,7.7945404052734375,-0.06999054551124573,11.396718978881836,0.030928514897823334,14.804235458374023,-0.02720762975513935,18.128177642822266,0.06347201764583588,21.32282829284668,0.05222465470433235,24.019325256347656,0.18865932524204254,26.97793960571289,0.30493777990341187,29.625770568847656,0.37742727994918823,32.2410888671875,0.44211292266845703,34.57608413696289,0.20511390268802643,36.88730239868164,0.12326626479625702
6a24a80e2ea3493c81f5fdb9fe78c28a,Shift to the right of the white car and then continue going straight,3.9762685298919678,0.029855994507670403,8.015859603881836,0.02225101925432682,11.917332649230957,0.08677729219198227,15.939815521240234,0.07628272473812103,19.720335006713867,0.19835947453975677,23.653614044189453,0.308423787355423,27.520841598510742,0.4465812146663666,31.41672706604004,0.4149380922317505,35.22421646118164,0.5142869353294373,39.031280517578125,0.6722702383995056,42.84293746948242,0.7953857779502869,46.69398880004883,0.8667288422584534
6a24a80e2ea3493c81f5fdb9fe78c28a,go straight,3.9680113792419434,0.020989175885915756,8.03976821899414,-0.0019241124391555786,11.825756072998047,0.06255822628736496,15.878896713256836,0.08218014240264893,19.74221420288086,0.1391264647245407,23.7618408203125,0.2595745325088501,27.772441864013672,0.3020656406879425,31.877506256103516,0.26324206590652466,35.880733489990234,0.35100558400154114,39.90436553955078,0.5101293325424194,44.044471740722656,0.5292717814445496,48.33848571777344,0.8195809721946716
6a24a80e2ea3493c81f5fdb9fe78c28a,Switch into the right lane before appraoching the car ahead of you,4.034655570983887,0.04986993223428726,8.035893440246582,0.041796643286943436,11.99794864654541,0.07544496655464172,15.928817749023438,0.0680687427520752,19.624174118041992,0.20567335188388824,23.34840202331543,0.3302431106567383,26.927982330322266,0.4839060604572296,30.613920211791992,0.578227162361145,34.080257415771484,0.7075592875480652,37.380165100097656,0.7968579530715942,40.604896545410156,0.9763556718826294,43.75894546508789,1.0463221073150635
6a24a80e2ea3493c81f5fdb9fe78c28a,"Follow the vehicle ahead, and cautiously go around the vehicle that's turning left",4.167769908905029,-0.007170434109866619,8.201567649841309,0.013975848443806171,12.158830642700195,-0.0152933644130826,15.975508689880371,0.07641483098268509,19.680463790893555,0.1676633656024933,23.204322814941406,0.47885605692863464,26.918264389038086,0.5306994915008545,30.059303283691406,0.8428217768669128,33.188236236572266,1.1775788068771362,36.31217956542969,1.5528857707977295,39.620906829833984,1.8506219387054443,42.49773406982422,2.433917999267578
77b27e26bf6d4c38859ccfa076cee51d,Shift slightly to the opposing lane to avoid the cars parked to the right and then continue going straight,2.5083117485046387,-0.0017537182429805398,5.0650482177734375,0.012140373699367046,7.7687859535217285,-0.09196874499320984,10.54196548461914,-0.25892016291618347,13.064067840576172,-0.33577409386634827,15.851617813110352,-0.4691448211669922,18.69702911376953,-0.7882093191146851,21.277799606323242,-1.0330665111541748,23.937856674194336,-1.5202317237854004,26.844356536865234,-1.8109631538391113,29.48356819152832,-2.2540013790130615,31.957279205322266,-3.028902530670166
77b27e26bf6d4c38859ccfa076cee51d,Stay on the left sides of the lane to avoid hitting the cars on the right side,2.6269478797912598,-0.026774095371365547,5.147755146026611,0.0075193713419139385,7.829140663146973,-0.07069702446460724,10.41297435760498,-0.13916438817977905,12.859715461730957,-0.135752335190773,15.284749031066895,-0.14132249355316162,17.81354331970215,-0.17681430280208588,20.177555084228516,-0.26857006549835205,22.449960708618164,-0.20004774630069733,24.520689010620117,-0.21138495206832886,26.755414962768555,-0.14797815680503845,28.937828063964844,-0.1152561604976654
0c12123d57594f4d81d32fd4aa89fb1f,Stop at the intersection and then continue going straight and take a slight left,1.883634090423584,-0.0026591212954372168,3.6685385704040527,0.0358767956495285,5.550241947174072,0.02636011131107807,7.358154773712158,0.027726223692297935,9.191896438598633,0.14248810708522797,11.089259147644043,0.2831096947193146,13.087306022644043,0.39501890540122986,14.879942893981934,0.7137095332145691,16.68653106689453,1.063127875328064,18.65473747253418,1.3305413722991943,20.580440521240234,1.989706039428711,22.47233772277832,2.5511257648468018
0c12123d57594f4d81d32fd4aa89fb1f,"stop at the intersection, then continue to go straight",1.887422800064087,0.033489614725112915,3.517760753631592,-0.08178264647722244,5.4092020988464355,-0.13530835509300232,7.242835998535156,-0.15634869039058685,9.018242835998535,-0.23691588640213013,10.66178035736084,-0.2589542865753174,12.433478355407715,-0.3975469768047333,14.207672119140625,-0.4049775302410126,15.843156814575195,-0.4236224293708801,17.234418869018555,-0.707770049571991,18.99771499633789,-0.5576603412628174,20.527629852294922,-0.694954514503479
add2303ca41d445c8339e05769745fc0,take a left turn and wait for the car to exit the driveway,4.010134220123291,0.04675636440515518,7.862823486328125,0.02250949665904045,11.771039962768555,0.02491585724055767,15.67287540435791,-0.11662188172340393,19.317020416259766,-0.07687053829431534,23.208049774169922,-0.041597962379455566,27.12744903564453,-0.2354266345500946,30.726295471191406,-0.22433345019817352,34.297508239746094,-0.20228615403175354,37.73551559448242,-0.027921779081225395,41.14638900756836,-0.018939463421702385,44.345699310302734,0.20424166321754456
add2303ca41d445c8339e05769745fc0,Make a left turn and continue down the road,3.8740129470825195,0.0273580364882946,7.7900543212890625,0.02712547406554222,11.747665405273438,0.023842014372348785,15.712121963500977,-0.09135466068983078,19.52950096130371,-0.009766756556928158,23.37567138671875,-0.003123532049357891,27.47953224182129,-0.15635579824447632,31.243215560913086,-0.1446240097284317,35.040889739990234,-0.10576754063367844,38.71542739868164,0.04543604329228401,42.350521087646484,0.08420438319444656,45.85334777832031,0.25032517313957214
add2303ca41d445c8339e05769745fc0,Make a left turn,3.930143117904663,0.01876741275191307,7.840208053588867,0.02882770448923111,11.793366432189941,0.01253079529851675,15.745020866394043,-0.11220609396696091,19.514041900634766,-0.04420847445726395,23.414531707763672,-0.026785889640450478,27.528587341308594,-0.203331857919693,31.229867935180664,-0.1809452474117279,35.00273132324219,-0.14497797191143036,38.62416076660156,0.05530713498592377,42.22015380859375,0.1165468618273735,45.64780044555664,0.360984742641449
d25718445d89453381c659b9c8734939,Take a left turn and follow the black car,6.210962295532227,0.16728298366069794,12.234038352966309,0.06302067637443542,18.261676788330078,0.05253656581044197,24.241180419921875,0.05840374529361725,30.161048889160156,0.2169313281774521,36.04928970336914,0.30621224641799927,41.68328857421875,0.20049306750297546,46.982975006103516,0.5385783910751343,52.349365234375,0.6287866830825806,57.561729431152344,1.0748260021209717,62.497901916503906,1.1521188020706177,67.64534759521484,1.5172194242477417
bed67ef03c4a4066a74f6c0117d512ee,"continue driving in the leftmost lane, when the car in front of you begins to slowdown, you slowdown as well",3.5023350715637207,-0.016876747831702232,6.987700462341309,0.010046924464404583,10.386951446533203,-0.025194291025400162,13.754963874816895,-0.05256899818778038,16.96192169189453,0.055925168097019196,20.120433807373047,0.10390502959489822,23.41132926940918,0.13975957036018372,26.30921745300293,0.20596268773078918,29.167644500732422,0.277539998292923,31.949481964111328,0.5396414399147034,34.88286209106445,0.7016006708145142,37.56734085083008,1.0656567811965942
87a71839e68b46da8e91fb5f21b50c1c,stop at the intersection,1.5680748224258423,0.03191927447915077,2.5746891498565674,-0.11708784103393555,3.608091115951538,-0.19903017580509186,4.70738410949707,-0.21297703683376312,5.717803955078125,-0.31829318404197693,6.419074535369873,-0.37697336077690125,7.21328592300415,-0.32089707255363464,7.732034206390381,-0.42926308512687683,8.555420875549316,-0.6191559433937073,9.253763198852539,-0.8194429874420166,9.702798843383789,-1.0100762844085693,10.15758228302002,-1.2883849143981934
28e4134bcd664522907277f1ceec2893,stop behind the stopped car,1.3188203573226929,0.036170218139886856,2.1600518226623535,-0.11575683206319809,3.0297787189483643,-0.19033780694007874,3.914170980453491,-0.20357349514961243,4.805861949920654,-0.31323468685150146,5.364006042480469,-0.38533860445022583,6.030911445617676,-0.3338471055030823,6.434613227844238,-0.459597647190094,7.17862606048584,-0.6489940881729126,7.719346046447754,-0.7833637595176697,8.150606155395508,-0.953912615776062,8.50623893737793,-1.2342675924301147
28e4134bcd664522907277f1ceec2893,Slow down and stop right before approaching the vehicle in front.,1.281700611114502,0.04610513150691986,2.1865508556365967,-0.09060607850551605,3.0785486698150635,-0.12228807061910629,4.007961750030518,-0.17799481749534607,4.9126362800598145,-0.3175574839115143,5.611985206604004,-0.3688276708126068,6.335582256317139,-0.4297984838485718,7.054455757141113,-0.5892025828361511,7.8502960205078125,-0.7888301014900208,8.409207344055176,-0.9868310689926147,9.049100875854492,-1.2226276397705078,9.761573791503906,-1.6383150815963745
c9d654d4279c4efa9745a25ba6b373ee,stop behind the stopped car,0.8447810411453247,0.06721419841051102,1.2277663946151733,-0.11969345062971115,1.6954944133758545,-0.2326655089855194,2.243485689163208,-0.2099616378545761,2.8827030658721924,-0.3680255115032196,3.1013848781585693,-0.4301535487174988,3.5618326663970947,-0.4009156823158264,3.67244291305542,-0.5718467831611633,4.22938346862793,-0.7071403861045837,4.498903274536133,-0.9096333980560303,4.720710277557373,-1.0183875560760498,4.97580623626709,-1.2980412244796753
c9d654d4279c4efa9745a25ba6b373ee,Slow down and stop right before approaching the vehicle in front.,0.7813901901245117,0.04517326503992081,1.2576069831848145,-0.10940774530172348,1.7541203498840332,-0.15465351939201355,2.2880282402038574,-0.14852438867092133,2.9519665241241455,-0.2992122769355774,3.298008441925049,-0.3559451699256897,3.8179807662963867,-0.3945121169090271,4.297007083892822,-0.5849159955978394,4.888875484466553,-0.7607160806655884,5.2327375411987305,-1.0767261981964111,5.760067939758301,-1.258673906326294,6.405710220336914,-1.7910399436950684
9a0d2af517ff44f587c93254ee657215,stop at the intersection behind the truck,2.7793850898742676,0.0007249575573951006,4.954601764678955,-0.11899018287658691,7.2712249755859375,-0.11969463527202606,9.258443832397461,-0.17274563014507294,11.338845252990723,-0.36418041586875916,13.079392433166504,-0.3524264097213745,14.695948600769043,-0.2724733352661133,16.419208526611328,-0.26918065547943115,18.054798126220703,-0.5426921844482422,19.789621353149414,-0.6641404032707214,21.07257843017578,-0.9743634462356567,22.414785385131836,-1.243492603302002
69ee276c40644ddbb7fe21c613cd7689,"when the light turns green, go straight",2.0707285404205322,-0.04607929661870003,4.263547897338867,0.03298673778772354,6.595857620239258,-0.12504038214683533,9.047355651855469,-0.10373613238334656,11.584453582763672,-0.1418745517730713,14.11496353149414,-0.20195630192756653,16.94284439086914,-0.40343648195266724,19.76190185546875,-0.42517727613449097,22.54392433166504,-0.43571361899375916,25.259145736694336,-0.6241922378540039,28.369203567504883,-0.6502612829208374,31.426698684692383,-0.7626612782478333
5eaff323af5b4df4b864dbd433aeb75c,"urn left and enter the road, continue driving straight onthe road.",1.2398452758789062,-0.11002524942159653,2.4922873973846436,-0.04443022608757019,3.943347215652466,-0.19879992306232452,5.247182369232178,-0.23334963619709015,6.821756362915039,-0.412820965051651,8.4899263381958,-0.5558237433433533,10.232705116271973,-0.7205519676208496,11.713618278503418,-0.8383795619010925,13.467063903808594,-0.831070601940155,15.228623390197754,-1.2589930295944214,16.72987937927246,-1.4022345542907715,18.633615493774414,-1.4972018003463745
5eaff323af5b4df4b864dbd433aeb75c,go around road obstruction,1.2706602811813354,-0.11091983318328857,2.468338966369629,-0.1227344274520874,3.8721015453338623,-0.3047347664833069,5.156865119934082,-0.3481734097003937,6.740961074829102,-0.6036636829376221,8.206830024719238,-0.8119726777076721,9.8524751663208,-1.0129063129425049,11.36655044555664,-1.305397629737854,13.014533996582031,-1.4609766006469727,14.5786714553833,-2.1278512477874756,16.152511596679688,-2.5002360343933105,17.782320022583008,-2.977665662765503
5eaff323af5b4df4b864dbd433aeb75c,Briefly move to the left side of the road to go around the parked vehicle in front of you.,1.2964006662368774,-0.09578967839479446,2.566175699234009,-0.0020321409683674574,3.9306042194366455,-0.1602087914943695,5.240377902984619,-0.17121396958827972,6.681856155395508,-0.2173149585723877,8.181218147277832,-0.1832902878522873,9.736735343933105,-0.17028498649597168,10.979217529296875,0.03149505332112312,12.477280616760254,0.4364837408065796,14.051891326904297,0.44084253907203674,15.358410835266113,0.727044403553009,17.02758026123047,1.2457021474838257
49eb09ab4c4142268131125d6e619a0c,wait for the oncoming traffic to pass,0.8712995052337646,0.10272000730037689,1.0890374183654785,-0.08506514132022858,1.397547960281372,-0.3003964424133301,1.7903711795806885,-0.2932209074497223,2.135128974914551,-0.45792901515960693,2.441019296646118,-0.6672502160072327,2.72234845161438,-0.5826895236968994,2.76340389251709,-0.8050172328948975,3.1422300338745117,-0.9476059675216675,3.4177021980285645,-1.1008776426315308,3.6738040447235107,-1.447467565536499,3.839630126953125,-1.776405930519104
49eb09ab4c4142268131125d6e619a0c,turn right,0.5040165781974792,0.04771114140748978,0.875584065914154,-0.0012841603020206094,1.4343457221984863,-0.034601952880620956,1.8440933227539062,-0.1607511341571808,2.567823886871338,-0.16985854506492615,3.193187952041626,-0.28759923577308655,3.962737798690796,-0.5038007497787476,4.684965133666992,-0.6818161010742188,5.667012691497803,-1.0970385074615479,6.498177528381348,-1.284355878829956,7.53251314163208,-1.715749979019165,8.715251922607422,-2.2461752891540527
49eb09ab4c4142268131125d6e619a0c,"When the stoplight is green, attempt to make a left turn while",0.42323192954063416,-0.019674120470881462,0.7777092456817627,0.06961731612682343,1.275780200958252,-0.007923085242509842,1.7534455060958862,0.019540289416909218,2.6175575256347656,0.026540080085396767,3.099609136581421,0.23095043003559113,3.9844133853912354,0.28329214453697205,4.790683746337891,0.5092520713806152,5.635861873626709,0.7261817455291748,6.498834609985352,1.0725409984588623,7.613234996795654,1.704444169998169,8.887895584106445,2.231611967086792
49eb09ab4c4142268131125d6e619a0c,Slowly move forward and wait for oncoming traffic to pass,0.657101571559906,0.08688610047101974,0.8915936350822449,-0.06110845133662224,1.345477819442749,-0.13411809504032135,1.724348783493042,-0.16700471937656403,2.2801473140716553,-0.20171396434307098,2.506988048553467,-0.3380201756954193,3.041520833969116,-0.37136220932006836,3.422544002532959,-0.4783453643321991,3.8629837036132812,-0.5279248356819153,4.165590763092041,-0.6630650758743286,4.772481918334961,-0.7998067140579224,5.289726734161377,-0.9863544702529907
f12b4e7fb95646ec9dac305076024bb9,slowly approach the intersection,0.30631911754608154,-0.11371665447950363,0.5791577100753784,0.06095809489488602,1.1298272609710693,0.008542085066437721,1.848376989364624,-0.0156288780272007,2.681492805480957,-0.059444598853588104,3.693795919418335,-0.13993771374225616,4.811485767364502,-0.33550897240638733,6.053601264953613,-0.5399817824363708,7.358266353607178,-0.7473821043968201,8.801973342895508,-0.7996854186058044,10.265291213989258,-0.9738113880157471,11.943512916564941,-1.412979245185852
f12b4e7fb95646ec9dac305076024bb9,Wait at the intersection if there are cars crossing the intersection from the left and right side of the road,0.4373999834060669,0.021870626136660576,0.6508544087409973,0.07628343999385834,1.0489387512207031,0.02019941434264183,1.671427607536316,0.04528462886810303,2.5680553913116455,0.09128841012716293,3.125727415084839,0.2930983006954193,4.119818687438965,0.5259311199188232,5.067113399505615,0.8328829407691956,6.05226993560791,1.3191790580749512,6.9863691329956055,1.782353162765503,8.103816986083984,2.557877779006958,9.137116432189941,3.4027719497680664
f12b4e7fb95646ec9dac305076024bb9,Wait at the intersection and proceed right or left when it's safe to turn,0.411498099565506,0.0071150874719023705,0.72517329454422,0.02414153330028057,1.152085304260254,0.019995423033833504,1.8209145069122314,-0.1002047061920166,2.616288423538208,-0.09463556855916977,3.2993521690368652,-0.14510926604270935,4.411027908325195,-0.1876075118780136,5.308992862701416,-0.2922758162021637,6.449577331542969,-0.5120837092399597,7.555962562561035,-0.3951876759529114,8.733552932739258,-0.5926209092140198,9.969339370727539,-0.9116405844688416
43d5f10c855048b9963c9eb288a8a001,stop at the intersection then move ahead,2.5523595809936523,-0.031255461275577545,4.864634037017822,-0.0037305171135812998,7.276894569396973,-0.045321330428123474,9.519634246826172,-0.08395592868328094,11.622623443603516,-0.08337599784135818,13.501937866210938,-0.07293235510587692,15.521129608154297,-0.04776289686560631,17.296974182128906,-0.04699013754725456,19.074806213378906,0.02984989807009697,20.432598114013672,-0.017951127141714096,22.049943923950195,0.1366250365972519,23.508777618408203,0.17803454399108887
91c071bcc1ad4fa1b555399e1cfbab79,stop at the intersection behind the car,4.209811687469482,0.07020460069179535,7.781501770019531,-0.02944183349609375,11.424814224243164,0.028802651911973953,14.76598072052002,-0.060750290751457214,18.127857208251953,-0.0579678937792778,21.338823318481445,-0.032492395490407944,24.090007781982422,0.04090968891978264,27.214826583862305,0.13449159264564514,30.012596130371094,0.03626023977994919,32.94776916503906,0.11432190239429474,35.49080276489258,-0.28730377554893494,38.053619384765625,-0.38047677278518677
91c071bcc1ad4fa1b555399e1cfbab79,slow down,3.973745584487915,0.02601609379053116,7.815373420715332,0.02643118053674698,11.575855255126953,-0.02283025160431862,15.274399757385254,-0.1339862197637558,18.791553497314453,-0.10947222262620926,22.104900360107422,0.046653442084789276,25.548723220825195,-0.01789783127605915,28.78411865234375,-0.026335131376981735,31.86905288696289,0.12961232662200928,34.85264205932617,0.33524560928344727,37.83177185058594,0.6144704222679138,40.67213439941406,0.8858577013015747
91c071bcc1ad4fa1b555399e1cfbab79,Stop behind the vehicle in front of you.,4.190636157989502,-0.008196978829801083,7.898986339569092,-0.09408225119113922,11.521554946899414,-0.01710965856909752,15.0,-0.04416916146874428,18.37841033935547,-0.11135324835777283,21.56871795654297,0.001988278469070792,24.224489212036133,0.05935833230614662,27.231109619140625,0.050597283989191055,29.81211280822754,0.14227698743343353,32.30364227294922,0.1578158438205719,34.714622497558594,-0.07103683054447174,36.96285629272461,-0.12084119766950607
66134aebdaca4aca82aec91ec8c6245e,stop at the intersection,1.058510422706604,0.0892033576965332,1.5473130941390991,-0.07763222604990005,2.049548864364624,-0.1782749593257904,2.6733803749084473,-0.17809747159481049,3.18930983543396,-0.20382866263389587,3.5902137756347656,-0.3642559051513672,4.051812171936035,-0.22229944169521332,4.2087836265563965,-0.3236102759838104,4.690268039703369,-0.4977017641067505,5.1600141525268555,-0.5403638482093811,5.418334007263184,-0.7506273984909058,5.622610092163086,-0.9626592397689819
08110c8640454affb5167801442a85fd,"stop and let the pedestrians cross, then continue",2.2128984928131104,-0.03296913206577301,4.360137462615967,-0.04567183926701546,6.578771591186523,-0.03959772735834122,8.758159637451172,-0.17243623733520508,11.022452354431152,-0.30587416887283325,13.321137428283691,-0.331596702337265,15.610716819763184,-0.5307838916778564,18.047607421875,-0.6519372463226318,20.631160736083984,-0.7212514877319336,23.156700134277344,-0.9391273856163025,25.601900100708008,-0.9164539575576782,28.408811569213867,-1.1568018198013306
08110c8640454affb5167801442a85fd,stop for the pedestrians,2.4382541179656982,0.021671297028660774,4.581995010375977,-0.14091052114963531,6.624350547790527,-0.12895861268043518,8.75226879119873,-0.23963721096515656,10.885854721069336,-0.3232972025871277,12.84272575378418,-0.40594741702079773,14.639328002929688,-0.4747104048728943,16.667583465576172,-0.6620408296585083,18.59421157836914,-0.7342010140419006,20.273916244506836,-1.0275142192840576,21.988971710205078,-1.242526888847351,23.799379348754883,-1.5420101881027222
08110c8640454affb5167801442a85fd,Come to a stop before approaching the pedestrians to allow them to cross the road.,2.5502068996429443,0.038402583450078964,4.601027488708496,-0.14593122899532318,6.573190689086914,-0.15736524760723114,8.67125129699707,-0.22846652567386627,10.757516860961914,-0.2757442593574524,12.644647598266602,-0.39377644658088684,14.307567596435547,-0.40693527460098267,16.227947235107422,-0.5816304683685303,17.9118595123291,-0.6052518486976624,19.6170711517334,-0.7987495064735413,21.23519515991211,-1.0498154163360596,22.721168518066406,-1.2338474988937378
08110c8640454affb5167801442a85fd,Allow the pedestrians to cross the road and continue straight when the pedestrian aren't an obstacle on current lane,2.419590950012207,0.010073462501168251,4.563663005828857,-0.12242228537797928,6.612081050872803,-0.1046743243932724,8.732804298400879,-0.20719078183174133,10.87777328491211,-0.27780139446258545,12.822218894958496,-0.3550243675708771,14.648392677307129,-0.43293851613998413,16.763269424438477,-0.6018423438072205,18.655946731567383,-0.6034455895423889,20.44413948059082,-0.8084348440170288,22.207582473754883,-0.9495970010757446,24.097970962524414,-1.0995004177093506
70c3b2f2b1f3403083fd44d06cc5abe0,proceed slowly to avoid hitting the wheelchair,0.8956208825111389,-0.08876001834869385,1.7972965240478516,0.05714573711156845,3.190718412399292,-0.02816256694495678,4.110393047332764,-0.07773414254188538,5.612152576446533,-0.2708290219306946,7.250760078430176,-0.29948222637176514,8.722832679748535,-0.5955297350883484,10.440728187561035,-0.4923938512802124,12.047074317932129,-0.6218327283859253,13.790024757385254,-0.8582093119621277,15.264669418334961,-0.8794176578521729,17.376331329345703,-1.3369044065475464
d58468c6097c425e89671a7b3f480acf,go stright when the signal turns green,3.0961978435516357,-0.01804659143090248,6.35152006149292,-0.011558185331523418,9.689424514770508,-0.09856344759464264,13.270074844360352,-0.13744933903217316,16.62997055053711,-0.10706447064876556,20.05952262878418,-0.21901075541973114,23.777732849121094,-0.3971632122993469,27.180692672729492,-0.44363877177238464,30.647098541259766,-0.5758503079414368,34.215511322021484,-0.6431492567062378,37.72099685668945,-0.7320919632911682,41.13667678833008,-1.0194528102874756
d58468c6097c425e89671a7b3f480acf,Continue straight when the stpolight turns green,3.10074782371521,0.025438109412789345,6.323988914489746,-0.013667671009898186,9.63454818725586,-0.050923943519592285,13.081831932067871,-0.09090565890073776,16.364042282104492,-0.10455384850502014,19.66738510131836,-0.10556574165821075,23.062774658203125,-0.16450285911560059,26.367876052856445,-0.1643042266368866,29.599111557006836,-0.12238295376300812,32.830955505371094,-0.2091142237186432,36.18765640258789,-0.1837473064661026,39.24015808105469,-0.2197333723306656
3289046b886f4c98a676bd7e6a3c6ef1,stop before the crosswalk when the signal turns red,3.1707866191864014,0.03356870636343956,6.057129859924316,-0.049951858818531036,8.89606761932373,-0.07198797911405563,11.660210609436035,-0.11535895615816116,14.205490112304688,-0.17326197028160095,16.68307113647461,-0.12782171368598938,19.023469924926758,-0.1990119367837906,21.42822265625,-0.2720983922481537,23.55771255493164,-0.20568576455116272,25.473873138427734,-0.3387393653392792,27.39566421508789,-0.3828142583370209,29.28409767150879,-0.4486699104309082
727214583a2a478094d4f093d20c7060,stop behind the bus at the intersection,2.493140697479248,0.027216335758566856,4.371426105499268,-0.13919755816459656,6.337143898010254,-0.13073888421058655,8.262312889099121,-0.22889208793640137,10.089646339416504,-0.3759974241256714,11.698052406311035,-0.36919382214546204,13.263041496276855,-0.31378668546676636,14.761754989624023,-0.3470251262187958,16.39909553527832,-0.5630136728286743,18.04892349243164,-0.7808777689933777,19.284969329833984,-1.0621638298034668,20.40381622314453,-1.3097765445709229
e60ef590e3614187b7800db3e5284e1a,enter the horseshoe and stop at the gate,1.9092211723327637,-0.05630716308951378,3.5986886024475098,-0.1635695993900299,5.395341873168945,-0.24813082814216614,7.053661823272705,-0.28235113620758057,8.776932716369629,-0.5493024587631226,10.13770866394043,-0.6180213093757629,11.64341926574707,-0.779557466506958,13.13041877746582,-0.8497189879417419,14.512601852416992,-1.0296272039413452,15.48863410949707,-1.5338889360427856,16.72388458251953,-1.6008676290512085,17.809480667114258,-1.8713034391403198
e60ef590e3614187b7800db3e5284e1a,go to the left and stop in front of the building,1.9336727857589722,-0.0866117924451828,3.7547619342803955,-0.08514111489057541,5.480034351348877,-0.16199935972690582,7.171449661254883,-0.15927757322788239,8.809515953063965,-0.1695907711982727,10.377999305725098,-0.0722135454416275,11.965587615966797,-0.04470381513237953,13.298336029052734,0.2419857382774353,14.652318000793457,0.4949932396411896,16.003633499145508,0.471120685338974,17.38626480102539,0.9948714375495911,18.845609664916992,1.4541409015655518
e60ef590e3614187b7800db3e5284e1a,Take a left and stop at the front of the entrance,1.9297714233398438,-0.07488524168729782,3.7556211948394775,-0.07421834766864777,5.5043487548828125,-0.15396548807621002,7.194820880889893,-0.1543717086315155,8.83630084991455,-0.16504400968551636,10.444168090820312,-0.07052530348300934,12.067642211914062,-0.058856818825006485,13.442211151123047,0.22091594338417053,14.787708282470703,0.4866082966327667,16.235593795776367,0.5077108144760132,17.614269256591797,0.9841814637184143,19.170385360717773,1.444529414176941
209e9e9c3a2e4a399c44b6aa8be659d6,"turn right at the intersection avoid hitting the traffic cones, reverse back slighly and merge into the left lane",0.5822242498397827,0.06259196251630783,1.0201424360275269,0.08400297909975052,1.6714107990264893,0.2840842306613922,2.4148831367492676,0.36329227685928345,3.249823570251465,0.570448637008667,3.980193614959717,0.9790037870407104,4.859340190887451,1.298520803451538,5.8190202713012695,1.65157151222229,6.864043712615967,1.8921456336975098,7.786081314086914,2.1912553310394287,8.815499305725098,2.321402072906494,10.019014358520508,2.456214427947998
209e9e9c3a2e4a399c44b6aa8be659d6,"turn left, turn left",0.5671475529670715,0.012029808014631271,0.9963687062263489,0.17498382925987244,1.647194743156433,0.30870792269706726,2.328469753265381,0.4946713447570801,3.252418041229248,0.9032689332962036,3.897045135498047,1.476449728012085,4.711678504943848,2.117501735687256,5.6128034591674805,2.7142562866210938,6.531277179718018,3.4418082237243652,7.48828125,4.231898784637451,8.586671829223633,5.061295032501221,9.91468620300293,6.0220489501953125
209e9e9c3a2e4a399c44b6aa8be659d6,Make a left turn while avoiding the construction.,0.5345858335494995,0.014057890512049198,0.9767589569091797,0.14964741468429565,1.6438075304031372,0.297639399766922,2.34629225730896,0.4892091155052185,3.292585611343384,0.8370620012283325,3.9534075260162354,1.3864610195159912,4.811280727386475,1.9769352674484253,5.729561805725098,2.56148362159729,6.6927080154418945,3.2538645267486572,7.682784557342529,3.981523036956787,8.800495147705078,4.735952854156494,10.192414283752441,5.625288963317871
209e9e9c3a2e4a399c44b6aa8be659d6,Make the first left turn possible,0.5567530989646912,0.010651924647390842,0.9928359985351562,0.16847848892211914,1.6512889862060547,0.3049691915512085,2.3437135219573975,0.49201151728630066,3.279099702835083,0.8829287886619568,3.9256887435913086,1.4498000144958496,4.761709213256836,2.076124429702759,5.670644760131836,2.6725239753723145,6.6108551025390625,3.3902833461761475,7.583484172821045,4.166788578033447,8.689711570739746,4.973058700561523,10.047628402709961,5.905491352081299
a4fe925930de41489b12b85b77d2f0cb,"stop at the intersection, then proceed",1.1920647621154785,0.006337377708405256,2.163123846054077,-0.04733951762318611,3.2665765285491943,-0.111587755382061,4.37339973449707,-0.13947084546089172,5.565643787384033,-0.24731265008449554,6.497591018676758,-0.3394419550895691,7.663325786590576,-0.4242427945137024,8.71164608001709,-0.5908381938934326,9.813185691833496,-0.615631639957428,10.712456703186035,-0.8312534093856812,11.70659351348877,-0.9599648714065552,12.848211288452148,-1.2261627912521362
a4fe925930de41489b12b85b77d2f0cb,Merge to the left lane and stop before entering the main road.,1.1275578737258911,-0.01818927563726902,2.1423287391662598,-0.006231112405657768,3.28848934173584,-0.07459603250026703,4.452306747436523,-0.08600520342588425,5.736291885375977,-0.18634247779846191,6.898777961730957,-0.27826449275016785,8.274483680725098,-0.3839000463485718,9.496570587158203,-0.5094547867774963,10.82581901550293,-0.5181689262390137,12.011916160583496,-0.6625441312789917,13.252077102661133,-0.761042594909668,14.736894607543945,-1.015659213066101
a4fe925930de41489b12b85b77d2f0cb,Slowly enter the main road after the foll stop,1.1994261741638184,0.0271418709307909,2.187697410583496,-0.06781597435474396,3.2883870601654053,-0.11977900564670563,4.398370742797852,-0.1680864542722702,5.569013595581055,-0.3189738988876343,6.563747882843018,-0.43055689334869385,7.645754337310791,-0.5631635189056396,8.622698783874512,-0.7790394425392151,9.742161750793457,-0.969662070274353,10.58566951751709,-1.2722446918487549,11.51941967010498,-1.5786641836166382,12.673644065856934,-2.117203712463379
b4b82c4d338a4b6d86835388ce076345,"once vehicle in front moves, continue straight",-0.0446866899728775,-0.025611570104956627,0.07373733818531036,0.0797126516699791,0.28170403838157654,-0.03550794720649719,0.5110998749732971,0.021758129820227623,0.9487626552581787,0.042618703097105026,1.2135504484176636,0.025802627205848694,1.5848923921585083,-0.04432939365506172,2.237184762954712,-0.11613857001066208,2.9684946537017822,-0.2017461061477661,3.7055776119232178,-0.22339169681072235,4.7796478271484375,-0.3570862114429474,6.1214213371276855,-0.5809930562973022
b4b82c4d338a4b6d86835388ce076345,Start moving forward when the vehicle in front of you starts to go forward.,0.29282957315444946,0.07576002925634384,0.2541213035583496,0.04003405570983887,0.45388731360435486,-0.012551769614219666,0.49227622151374817,0.001413486897945404,0.7804901003837585,0.07375352829694748,0.721123218536377,-0.08019894361495972,0.9859904646873474,-0.05928422883152962,1.1220420598983765,-0.10779968649148941,1.3156682252883911,-0.1042192354798317,1.7321950197219849,0.006464719772338867,2.30057954788208,-0.16267290711402893,2.961841583251953,-0.1646517813205719
c133e78e55ae487c821803a3b183d1ab,stop and wait for the pedestrians,4.300695896148682,0.12332092225551605,8.42671012878418,-0.08761860430240631,12.841811180114746,-0.025016358122229576,16.984027862548828,-0.17009049654006958,20.999956130981445,-0.17567060887813568,25.096540451049805,-0.15502460300922394,28.705406188964844,-0.14209973812103271,32.63321304321289,-0.1821892410516739,36.273807525634766,-0.2079668790102005,39.51793670654297,-0.37050044536590576,42.65963363647461,-0.5260348916053772,45.94335174560547,-0.6261873245239258
c133e78e55ae487c821803a3b183d1ab,Stop before the stopwalk to allow the pedestrian to cross the road,4.092808246612549,0.18900030851364136,8.002923965454102,-0.04168982803821564,12.177907943725586,0.1296483725309372,16.019519805908203,0.0031948857940733433,19.570552825927734,-0.033380504697561264,23.66154670715332,-0.015480738133192062,26.763916015625,0.23551878333091736,30.445249557495117,0.3182368576526642,34.10833740234375,0.08438806235790253,37.72665786743164,0.1670742779970169,40.64568328857422,-0.10666641592979431,43.869834899902344,-0.21721522510051727
c133e78e55ae487c821803a3b183d1ab,Slow and come to a stop if needed to allow the pedestrian to cross,4.336982250213623,0.12251079082489014,8.407625198364258,-0.10927160829305649,12.806084632873535,-0.0095492172986269,16.895954132080078,-0.1507607400417328,20.80617904663086,-0.20023997128009796,24.872493743896484,-0.16932927072048187,28.28193473815918,-0.08153136074542999,32.07578659057617,-0.13463982939720154,35.68997573852539,-0.20118087530136108,38.867679595947266,-0.3100681006908417,41.927528381347656,-0.4969312846660614,45.00652313232422,-0.5924850106239319
df8dfada99a04a81bd1b102eeb84e9bc,turn right,3.309363842010498,0.028588341549038887,6.688290119171143,-0.16463518142700195,10.16620922088623,-0.38294893503189087,13.651277542114258,-0.6782296895980835,17.049436569213867,-0.9869685769081116,20.295513153076172,-1.3115992546081543,23.754119873046875,-1.7876497507095337,26.945589065551758,-2.2701456546783447,30.23751449584961,-2.7564892768859863,33.420379638671875,-3.509718894958496,36.349586486816406,-4.175656318664551,39.279964447021484,-4.925183296203613
df8dfada99a04a81bd1b102eeb84e9bc,Make a right turn,3.3107197284698486,0.026870278641581535,6.689034461975098,-0.17003312706947327,10.169866561889648,-0.38493332266807556,13.659440040588379,-0.6908878684043884,17.059267044067383,-1.0078457593917847,20.306968688964844,-1.3316547870635986,23.758190155029297,-1.7973378896713257,26.964744567871094,-2.2823257446289062,30.27708625793457,-2.8104357719421387,33.472171783447266,-3.5644149780273438,36.3984375,-4.254761695861816,39.33219909667969,-5.037571907043457
2911b04ae82a45f386ad4f79457dd73f,go all the way to the left lane,3.396451473236084,0.004547237418591976,6.708165645599365,-0.011028454639017582,10.03850269317627,-0.05759919434785843,13.407401084899902,-0.13555531203746796,16.527027130126953,-0.1356172412633896,19.586841583251953,-0.11375033855438232,22.749210357666016,-0.16775701940059662,25.751773834228516,-0.25912195444107056,28.667274475097656,-0.19304512441158295,31.38560676574707,-0.2410396933555603,34.14837646484375,-0.1994081437587738,36.85384750366211,-0.14959928393363953
2911b04ae82a45f386ad4f79457dd73f,Switch into the leftmost lane,3.4823646545410156,-0.01407615002244711,6.8088765144348145,-0.01087550912052393,10.137928009033203,-0.06779526174068451,13.43403434753418,-0.10579214990139008,16.512174606323242,-0.08021052926778793,19.51902961730957,0.00039275450399145484,22.684791564941406,-0.032371461391448975,25.47834587097168,-0.004741502460092306,28.20176124572754,0.18127885460853577,30.826740264892578,0.3082379996776581,33.56084060668945,0.5550093054771423,36.13085174560547,0.8260749578475952
2911b04ae82a45f386ad4f79457dd73f,Shift to the lane on the left,3.521481990814209,-0.029337700456380844,6.850269794464111,-0.022907109931111336,10.158491134643555,-0.07850348949432373,13.412190437316895,-0.09815938025712967,16.480480194091797,-0.05435388907790184,19.454984664916992,0.044860705733299255,22.576631546020508,0.005322798155248165,25.264432907104492,0.11896999180316925,27.897396087646484,0.3507201373577118,30.53949737548828,0.5285041332244873,33.27485656738281,0.8066135048866272,35.757080078125,1.1561477184295654
1e9283d1ce98428aaa3b851487eb4f58,"turn right, go around the vehicle",2.500577449798584,0.026939161121845245,4.780911445617676,-0.19761058688163757,7.289741516113281,-0.49696409702301025,9.607950210571289,-0.8759778738021851,11.852615356445312,-1.386687159538269,14.12193489074707,-1.8835177421569824,16.32233428955078,-2.5360677242279053,18.27958106994629,-3.284843921661377,20.41563606262207,-4.112296104431152,22.472909927368164,-4.997167110443115,24.417360305786133,-6.007192134857178,26.500356674194336,-6.990384101867676
1e9283d1ce98428aaa3b851487eb4f58,Make a right turn at the intersection,2.5092523097991943,0.03543829172849655,4.788186073303223,-0.2021591067314148,7.303203105926514,-0.4984540343284607,9.615846633911133,-0.9239488244056702,11.865724563598633,-1.463380217552185,14.156962394714355,-1.9848670959472656,16.360971450805664,-2.6516172885894775,18.355411529541016,-3.415576696395874,20.508108139038086,-4.374800682067871,22.644012451171875,-5.271212577819824,24.582868576049805,-6.384652137756348,26.678260803222656,-7.45298957824707
1e9283d1ce98428aaa3b851487eb4f58,Make a right turn at the light. Go around the stopped vehicle by going in the opposite lane only if it's safe to do so,2.5368733406066895,0.03689269721508026,4.813248157501221,-0.20682917535305023,7.306611061096191,-0.4968954920768738,9.587833404541016,-0.8802207112312317,11.804068565368652,-1.4040296077728271,13.995805740356445,-1.8731244802474976,16.146326065063477,-2.459622383117676,18.03902816772461,-3.1912786960601807,20.084247589111328,-4.018461227416992,22.05065155029297,-4.919909477233887,23.876283645629883,-5.94108772277832,25.83080291748047,-6.910583972930908
64ca274b5f69458bb5d21e0e2e071902,follow the road,3.0999016761779785,0.0010467610554769635,6.3678131103515625,0.03763163834810257,9.566349029541016,0.07489776611328125,12.971919059753418,0.04973503574728966,16.091720581054688,0.09287764132022858,19.377670288085938,0.19175316393375397,22.77358055114746,0.12990401685237885,26.01215934753418,0.14730092883110046,29.445106506347656,0.15071333944797516,32.63204574584961,0.13503281772136688,36.10967254638672,0.07982230931520462,39.43430709838867,0.0664135217666626
64ca274b5f69458bb5d21e0e2e071902,After crossing the first intersection stay on the left side of the road,3.3094213008880615,-0.0229486133903265,6.5472025871276855,-0.00749623216688633,9.843061447143555,0.003775385208427906,12.995065689086914,0.07093381136655807,16.09416961669922,0.17754864692687988,19.12314224243164,0.2757967412471771,22.411468505859375,0.38745805621147156,25.241893768310547,0.45366090536117554,28.07558822631836,0.6318532228469849,30.885112762451172,0.8541069030761719,33.856201171875,1.2013239860534668,36.557254791259766,1.651154637336731
2ba06ef7b3b44cbfad6d771981d86af9,Follow the truck in front of you while maintaining a safe distance.,2.6920087337493896,-0.0022432447876781225,5.153338432312012,-0.1300727277994156,7.9425530433654785,-0.144509956240654,10.394942283630371,-0.1723538190126419,12.96680736541748,-0.3720877766609192,15.282220840454102,-0.33777767419815063,17.479869842529297,-0.4336004853248596,20.011585235595703,-0.3611281216144562,22.230253219604492,-0.47637221217155457,23.925153732299805,-0.7226333022117615,25.956411361694336,-0.7304426431655884,27.901660919189453,-0.9339618682861328
75ebb308bea04317adbc25554d5cd7f5,Maintain a safe distance with the car in front of you,2.7721617221832275,0.004556919913738966,5.32757043838501,-0.04331910237669945,8.099725723266602,-0.06797197461128235,10.606499671936035,-0.11649712175130844,12.915342330932617,-0.17088691890239716,15.162952423095703,-0.19163206219673157,17.298433303833008,-0.2491944432258606,19.44123077392578,-0.2564690113067627,21.47459602355957,-0.32111692428588867,23.090606689453125,-0.49512311816215515,24.878215789794922,-0.5186010599136353,26.558021545410156,-0.6924439072608948
b0be2e24e2234947867c7f555f6f59d2,Stay stopped as long as the vehicle in front of you is stopped.,0.4265038073062897,0.11226245015859604,0.34561994671821594,0.02213330939412117,0.5591713786125183,-0.031838662922382355,0.6186944246292114,-0.015912212431430817,0.7887369990348816,0.04491036385297775,0.7262735962867737,-0.16299301385879517,1.017988681793213,-0.06141065061092377,1.0262140035629272,-0.07267865538597107,1.2507840394973755,-0.08711711317300797,1.4732861518859863,0.025087684392929077,1.9223029613494873,-0.18075253069400787,2.267758369445801,-0.14399303495883942
cffc45a1565446fab5014afb3da169e8,"Slow down when the vehicle in front of you starts to turn, but proceed to normal speed once the vehicle is out of your lane.",3.136413097381592,0.026106689125299454,6.310558795928955,-0.043020639568567276,9.534284591674805,-0.05122579634189606,12.780381202697754,-0.1714830994606018,15.83718490600586,-0.13281816244125366,18.789121627807617,-0.1203448697924614,21.92983627319336,-0.22495310008525848,24.944671630859375,-0.31839707493782043,27.957313537597656,-0.3039528727531433,30.733745574951172,-0.4148537814617157,33.69037628173828,-0.4448121190071106,36.44432830810547,-0.4677168130874634
26540bfbab79463cb1ba76b52ec6013b,"After almost crossing the intersection, slightly move to the left side of the road to avoid the individual walking toward the vehicle. Go to the right lane after",3.321608066558838,0.013830933719873428,6.585257530212402,-0.01334585901349783,9.842164039611816,-0.08042597770690918,13.103596687316895,-0.12375529110431671,16.12075424194336,-0.11064299941062927,19.060213088989258,-0.0954725444316864,22.05208969116211,-0.15966163575649261,24.82080078125,-0.19966468214988708,27.516958236694336,-0.13715994358062744,29.98102569580078,-0.17282335460186005,32.57505798339844,-0.16742819547653198,35.06044387817383,-0.06383581459522247
64a3a2d22172406c848f2a92275808ba,Go straight when the stoplight turns green,3.3668417930603027,-0.008922123350203037,6.901705741882324,-0.019505251199007034,10.428548812866211,-0.07745480537414551,14.063277244567871,-0.10654138028621674,17.624446868896484,-0.06593472510576248,21.16801643371582,-0.08010141551494598,24.915992736816406,-0.23585939407348633,28.499624252319336,-0.28194141387939453,32.17946243286133,-0.2387193739414215,35.7871208190918,-0.3409869372844696,39.58087158203125,-0.34003958106040955,43.215816497802734,-0.3358808755874634
cd122d67c51c4fa4902486897cad91ad,Go on the left side of your lane before appraoching the construction that is on the right side of your lane,4.013092994689941,0.04031694680452347,7.863504886627197,0.019421961158514023,11.660442352294922,-0.002903142711147666,15.52109146118164,-0.12849682569503784,19.157283782958984,-0.11146024614572525,22.773460388183594,0.03926772624254227,26.460681915283203,-0.05456439405679703,29.914968490600586,-0.019060762599110603,33.31785583496094,0.20766574144363403,36.69508361816406,0.357831746339798,39.93756103515625,0.626867949962616,43.235103607177734,0.8735344409942627
dc8302cfccdb4812a0a4a60dde595e18,Keep a safe distance between the individual on the bicycle in front of you,2.809021234512329,0.021922575309872627,5.515718460083008,-0.04901145026087761,8.291773796081543,-0.06792176514863968,10.95839786529541,-0.14130637049674988,13.401870727539062,-0.15111742913722992,15.755029678344727,-0.2034122347831726,18.08441925048828,-0.27955490350723267,20.370208740234375,-0.35985586047172546,22.63589096069336,-0.39290890097618103,24.473316192626953,-0.5912198424339294,26.625139236450195,-0.6652830839157104,28.45744514465332,-0.7913766503334045
078e6d7a3d4a429bba404bf12c7a98f2,"Slightly go onto the left lane, if it is safe, to avoid the parked vehicle on the right side of your lane.",2.818675994873047,0.010977023281157017,5.645511150360107,-0.017263365909457207,8.535982131958008,-0.04434311017394066,11.39555549621582,-0.09304025769233704,14.152774810791016,-0.08237191289663315,16.894176483154297,-0.05983128398656845,19.72813606262207,-0.09074108302593231,22.341703414916992,-0.0449334941804409,24.986356735229492,0.030180271714925766,27.45256233215332,0.058794934302568436,30.129915237426758,0.1883070170879364,32.610164642333984,0.3558756113052368
078e6d7a3d4a429bba404bf12c7a98f2,Go around the stopped vehicle on the road by going in the left lane only if it's safe to do so,2.7986013889312744,-0.02026267722249031,5.632164001464844,-0.0013082062359899282,8.546934127807617,-0.04935107380151749,11.447514533996582,-0.10200678557157516,14.249680519104004,-0.0877871885895729,17.108768463134766,-0.06671542674303055,20.143978118896484,-0.11174273490905762,22.860103607177734,-0.0396156832575798,25.62911033630371,0.07367641478776932,28.382789611816406,0.15510061383247375,31.219459533691406,0.28942278027534485,34.06797409057617,0.5227926969528198
02e484442a2f411b971edcf96ebbe885,"When the light turns green, proceed straight",1.8602542877197266,-0.0972040593624115,3.7830569744110107,0.007085810415446758,5.894773483276367,-0.21168158948421478,8.226174354553223,-0.26356789469718933,10.616609573364258,-0.30819064378738403,13.032111167907715,-0.5421302318572998,15.672056198120117,-0.7610467076301575,18.35455894470215,-0.8579052686691284,20.925251007080078,-0.8502823114395142,23.455291748046875,-1.3307424783706665,26.39440155029297,-1.4565917253494263,29.221099853515625,-1.7235984802246094
02e484442a2f411b971edcf96ebbe885,Come to a stop when you appraoch the parked vehicle in front,2.132242202758789,-0.01911589875817299,3.801628589630127,-0.14912374317646027,5.852637767791748,-0.23631803691387177,7.658365249633789,-0.3133595883846283,9.625025749206543,-0.5338297486305237,11.305871963500977,-0.5437771081924438,13.006743431091309,-0.6361280083656311,14.884273529052734,-0.6690974831581116,16.443126678466797,-0.7943801283836365,17.757305145263672,-1.2124686241149902,19.360776901245117,-1.2396464347839355,20.876548767089844,-1.4921616315841675
5a2aac9df32945d183fc81924ff148b6,Switch to the right lane when you see the parked vehicle ahead.,2.3807711601257324,-0.06262420862913132,4.630502700805664,-0.3021586835384369,7.143761157989502,-0.7260841727256775,9.536897659301758,-1.1315562725067139,11.877867698669434,-1.7421009540557861,14.08207893371582,-2.498033285140991,16.395511627197266,-3.4889373779296875,18.67225456237793,-4.475286960601807,21.087116241455078,-5.1819539070129395,23.347562789916992,-6.578544616699219,25.674203872680664,-7.727259635925293,27.882537841796875,-8.753556251525879
e12dee10fe2545e4ab88459ed4268bc6,Stop before the crosswalk to allow the pedestrians to cross through. Then proceed forward once it is clear,0.3460548520088196,0.05976260453462601,0.4148581624031067,0.02420240268111229,0.6739088892936707,-0.01790575310587883,0.8288792967796326,-0.03608210012316704,1.1928766965866089,-0.00872581172734499,1.329500675201416,-0.13374345004558563,1.7352834939956665,-0.12998105585575104,2.003188133239746,-0.2475721836090088,2.5013437271118164,-0.2531794011592865,3.0113134384155273,-0.17721843719482422,3.670593500137329,-0.38076621294021606,4.606656551361084,-0.46385952830314636
26a6b03c8e2f4e6692f174a7074e54ff,Slow down to let the vehicle ahead turn,3.3676793575286865,0.035857319831848145,6.662417411804199,-0.027453694492578506,10.028430938720703,-0.045021478086709976,13.338933944702148,-0.1221715658903122,16.439533233642578,-0.07696394622325897,19.429519653320312,-0.05095899850130081,22.52299690246582,-0.11257808655500412,25.41351318359375,-0.18746183812618256,28.255937576293945,-0.1353321224451065,30.827983856201172,-0.18892981112003326,33.53799057006836,-0.1937856376171112,36.04000473022461,-0.15253384411334991
