sample_token,instruction,x1,y1,x2,y2,x3,y3,x4,y4,x5,y5,x6,y6,x7,y7,x8,y8,x9,y9,x10,y10,x11,y11,x12,y12
c6c092a66329470f836714f46b92d59b,"go straight, move away slightly from parked vehicles",0.48515093326568604,-0.011452892795205116,1.0873569250106812,0.0037060475442558527,1.6379839181900024,-0.005318324081599712,2.1591320037841797,0.009003247134387493,2.6621408462524414,0.02101268619298935,3.175191640853882,0.030515968799591064,3.684159755706787,0.04425809904932976,4.192015647888184,0.04499826952815056,4.680569648742676,0.053067129105329514,5.188968181610107,0.05833829939365387,5.664349555969238,0.056193575263023376,6.1431050300598145,0.07228709757328033
c6c092a66329470f836714f46b92d59b,Continue going straight and move slightly right to avoid the truck on your left.,0.48515093326568604,-0.011452892795205116,1.0873569250106812,0.0037060475442558527,1.6379839181900024,-0.005318324081599712,2.1591320037841797,0.009003247134387493,2.6621408462524414,0.02101268619298935,3.175191640853882,0.030515968799591064,3.684159755706787,0.04425809904932976,4.192015647888184,0.04499826952815056,4.680569648742676,0.053067129105329514,5.188968181610107,0.05833829939365387,5.664349555969238,0.056193575263023376,6.1431050300598145,0.07228709757328033
c6c092a66329470f836714f46b92d59b,,0.48515087366104126,-0.011452894657850266,1.0873569250106812,0.0037060475442558527,1.637983798980713,-0.005318323150277138,2.1591320037841797,0.009003248065710068,2.6621408462524414,0.0210126806050539,3.17519211769104,0.030515968799591064,3.684159517288208,0.04425809904932976,4.192015171051025,0.04499826952815056,4.680569171905518,0.053067125380039215,5.188967704772949,0.05833829939365387,5.664349555969238,0.05619358271360397,6.143104553222656,0.07228709757328033
c6c092a66329470f836714f46b92d59b,Stay on the right side of the lane to avoid hitting the car on your left side of the lane,0.48515093326568604,-0.011452892795205116,1.0873569250106812,0.0037060475442558527,1.6379839181900024,-0.005318324081599712,2.1591320037841797,0.009003247134387493,2.6621408462524414,0.02101268619298935,3.175191640853882,0.030515968799591064,3.684159755706787,0.04425809904932976,4.192015647888184,0.04499826952815056,4.680569648742676,0.053067129105329514,5.188968181610107,0.05833829939365387,5.664349555969238,0.056193575263023376,6.1431050300598145,0.07228709757328033
c6c092a66329470f836714f46b92d59b,Keep staying on the right side to avoid hitting the second car on the left side of your lane,0.48515093326568604,-0.011452892795205116,1.0873569250106812,0.0037060475442558527,1.6379839181900024,-0.005318324081599712,2.1591320037841797,0.009003247134387493,2.6621408462524414,0.02101268619298935,3.175191640853882,0.030515968799591064,3.684159755706787,0.04425809904932976,4.192015647888184,0.04499826952815056,4.680569648742676,0.053067129105329514,5.188968181610107,0.05833829939365387,5.664349555969238,0.056193575263023376,6.1431050300598145,0.07228709757328033
c6c092a66329470f836714f46b92d59b,Go back onto the left lane,0.48515093326568604,-0.011452892795205116,1.0873569250106812,0.0037060475442558527,1.6379839181900024,-0.005318324081599712,2.1591320037841797,0.009003247134387493,2.6621408462524414,0.02101268619298935,3.175191640853882,0.030515968799591064,3.684159755706787,0.04425809904932976,4.192015647888184,0.04499826952815056,4.680569648742676,0.053067129105329514,5.188968181610107,0.05833829939365387,5.664349555969238,0.056193575263023376,6.1431050300598145,0.07228709757328033
8758419c03ab47a59ea6d6620176f3a3,slow down at the intersection and wait for the white truck to turn then continue,0.3909854292869568,-0.009798428043723106,0.8678993582725525,0.006155381444841623,1.3020899295806885,-0.0030287194531410933,1.7205229997634888,0.013921455480158329,2.117424726486206,0.032006047666072845,2.5262131690979004,0.04270254820585251,2.933962106704712,0.0602140873670578,3.329695701599121,0.07123611867427826,3.7254221439361572,0.07718820124864578,4.120893478393555,0.08780621737241745,4.4989237785339355,0.09468354284763336,4.866234302520752,0.11111573874950409
8758419c03ab47a59ea6d6620176f3a3,Keep going straight and follow the same lane.,0.3909854292869568,-0.009798428043723106,0.8678993582725525,0.006155381444841623,1.3020899295806885,-0.0030287194531410933,1.7205229997634888,0.013921455480158329,2.117424726486206,0.032006047666072845,2.5262131690979004,0.04270254820585251,2.933962106704712,0.0602140873670578,3.329695701599121,0.07123611867427826,3.7254221439361572,0.07718820124864578,4.120893478393555,0.08780621737241745,4.4989237785339355,0.09468354284763336,4.866234302520752,0.11111573874950409
8758419c03ab47a59ea6d6620176f3a3,go straight,0.3909854292869568,-0.009798428043723106,0.8678993582725525,0.006155381444841623,1.3020899295806885,-0.0030287194531410933,1.7205229997634888,0.013921455480158329,2.117424726486206,0.032006047666072845,2.5262131690979004,0.04270254820585251,2.933962106704712,0.0602140873670578,3.329695701599121,0.07123611867427826,3.7254221439361572,0.07718820124864578,4.120893478393555,0.08780621737241745,4.4989237785339355,0.09468354284763336,4.866234302520752,0.11111573874950409
8758419c03ab47a59ea6d6620176f3a3,,0.3909854292869568,-0.009798428043723106,0.8678993582725525,0.006155381444841623,1.3020899295806885,-0.0030287194531410933,1.7205229997634888,0.013921455480158329,2.117424726486206,0.032006047666072845,2.5262131690979004,0.04270254820585251,2.933962106704712,0.0602140873670578,3.329695701599121,0.07123611867427826,3.7254221439361572,0.07718820124864578,4.120893478393555,0.08780621737241745,4.4989237785339355,0.09468354284763336,4.866234302520752,0.11111573874950409
8758419c03ab47a59ea6d6620176f3a3,Slow down when the white truck turns left,0.3909854292869568,-0.009798428043723106,0.8678993582725525,0.006155381444841623,1.3020899295806885,-0.0030287194531410933,1.7205229997634888,0.013921455480158329,2.117424726486206,0.032006047666072845,2.5262131690979004,0.04270254820585251,2.933962106704712,0.0602140873670578,3.329695701599121,0.07123611867427826,3.7254221439361572,0.07718820124864578,4.120893478393555,0.08780621737241745,4.4989237785339355,0.09468354284763336,4.866234302520752,0.11111573874950409
4047f251c21a475abb49518e0fa6fa9e,continue straight at the intersection,0.48086822032928467,-0.013234834186732769,1.078700304031372,-0.0024509294889867306,1.6258341073989868,-0.019519494846463203,2.143803119659424,-0.013041365891695023,2.6441092491149902,-0.010503420606255531,3.155405282974243,-0.011973823420703411,3.661116600036621,-0.011341443285346031,4.167638301849365,-0.02466101571917534,4.65302848815918,-0.030622323974967003,5.1593098640441895,-0.04009179025888443,5.630679607391357,-0.059074513614177704,6.110165596008301,-0.05886223167181015
4047f251c21a475abb49518e0fa6fa9e,,0.48086827993392944,-0.013234834186732769,1.078700304031372,-0.0024509294889867306,1.6258341073989868,-0.019519498571753502,2.1438028812408447,-0.013041365891695023,2.6441092491149902,-0.01050342433154583,3.1554059982299805,-0.011973823420703411,3.661115884780884,-0.011341443285346031,4.167637825012207,-0.02466101385653019,4.65302848815918,-0.030622323974967003,5.1593098640441895,-0.04009179025888443,5.630679607391357,-0.05907450616359711,6.110165596008301,-0.05886223539710045
cf550d9670274ac1a7f274fbacb39c48,"at the end of the construction turn right at the intersection, merge onto the left lane",0.34937164187431335,-0.01501624658703804,0.7605849504470825,-0.020381318405270576,1.1416113376617432,-0.06748923659324646,1.5068742036819458,-0.10097925364971161,1.8624229431152344,-0.13324612379074097,2.2188940048217773,-0.18660219013690948,2.585143804550171,-0.2394682615995407,2.938704490661621,-0.2981964349746704,3.3011717796325684,-0.3747512102127075,3.6481146812438965,-0.45571452379226685,3.9925296306610107,-0.5290318131446838,4.316030979156494,-0.5998800992965698
cf550d9670274ac1a7f274fbacb39c48,Slow down and watch the pedestrian and the turn right and continue going straight,0.34937164187431335,-0.01501624658703804,0.7605849504470825,-0.020381318405270576,1.1416113376617432,-0.06748923659324646,1.5068742036819458,-0.10097925364971161,1.8624229431152344,-0.13324612379074097,2.2188940048217773,-0.18660219013690948,2.585143804550171,-0.2394682615995407,2.938704490661621,-0.2981964349746704,3.3011717796325684,-0.3747512102127075,3.6481146812438965,-0.45571452379226685,3.9925296306610107,-0.5290318131446838,4.316030979156494,-0.5998800992965698
cf550d9670274ac1a7f274fbacb39c48,"turn right on the T-junction, then slide into the leftmost lane",0.34937164187431335,-0.01501624658703804,0.7605849504470825,-0.020381318405270576,1.1416113376617432,-0.06748923659324646,1.5068742036819458,-0.10097925364971161,1.8624229431152344,-0.13324612379074097,2.2188940048217773,-0.18660219013690948,2.585143804550171,-0.2394682615995407,2.938704490661621,-0.2981964349746704,3.3011717796325684,-0.3747512102127075,3.6481146812438965,-0.45571452379226685,3.9925296306610107,-0.5290318131446838,4.316030979156494,-0.5998800992965698
cf550d9670274ac1a7f274fbacb39c48,"make a right turn, switch to the left lane",0.34937164187431335,-0.01501624658703804,0.7605849504470825,-0.020381318405270576,1.1416113376617432,-0.06748923659324646,1.5068742036819458,-0.10097925364971161,1.8624229431152344,-0.13324612379074097,2.2188940048217773,-0.18660219013690948,2.585143804550171,-0.2394682615995407,2.938704490661621,-0.2981964349746704,3.3011717796325684,-0.3747512102127075,3.6481146812438965,-0.45571452379226685,3.9925296306610107,-0.5290318131446838,4.316030979156494,-0.5998800992965698
cf550d9670274ac1a7f274fbacb39c48,Slow down when the person crosses the road,0.34937164187431335,-0.01501624658703804,0.7605849504470825,-0.020381318405270576,1.1416113376617432,-0.06748923659324646,1.5068742036819458,-0.10097925364971161,1.8624229431152344,-0.13324612379074097,2.2188940048217773,-0.18660219013690948,2.585143804550171,-0.2394682615995407,2.938704490661621,-0.2981964349746704,3.3011717796325684,-0.3747512102127075,3.6481146812438965,-0.45571452379226685,3.9925296306610107,-0.5290318131446838,4.316030979156494,-0.5998800992965698
cf550d9670274ac1a7f274fbacb39c48,Turn right at the intersection,0.34937164187431335,-0.01501624658703804,0.7605849504470825,-0.020381318405270576,1.1416113376617432,-0.06748923659324646,1.5068742036819458,-0.10097925364971161,1.8624229431152344,-0.13324612379074097,2.2188940048217773,-0.18660219013690948,2.585143804550171,-0.2394682615995407,2.938704490661621,-0.2981964349746704,3.3011717796325684,-0.3747512102127075,3.6481146812438965,-0.45571452379226685,3.9925296306610107,-0.5290318131446838,4.316030979156494,-0.5998800992965698
095d9b93b583425f910ae2afaf1d017d,turn left at the intersection and continue straight,0.4645317792892456,-0.002329234266653657,1.037499189376831,0.008781563490629196,1.5569583177566528,0.01127712894231081,2.0650479793548584,0.026699677109718323,2.5511043071746826,0.05474415794014931,3.0459134578704834,0.06855034083127975,3.5300252437591553,0.10119855403900146,4.009243488311768,0.11894840747117996,4.487430095672607,0.13729910552501678,4.966986179351807,0.16553358733654022,5.422966003417969,0.17366807162761688,5.881590366363525,0.21891987323760986
095d9b93b583425f910ae2afaf1d017d,Keeping going straight then at the next turn take a left,0.4645317792892456,-0.002329234266653657,1.037499189376831,0.008781563490629196,1.5569583177566528,0.01127712894231081,2.0650479793548584,0.02669968269765377,2.5511040687561035,0.05474415794014931,3.0459134578704834,0.06855033338069916,3.5300252437591553,0.10119855403900146,4.009243488311768,0.11894840002059937,4.487430095672607,0.13729912042617798,4.966986179351807,0.16553358733654022,5.422966003417969,0.17366807162761688,5.881590366363525,0.21891987323760986
095d9b93b583425f910ae2afaf1d017d,turn left at the intersection,0.4645317792892456,-0.0023292340338230133,1.037499189376831,0.008781563490629196,1.5569583177566528,0.01127713080495596,2.0650479793548584,0.02669968269765377,2.5511040687561035,0.054744165390729904,3.0459134578704834,0.06855034083127975,3.5300252437591553,0.10119856148958206,4.009243488311768,0.11894840747117996,4.487430095672607,0.13729912042617798,4.966986179351807,0.16553358733654022,5.422966003417969,0.17366807162761688,5.881590366363525,0.21891987323760986
095d9b93b583425f910ae2afaf1d017d,turn left,0.4645317792892456,-0.002329234965145588,1.037499189376831,0.008781563490629196,1.5569583177566528,0.01127712707966566,2.0650479793548584,0.026699671521782875,2.5511040687561035,0.05474415048956871,3.0459134578704834,0.06855032593011856,3.5300252437591553,0.10119853168725967,4.009243488311768,0.11894837766885757,4.487430095672607,0.1372990906238556,4.966986179351807,0.16553355753421783,5.422966003417969,0.1736680269241333,5.881590366363525,0.21891982853412628
095d9b93b583425f910ae2afaf1d017d,Take the very first left and stay on the leftmost lane,0.4645317792892456,-0.0023292347323149443,1.037499189376831,0.008781563490629196,1.5569583177566528,0.011277128010988235,2.0650479793548584,0.026699677109718323,2.5511043071746826,0.05474415421485901,3.0459134578704834,0.06855034083127975,3.5300252437591553,0.10119854658842087,4.009243488311768,0.11894840747117996,4.487430095672607,0.13729910552501678,4.966986179351807,0.16553358733654022,5.422966003417969,0.17366807162761688,5.881590366363525,0.21891987323760986
8b43539a55374b6c8ed60c95a42d63a2,turn left at the end of the intersection and drive around avoiding parked trucks on the road,0.35631826519966125,-0.00015681562945246696,0.7949764728546143,0.02822979725897312,1.1854816675186157,0.05013855919241905,1.5804678201675415,0.08680051565170288,1.954182744026184,0.1568952351808548,2.335747718811035,0.20202912390232086,2.72062611579895,0.2767849564552307,3.0785093307495117,0.3455701768398285,3.4599478244781494,0.4015319347381592,3.8304150104522705,0.46795177459716797,4.191009521484375,0.5453349947929382,4.530876636505127,0.6300025582313538
8b43539a55374b6c8ed60c95a42d63a2,Take a left turn and aviad the cars and trucks  to the left. Split the lane until the trucks clear up.,0.35631826519966125,-0.00015681562945246696,0.7949764728546143,0.028229795396327972,1.1854816675186157,0.050138551741838455,1.5804678201675415,0.08680050820112228,1.954182744026184,0.1568952202796936,2.335747718811035,0.20202910900115967,2.72062611579895,0.2767849266529083,3.0785093307495117,0.3455701172351837,3.4599478244781494,0.4015319049358368,3.8304150104522705,0.4679516851902008,4.191009521484375,0.5453349351882935,4.530876636505127,0.630002498626709
8b43539a55374b6c8ed60c95a42d63a2,turn right at the intersection,0.35631826519966125,-0.00015681562945246696,0.7949764728546143,0.028229795396327972,1.1854816675186157,0.050138551741838455,1.5804678201675415,0.08680050820112228,1.954182744026184,0.1568952351808548,2.335747718811035,0.20202910900115967,2.72062611579895,0.2767849266529083,3.0785093307495117,0.3455701768398285,3.4599478244781494,0.4015319347381592,3.8304150104522705,0.4679517447948456,4.191009521484375,0.5453349947929382,4.530876636505127,0.630002498626709
8b43539a55374b6c8ed60c95a42d63a2,"turn left, avoid road obstruction",0.35631826519966125,-0.00015681562945246696,0.7949764728546143,0.02822979725897312,1.1854816675186157,0.050138551741838455,1.5804678201675415,0.08680051565170288,1.954182744026184,0.1568952351808548,2.335747718811035,0.20202910900115967,2.72062611579895,0.2767849564552307,3.0785093307495117,0.3455701768398285,3.4599478244781494,0.4015319347381592,3.8304150104522705,0.46795177459716797,4.191009521484375,0.5453349947929382,4.530876636505127,0.6300025582313538
8b43539a55374b6c8ed60c95a42d63a2,Make a left turn,0.35631826519966125,-0.00015681562945246696,0.7949764728546143,0.028229795396327972,1.1854816675186157,0.050138551741838455,1.5804678201675415,0.08680050820112228,1.954182744026184,0.1568952202796936,2.335747718811035,0.20202910900115967,2.72062611579895,0.2767849266529083,3.0785093307495117,0.3455701172351837,3.4599478244781494,0.4015319347381592,3.8304150104522705,0.4679516851902008,4.191009521484375,0.5453349351882935,4.530876636505127,0.630002498626709
8b43539a55374b6c8ed60c95a42d63a2,"Stay in the middle of the lane to avoid the vehicles on the left and right sides of the road, but then proceed to switching to the left lanes ones the cars on the left clear.",0.35631826519966125,-0.00015681562945246696,0.7949764728546143,0.028229795396327972,1.1854816675186157,0.05013855919241905,1.5804678201675415,0.08680050820112228,1.954182744026184,0.1568952202796936,2.335747718811035,0.20202910900115967,2.72062611579895,0.2767849266529083,3.0785093307495117,0.3455701172351837,3.4599478244781494,0.4015319347381592,3.8304150104522705,0.4679517447948456,4.191009521484375,0.5453349947929382,4.530876636505127,0.630002498626709
30e77a3561ce4f1bb4fd90e322ea29d7,wait until there are no vehicles approaching from behind,0.028367141261696815,-0.004069190472364426,0.07393207401037216,-0.006687498185783625,0.1093716025352478,-0.01266972254961729,0.17178530991077423,-0.011583867482841015,0.21167026460170746,-0.016186054795980453,0.2870902419090271,-0.020647495985031128,0.3554583489894867,-0.018878638744354248,0.4304593503475189,-0.026846667751669884,0.49969732761383057,-0.02930953912436962,0.595004141330719,-0.021038718521595,0.667651355266571,-0.033594127744436264,0.7642651200294495,-0.03260590508580208
30e77a3561ce4f1bb4fd90e322ea29d7,,0.02836713008582592,-0.004069191869348288,0.07393205165863037,-0.006687500048428774,0.10937153548002243,-0.012669716030359268,0.17178523540496826,-0.011583875864744186,0.21167020499706268,-0.016186049208045006,0.28709015250205994,-0.020647499710321426,0.35545825958251953,-0.018878629431128502,0.43045923113822937,-0.02684665285050869,0.4996972978115082,-0.02930951863527298,0.595004141330719,-0.021038709208369255,0.6676512360572815,-0.03359411656856537,0.7642650008201599,-0.032605864107608795
30e77a3561ce4f1bb4fd90e322ea29d7,check for incoming vehicles on left lane,0.02836713381111622,-0.004069191403687,0.07393205910921097,-0.006687500048428774,0.10937156528234482,-0.012669716961681843,0.17178528010845184,-0.011583873070776463,0.21167021989822388,-0.016186051070690155,0.2870901823043823,-0.020647497847676277,0.3554582893848419,-0.0188786331564188,0.43045926094055176,-0.02684665471315384,0.4996972978115082,-0.029309524223208427,0.595004141330719,-0.021038711071014404,0.6676512360572815,-0.03359412029385567,0.7642650008201599,-0.03260588273406029
30e77a3561ce4f1bb4fd90e322ea29d7,"Slowly move forward when there are no cars approaching from behind, but stop once cars are nearby.",0.028367141261696815,-0.004069190472364426,0.07393207401037216,-0.006687498185783625,0.1093716025352478,-0.012669720686972141,0.17178530991077423,-0.011583867482841015,0.21167026460170746,-0.016186052933335304,0.2870902419090271,-0.020647495985031128,0.3554583489894867,-0.018878638744354248,0.43045929074287415,-0.026846667751669884,0.49969732761383057,-0.029309535399079323,0.595004141330719,-0.02103872038424015,0.667651355266571,-0.033594127744436264,0.7642650604248047,-0.03260590136051178
a5d7cc4bf3404cccb89932d94ccb9da6,turn left here continue straight,0.3038022220134735,-0.0025675904471427202,0.6767195463180542,0.017141442745923996,1.0162137746810913,0.025892693549394608,1.3549830913543701,0.05440777912735939,1.6745260953903198,0.09834074974060059,2.004338502883911,0.1308741271495819,2.3385915756225586,0.17735521495342255,2.659191608428955,0.22248715162277222,2.988621234893799,0.26060283184051514,3.3129446506500244,0.3044179677963257,3.6279613971710205,0.34966233372688293,3.9298224449157715,0.4051361083984375
a5d7cc4bf3404cccb89932d94ccb9da6,,0.3038022220134735,-0.0025675904471427202,0.6767195463180542,0.017141444608569145,1.0162136554718018,0.025892695412039757,1.3549832105636597,0.05440777912735939,1.6745262145996094,0.09834074229001999,2.004338502883911,0.13087411224842072,2.3385915756225586,0.17735522985458374,2.659191608428955,0.22248715162277222,2.988621234893799,0.26060280203819275,3.3129446506500244,0.30441799759864807,3.6279616355895996,0.34966233372688293,3.9298224449157715,0.4051361083984375
a5d7cc4bf3404cccb89932d94ccb9da6,turn left at the intersection,0.3038022220134735,-0.0025675904471427202,0.6767195463180542,0.017141442745923996,1.0162137746810913,0.025892697274684906,1.3549830913543701,0.05440778285264969,1.6745260953903198,0.09834074974060059,2.004338502883911,0.1308741271495819,2.3385915756225586,0.17735521495342255,2.659191608428955,0.22248715162277222,2.988621234893799,0.26060283184051514,3.3129446506500244,0.3044179677963257,3.6279613971710205,0.34966233372688293,3.9298224449157715,0.4051361382007599
a5d7cc4bf3404cccb89932d94ccb9da6,turn left,0.3038022220134735,-0.002567591378465295,0.6767194271087646,0.017141439020633698,1.0162137746810913,0.025892693549394608,1.3549830913543701,0.05440777540206909,1.6745260953903198,0.09834074229001999,2.004338502883911,0.13087409734725952,2.3385915756225586,0.17735521495342255,2.659191608428955,0.22248712182044983,2.988621234893799,0.26060280203819275,3.3129446506500244,0.3044179081916809,3.6279613971710205,0.34966227412223816,3.9298224449157715,0.4051360785961151
fbf27198b3424e28ab1de2a12eb3dc4a,turn right at the intersection when no vehicles are approaching,0.02689681388437748,-0.0038152397610247135,0.05986686423420906,-0.0044329045340418816,0.09252094477415085,-0.006711878348141909,0.14738886058330536,-0.0029501887038350105,0.18063916265964508,-0.005870228633284569,0.24981863796710968,-0.0027956245467066765,0.3138499855995178,0.0022442922927439213,0.38145726919174194,0.001966786803677678,0.4478475749492645,0.006347091868519783,0.532831072807312,0.016831202432513237,0.6029945611953735,0.015538070350885391,0.6898631453514099,0.020616061985492706
fbf27198b3424e28ab1de2a12eb3dc4a,Take a right turn and then continue.,0.026896821334958076,-0.00381523952819407,0.059866879135370255,-0.004432904068380594,0.09252095222473145,-0.006711877416819334,0.14738887548446655,-0.0029501861426979303,0.18063917756080627,-0.005870226304978132,0.24981869757175446,-0.002795621519908309,0.3138499855995178,0.0022442927584052086,0.38145726919174194,0.0019667844753712416,0.4478476345539093,0.006347090471535921,0.532831072807312,0.016831204295158386,0.6029946804046631,0.015538073144853115,0.6898631453514099,0.020616063848137856
fbf27198b3424e28ab1de2a12eb3dc4a,stop at the intersection then turn right,0.026896825060248375,-0.003815238829702139,0.05986688658595085,-0.00443290313705802,0.09252096712589264,-0.006711875554174185,0.14738889038562775,-0.0029501866083592176,0.18063917756080627,-0.005870223511010408,0.24981869757175446,-0.0027956212870776653,0.313850075006485,0.0022442908957600594,0.38145729899406433,0.0019667844753712416,0.4478476643562317,0.006347093265503645,0.532831072807312,0.016831202432513237,0.6029946804046631,0.015538070350885391,0.6898631453514099,0.02061605639755726
fbf27198b3424e28ab1de2a12eb3dc4a,wait for incoming traffic then turn right,0.026896845549345016,-0.0038152371998876333,0.05986692011356354,-0.0044328998774290085,0.09252101927995682,-0.006711872294545174,0.14738894999027252,-0.002950182417407632,0.18063925206661224,-0.005870218388736248,0.2498188018798828,-0.0027956166304647923,0.31385013461112976,0.0022442953195422888,0.3814573884010315,0.0019667851738631725,0.44784778356552124,0.00634709931910038,0.5328312516212463,0.01683119684457779,0.6029947400093079,0.015538081526756287,0.6898632049560547,0.020616058260202408
fbf27198b3424e28ab1de2a12eb3dc4a,Make a right turn when the white vehicle passes you from the left.,0.02689681388437748,-0.0038152397610247135,0.05986686423420906,-0.004432904999703169,0.09252094477415085,-0.006711878348141909,0.14738886058330536,-0.0029501875396817923,0.18063916265964508,-0.005870230030268431,0.24981865286827087,-0.002795624313876033,0.3138499855995178,0.0022442922927439213,0.38145726919174194,0.0019667844753712416,0.4478476345539093,0.00634708721190691,0.532831072807312,0.016831202432513237,0.6029945611953735,0.015538070350885391,0.6898632049560547,0.020616058260202408
cba3ddd5c3664a43b6a08e586e094900,turn right and continue straight,0.3572975695133209,-0.014734706841409206,0.7890253067016602,-0.02041834220290184,1.1910005807876587,-0.06792839616537094,1.5733495950698853,-0.09977978467941284,1.9492530822753906,-0.13485093414783478,2.329021692276001,-0.18694531917572021,2.717099189758301,-0.24030612409114838,3.0963385105133057,-0.30309590697288513,3.4796409606933594,-0.3772948980331421,3.856219530105591,-0.45783665776252747,4.222878932952881,-0.5316611528396606,4.576654434204102,-0.6057529449462891
cba3ddd5c3664a43b6a08e586e094900,Take a right turn and then continue going straight.,0.3572975695133209,-0.014734706841409206,0.7890253067016602,-0.02041834220290184,1.1910005807876587,-0.06792839616537094,1.5733495950698853,-0.09977978467941284,1.9492530822753906,-0.13485093414783478,2.329021692276001,-0.18694531917572021,2.717099189758301,-0.24030612409114838,3.0963385105133057,-0.30309590697288513,3.4796409606933594,-0.3772948980331421,3.856219530105591,-0.45783665776252747,4.222878932952881,-0.5316611528396606,4.576654434204102,-0.6057529449462891
cba3ddd5c3664a43b6a08e586e094900,turn right at the intersection,0.3572975695133209,-0.014734706841409206,0.7890253067016602,-0.02041834220290184,1.1910005807876587,-0.06792839616537094,1.5733495950698853,-0.09977978467941284,1.9492530822753906,-0.13485093414783478,2.329021692276001,-0.18694531917572021,2.717099189758301,-0.24030612409114838,3.0963385105133057,-0.30309590697288513,3.4796409606933594,-0.3772948980331421,3.856219530105591,-0.45783665776252747,4.222878932952881,-0.5316611528396606,4.576654434204102,-0.6057529449462891
cba3ddd5c3664a43b6a08e586e094900,turn right,0.3572975695133209,-0.014734706841409206,0.7890253067016602,-0.02041834220290184,1.1910005807876587,-0.06792839616537094,1.5733495950698853,-0.09977978467941284,1.9492530822753906,-0.13485093414783478,2.329021692276001,-0.18694531917572021,2.717099189758301,-0.24030612409114838,3.0963385105133057,-0.30309590697288513,3.4796409606933594,-0.3772948980331421,3.856219530105591,-0.45783665776252747,4.222878932952881,-0.5316611528396606,4.576654434204102,-0.6057529449462891
cba3ddd5c3664a43b6a08e586e094900,Make a right turn into the middle lane and go straight,0.3572975695133209,-0.014734706841409206,0.7890253067016602,-0.02041834220290184,1.1910005807876587,-0.06792839616537094,1.5733495950698853,-0.09977978467941284,1.9492530822753906,-0.13485093414783478,2.329021692276001,-0.18694531917572021,2.717099189758301,-0.24030612409114838,3.0963385105133057,-0.30309590697288513,3.4796409606933594,-0.3772948980331421,3.856219530105591,-0.45783665776252747,4.222878932952881,-0.5316611528396606,4.576654434204102,-0.6057529449462891
91c071bcc1ad4fa1b555399e1cfbab79,,0.3449900448322296,-0.011258854530751705,0.7580413818359375,-0.0012887107441201806,1.1299529075622559,-0.019151488319039345,1.4947052001953125,-0.011662973091006279,1.833233118057251,-0.006764644756913185,2.186624526977539,-0.007168164476752281,2.5379514694213867,-0.004601741209626198,2.8771309852600098,-0.009020347148180008,3.2141668796539307,-0.014502601698040962,3.5561931133270264,-0.02060426026582718,3.8784234523773193,-0.03346532955765724,4.198153972625732,-0.029263285920023918
91c071bcc1ad4fa1b555399e1cfbab79,stop at the intersection behind the car,0.34498995542526245,-0.011258854530751705,0.7580414414405823,-0.0012887108605355024,1.1299527883529663,-0.019151490181684494,1.494705080986023,-0.011662973091006279,1.833233118057251,-0.00676464568823576,2.186624526977539,-0.007168164476752281,2.5379512310028076,-0.004601741209626198,2.8771309852600098,-0.009020347148180008,3.2141671180725098,-0.014502601698040962,3.5561931133270264,-0.02060425654053688,3.8784232139587402,-0.03346533328294754,4.198153972625732,-0.029263289645314217
91c071bcc1ad4fa1b555399e1cfbab79,slow down,0.34498995542526245,-0.011258854530751705,0.7580414414405823,-0.0012887108605355024,1.1299527883529663,-0.019151490181684494,1.494705080986023,-0.011662973091006279,1.833233118057251,-0.00676464568823576,2.186624526977539,-0.007168164476752281,2.5379512310028076,-0.004601741209626198,2.8771309852600098,-0.009020347148180008,3.2141671180725098,-0.014502601698040962,3.5561931133270264,-0.02060425654053688,3.8784232139587402,-0.03346533328294754,4.198153972625732,-0.029263289645314217
91c071bcc1ad4fa1b555399e1cfbab79,Stop behind the vehicle in front of you.,0.34498995542526245,-0.011258854530751705,0.7580414414405823,-0.0012887108605355024,1.1299527883529663,-0.019151490181684494,1.494705080986023,-0.011662973091006279,1.833233118057251,-0.00676464568823576,2.186624526977539,-0.007168164476752281,2.5379512310028076,-0.004601741209626198,2.8771309852600098,-0.009020347148180008,3.2141671180725098,-0.014502601698040962,3.5561931133270264,-0.02060425654053688,3.8784232139587402,-0.03346533328294754,4.198153972625732,-0.029263289645314217
b4b82c4d338a4b6d86835388ce076345,,0.014424317516386509,-0.00523578654974699,0.016284367069602013,-0.004920123610645533,0.01273355633020401,-0.0005596734117716551,0.033790234476327896,-0.011872670613229275,0.05519866943359375,-0.00605876324698329,0.08164232969284058,-0.014152788557112217,0.11482402682304382,-0.005758614744991064,0.14373907446861267,-0.003775164484977722,0.19070066511631012,0.004184096585959196,0.2319049835205078,0.00043649045983329415,0.281518816947937,-0.0005077376263216138,0.3357314169406891,0.007187380455434322
b4b82c4d338a4b6d86835388ce076345,"once vehicle in front moves, continue straight",0.01442433800548315,-0.005235783290117979,0.016284391283988953,-0.0049201142974197865,0.012733631767332554,-0.0005596675327979028,0.033790312707424164,-0.011872655712068081,0.055198732763528824,-0.0060587539337575436,0.08164243400096893,-0.014152772724628448,0.11482406407594681,-0.005758619401603937,0.14373910427093506,-0.0037751721683889627,0.19070078432559967,0.004184100776910782,0.231904998421669,0.0004364877531770617,0.28151872754096985,-0.0005077256355434656,0.33573123812675476,0.007187360897660255
b4b82c4d338a4b6d86835388ce076345,Start moving forward when the vehicle in front of you starts to go forward.,0.01442431379109621,-0.005235784221440554,0.016284363344311714,-0.004920121282339096,0.012733562849462032,-0.0005596736446022987,0.03379024192690849,-0.011872665025293827,0.05519866943359375,-0.006058760453015566,0.08164232224225998,-0.01415278110653162,0.11482401937246323,-0.005758616607636213,0.14373908936977386,-0.003775164484977722,0.19070075452327728,0.0041840956546366215,0.2319049835205078,0.0004364904307294637,0.28151872754096985,-0.000507737509906292,0.33573129773139954,0.00718738092109561
68e79a88244f447f993a72da444b29ba,follow the white car ahead,0.3565492331981659,-0.010505758225917816,0.7936872839927673,-9.1083966253791e-05,1.1945680379867554,-0.01704677753150463,1.5841296911239624,-0.007762917783111334,1.9531478881835938,0.0019535981118679047,2.335210084915161,0.0006602024659514427,2.716970443725586,0.0056830537505447865,3.087923288345337,0.00483584962785244,3.4608592987060547,-0.00629332335665822,3.8307037353515625,-0.008126191794872284,4.183318614959717,-0.018637100234627724,4.525815010070801,-0.019594885408878326
68e79a88244f447f993a72da444b29ba,,0.3565492331981659,-0.010505758225917816,0.7936872839927673,-9.1083966253791e-05,1.194568157196045,-0.01704677753150463,1.5841294527053833,-0.007762918248772621,1.953147292137146,0.0019535997416824102,2.3352103233337402,0.0006602026987820864,2.716970443725586,0.005683054681867361,3.087923049926758,0.004835851024836302,3.4608592987060547,-0.006293322890996933,3.8307044506073,-0.008126191794872284,4.183318138122559,-0.018637100234627724,4.525813579559326,-0.019594885408878326
01452fbfbf4543af8acdfd3e8a1ee806,follow the car ahead and go straight,0.17863164842128754,-0.006757778115570545,0.40608394145965576,-0.005016338545829058,0.607642650604248,-0.01998632214963436,0.8187676668167114,-0.01884191483259201,1.017224907875061,-0.015818513929843903,1.229443907737732,-0.024497361853718758,1.441983699798584,-0.02626928500831127,1.6560086011886597,-0.034129347652196884,1.869260311126709,-0.044239263981580734,2.0859975814819336,-0.04874660447239876,2.2917087078094482,-0.06482134759426117,2.50345778465271,-0.06808174401521683
01452fbfbf4543af8acdfd3e8a1ee806,Turn right and then continue going left.,0.17863164842128754,-0.006757778115570545,0.40608394145965576,-0.00501633994281292,0.6076425909996033,-0.01998632401227951,0.8187676668167114,-0.01884191669523716,1.017224907875061,-0.015818513929843903,1.2294437885284424,-0.024497363716363907,1.441983699798584,-0.02626928500831127,1.6560086011886597,-0.034129347652196884,1.869260311126709,-0.044239263981580734,2.0859975814819336,-0.04874660447239876,2.2917087078094482,-0.06482134759426117,2.50345778465271,-0.06808174401521683
01452fbfbf4543af8acdfd3e8a1ee806,"Wait untill the signal turns green, let the car in front of you start moving, once you have started moving slide into the right lane while avoiding collision with the construction equipment on the side of the road",0.17863164842128754,-0.006757777649909258,0.40608400106430054,-0.005016337148845196,0.607642650604248,-0.019986320286989212,0.818767786026001,-0.018841911107301712,1.0172250270843506,-0.015818510204553604,1.229443907737732,-0.02449735999107361,1.441983699798584,-0.02626928500831127,1.6560086011886597,-0.034129347652196884,1.869260311126709,-0.044239263981580734,2.0859975814819336,-0.048746611922979355,2.2917087078094482,-0.06482134759426117,2.50345778465271,-0.06808175146579742
01452fbfbf4543af8acdfd3e8a1ee806,"once vehicle in front moves, continue straight",0.17863164842128754,-0.006757777649909258,0.40608394145965576,-0.005016338545829058,0.607642650604248,-0.01998632214963436,0.8187676668167114,-0.01884191483259201,1.017224907875061,-0.015818510204553604,1.229443907737732,-0.02449735999107361,1.441983699798584,-0.02626928500831127,1.6560086011886597,-0.034129347652196884,1.869260311126709,-0.044239263981580734,2.0859975814819336,-0.04874660447239876,2.2917087078094482,-0.06482134759426117,2.50345778465271,-0.06808174401521683
01452fbfbf4543af8acdfd3e8a1ee806,Switch to the right lane once you pass all objstructions on the right side of the road.,0.17863164842128754,-0.0067577785812318325,0.40608394145965576,-0.00501633994281292,0.6076425909996033,-0.01998632401227951,0.8187676668167114,-0.01884191669523716,1.017224907875061,-0.015818513929843903,1.2294437885284424,-0.024497363716363907,1.441983699798584,-0.02626928500831127,1.6560086011886597,-0.034129347652196884,1.869260311126709,-0.044239263981580734,2.0859975814819336,-0.04874660447239876,2.2917087078094482,-0.06482134759426117,2.50345778465271,-0.06808174401521683
2ed0fcbfc214478ca3b3ce013e7723ba,continue following the white car ahead,0.37106046080589294,-0.008080248720943928,0.8184464573860168,0.010706956498324871,1.2252663373947144,0.006786880549043417,1.61699640750885,0.028867274522781372,1.9890815019607544,0.05469023808836937,2.3697543144226074,0.07376642525196075,2.7531278133392334,0.09944064170122147,3.122349500656128,0.12200969457626343,3.495197057723999,0.13918744027614594,3.861347198486328,0.15768809616565704,4.2190985679626465,0.18012966215610504,4.561212539672852,0.2072346806526184
2ed0fcbfc214478ca3b3ce013e7723ba,,0.37106046080589294,-0.008080248720943928,0.8184464573860168,0.010706956498324871,1.2252665758132935,0.006786881014704704,1.6169965267181396,0.028867270797491074,1.9890815019607544,0.05469023808836937,2.3697540760040283,0.07376644015312195,2.7531275749206543,0.09944065660238266,3.1223490238189697,0.12200970202684402,3.4951975345611572,0.13918747007846832,3.861347198486328,0.15768808126449585,4.2190985679626465,0.18012961745262146,4.561212539672852,0.2072346806526184
2ed0fcbfc214478ca3b3ce013e7723ba,slide into the left-most lane and coninue driving in that lane,0.37106046080589294,-0.008080248720943928,0.8184464573860168,0.010706956498324871,1.2252663373947144,0.006786880549043417,1.61699640750885,0.028867274522781372,1.9890815019607544,0.05469023808836937,2.3697543144226074,0.07376642525196075,2.7531278133392334,0.09944064170122147,3.122349500656128,0.12200969457626343,3.495197057723999,0.13918744027614594,3.861347198486328,0.15768809616565704,4.2190985679626465,0.18012966215610504,4.561212539672852,0.2072346806526184
2ed0fcbfc214478ca3b3ce013e7723ba,Keep a distance between the car in front of you.,0.37106046080589294,-0.008080248720943928,0.8184464573860168,0.010706956498324871,1.2252663373947144,0.006786880549043417,1.61699640750885,0.028867274522781372,1.9890815019607544,0.05469023808836937,2.3697543144226074,0.07376642525196075,2.7531278133392334,0.09944064170122147,3.122349500656128,0.12200969457626343,3.495197057723999,0.13918744027614594,3.861347198486328,0.15768809616565704,4.2190985679626465,0.18012966215610504,4.561212539672852,0.2072346806526184
bed67ef03c4a4066a74f6c0117d512ee,,0.3106752932071686,-0.009878354147076607,0.6769522428512573,0.002332655480131507,1.0103089809417725,-0.013940319418907166,1.3366096019744873,-0.0016396886203438044,1.6385142803192139,0.008635356090962887,1.9562089443206787,0.01349098514765501,2.2726988792419434,0.020468037575483322,2.5711708068847656,0.02532220259308815,2.8806333541870117,0.02288675121963024,3.1780354976654053,0.02251545712351799,3.4687092304229736,0.022089727222919464,3.7467150688171387,0.02625979296863079
bed67ef03c4a4066a74f6c0117d512ee,"continue driving in the leftmost lane, when the car in front of you begins to slowdown, you slowdown as well",0.3106752932071686,-0.009878353215754032,0.6769522428512573,0.002332654781639576,1.010309100151062,-0.013940315693616867,1.3366096019744873,-0.001639688853174448,1.6385146379470825,0.008635357953608036,1.9562089443206787,0.013490986078977585,2.272698402404785,0.020468030124902725,2.5711710453033447,0.025322208181023598,2.88063383102417,0.02288675308227539,3.1780357360839844,0.02251545898616314,3.4687092304229736,0.022089729085564613,3.7467141151428223,0.02625979669392109
3b2ee26cb8484f77895bc336663df502,continue straight,0.35606199502944946,-0.01416879054158926,0.7951995134353638,-0.012574607506394386,1.1928714513778687,-0.04653049260377884,1.579378604888916,-0.05367721617221832,1.9455496072769165,-0.06613490730524063,2.3264963626861572,-0.09051061421632767,2.702786684036255,-0.11185450851917267,3.0717644691467285,-0.1448870599269867,3.4357175827026367,-0.18301798403263092,3.8065638542175293,-0.21556392312049866,4.150816917419434,-0.26130345463752747,4.499728679656982,-0.2938418388366699
3b2ee26cb8484f77895bc336663df502,Slow down a little to allow the bus to merge,0.35606199502944946,-0.01416879054158926,0.7951995134353638,-0.012574607506394386,1.1928714513778687,-0.04653049260377884,1.579378604888916,-0.05367721617221832,1.9455496072769165,-0.06613490730524063,2.3264963626861572,-0.09051061421632767,2.702786684036255,-0.11185450851917267,3.0717644691467285,-0.1448870599269867,3.4357175827026367,-0.18301798403263092,3.8065638542175293,-0.21556392312049866,4.150816917419434,-0.26130345463752747,4.499728679656982,-0.2938418388366699
3b2ee26cb8484f77895bc336663df502,go straight,0.35606199502944946,-0.01416879054158926,0.7951995134353638,-0.012574607506394386,1.1928714513778687,-0.04653049260377884,1.579378604888916,-0.05367721617221832,1.9455496072769165,-0.06613490730524063,2.3264963626861572,-0.09051061421632767,2.702786684036255,-0.11185450851917267,3.0717644691467285,-0.1448870599269867,3.4357175827026367,-0.18301798403263092,3.8065638542175293,-0.21556392312049866,4.150816917419434,-0.26130345463752747,4.499728679656982,-0.2938418388366699
3b2ee26cb8484f77895bc336663df502,,0.35606199502944946,-0.014168789610266685,0.7951995134353638,-0.012574607506394386,1.192871332168579,-0.046530500054359436,1.579378604888916,-0.05367721617221832,1.945549488067627,-0.06613492220640182,2.3264966011047363,-0.09051061421632767,2.702786922454834,-0.11185451596975327,3.0717644691467285,-0.1448870599269867,3.4357173442840576,-0.18301799893379211,3.8065638542175293,-0.21556395292282104,4.150816917419434,-0.26130348443984985,4.499728202819824,-0.2938418686389923
fb73d1a6c16147ee9416faf6b310fadb,enter the roundabout and exit out the first turn,0.2508099377155304,-0.008499273099005222,0.5442194938659668,-0.0006750558386556804,0.8071469664573669,-0.02340644784271717,1.069415807723999,-0.017287645488977432,1.3050744533538818,-0.01686859130859375,1.5657120943069458,-0.019974855706095695,1.8207453489303589,-0.02632220834493637,2.0583462715148926,-0.03593830019235611,2.3103411197662354,-0.04601113125681877,2.5499868392944336,-0.06098783016204834,2.7878243923187256,-0.07007621973752975,3.023684501647949,-0.08035442233085632
fb73d1a6c16147ee9416faf6b310fadb,Keep going straight around the roundabout,0.2508099377155304,-0.008499273099005222,0.5442194938659668,-0.0006750558386556804,0.8071469664573669,-0.02340644784271717,1.069415807723999,-0.017287645488977432,1.3050744533538818,-0.01686859130859375,1.5657120943069458,-0.019974855706095695,1.8207453489303589,-0.02632220834493637,2.0583462715148926,-0.03593830019235611,2.3103411197662354,-0.04601113125681877,2.5499868392944336,-0.06098783016204834,2.7878243923187256,-0.07007621973752975,3.023684501647949,-0.08035442233085632
fb73d1a6c16147ee9416faf6b310fadb,Enter the round about and keep going straight,0.2508099377155304,-0.008499273099005222,0.5442194938659668,-0.0006750558386556804,0.8071469664573669,-0.02340644784271717,1.069415807723999,-0.017287645488977432,1.3050744533538818,-0.01686859130859375,1.5657120943069458,-0.019974855706095695,1.8207453489303589,-0.02632220834493637,2.0583462715148926,-0.03593830019235611,2.3103411197662354,-0.04601113125681877,2.5499868392944336,-0.06098783016204834,2.7878243923187256,-0.07007621973752975,3.023684501647949,-0.08035442233085632
fb73d1a6c16147ee9416faf6b310fadb,,0.2508099377155304,-0.008499273099005222,0.5442194938659668,-0.0006750558386556804,0.8071469664573669,-0.02340644784271717,1.069415807723999,-0.017287645488977432,1.3050744533538818,-0.01686859130859375,1.5657120943069458,-0.019974855706095695,1.8207453489303589,-0.02632220834493637,2.0583462715148926,-0.03593830019235611,2.3103411197662354,-0.04601113125681877,2.5499868392944336,-0.06098783016204834,2.7878243923187256,-0.07007621973752975,3.023684501647949,-0.08035442233085632
fb73d1a6c16147ee9416faf6b310fadb,Go about the roundabout and keep going straight,0.2508099377155304,-0.008499273099005222,0.5442194938659668,-0.0006750558386556804,0.8071469664573669,-0.02340644784271717,1.069415807723999,-0.017287645488977432,1.3050744533538818,-0.01686859130859375,1.5657120943069458,-0.019974855706095695,1.8207453489303589,-0.02632220834493637,2.0583462715148926,-0.03593830019235611,2.3103411197662354,-0.04601113125681877,2.5499868392944336,-0.06098783016204834,2.7878243923187256,-0.07007621973752975,3.023684501647949,-0.08035442233085632
e6cb595f6df44b3999db28c65f2244ac,turn right when no vehicles are approaching,0.19049489498138428,-0.009357064962387085,0.4182644188404083,-0.0074067977257072926,0.6240334510803223,-0.029948391020298004,0.8404824137687683,-0.023345237597823143,1.0129324197769165,-0.0361483134329319,1.2346516847610474,-0.039486054331064224,1.4404090642929077,-0.04900321736931801,1.6373125314712524,-0.06704988330602646,1.830121397972107,-0.08281513303518295,2.0445492267608643,-0.08859986811876297,2.2281785011291504,-0.111582450568676,2.430107355117798,-0.12403604388237
e6cb595f6df44b3999db28c65f2244ac,Keep going straight and wait for the other vehicles to pass before turning right,0.19049489498138428,-0.00935706589370966,0.41826438903808594,-0.0074067977257072926,0.6240334510803223,-0.029948396608233452,0.8404824137687683,-0.023345239460468292,1.0129324197769165,-0.0361483134329319,1.2346516847610474,-0.039486054331064224,1.4404090642929077,-0.0490032322704792,1.6373125314712524,-0.06704989075660706,1.830121397972107,-0.08281514048576355,2.0445492267608643,-0.08859988301992416,2.2281785011291504,-0.11158245801925659,2.430107355117798,-0.12403607368469238
e6cb595f6df44b3999db28c65f2244ac,"Stop at the intersection, turn right",0.19049489498138428,-0.00935706589370966,0.41826438903808594,-0.0074067977257072926,0.6240334510803223,-0.029948396608233452,0.8404824137687683,-0.02334524132311344,1.0129324197769165,-0.0361483171582222,1.2346516847610474,-0.03948606178164482,1.4404090642929077,-0.049003228545188904,1.6373125314712524,-0.06704990565776825,1.830121397972107,-0.08281514048576355,2.0445492267608643,-0.08859989047050476,2.2281785011291504,-0.11158248037099838,2.4301071166992188,-0.12403608113527298
e6cb595f6df44b3999db28c65f2244ac,"stop for incoming traffic, turn right",0.19049489498138428,-0.009357064962387085,0.4182644188404083,-0.0074067977257072926,0.624033510684967,-0.029948392882943153,0.8404824137687683,-0.023345237597823143,1.012932538986206,-0.0361483134329319,1.234651803970337,-0.039486050605773926,1.4404090642929077,-0.04900321364402771,1.6373127698898315,-0.06704988330602646,1.830121397972107,-0.08281512558460236,2.0445492267608643,-0.08859986811876297,2.2281785011291504,-0.111582450568676,2.430107355117798,-0.12403604388237
e6cb595f6df44b3999db28c65f2244ac,,0.19049489498138428,-0.00935706589370966,0.41826438903808594,-0.0074067977257072926,0.6240334510803223,-0.029948396608233452,0.8404824137687683,-0.023345239460468292,1.0129324197769165,-0.0361483171582222,1.2346516847610474,-0.03948605805635452,1.4404088258743286,-0.049003228545188904,1.6373125314712524,-0.06704989820718765,1.830121397972107,-0.08281514048576355,2.0445492267608643,-0.08859988301992416,2.2281785011291504,-0.11158245801925659,2.430107355117798,-0.12403607368469238
e6cb595f6df44b3999db28c65f2244ac,Make a right turn.,0.19049489498138428,-0.00935706589370966,0.41826438903808594,-0.0074067977257072926,0.6240334510803223,-0.029948396608233452,0.8404824137687683,-0.02334524132311344,1.0129324197769165,-0.0361483171582222,1.2346516847610474,-0.03948606178164482,1.4404090642929077,-0.049003228545188904,1.6373125314712524,-0.06704989820718765,1.830121397972107,-0.08281514793634415,2.0445492267608643,-0.08859989047050476,2.2281785011291504,-0.11158245801925659,2.430107355117798,-0.12403608113527298
4f28b42169f4404cbab4b43476e13885,turn left after the speedbump,0.19754573702812195,-0.006365011911839247,0.4308236241340637,-0.0001694806560408324,0.6383382081985474,-0.01171723660081625,0.8554986119270325,-0.000246185518335551,1.0371061563491821,0.004109155852347612,1.2535934448242188,0.011507537215948105,1.461200475692749,0.017402969300746918,1.6588701009750366,0.01812918670475483,1.856048345565796,0.024052448570728302,2.0670578479766846,0.03038836270570755,2.257256031036377,0.02886795997619629,2.458717107772827,0.04114340990781784
4f28b42169f4404cbab4b43476e13885,Slow down before take a left turn,0.19754570722579956,-0.006365012843161821,0.43082359433174133,-0.0001694797829259187,0.6383380889892578,-0.011717239394783974,0.8554984331130981,-0.00024617521557956934,1.0371060371398926,0.004109148867428303,1.2535933256149292,0.011507537215948105,1.46120023727417,0.017402958124876022,1.6588698625564575,0.018129169940948486,1.8560481071472168,0.024052439257502556,2.0670576095581055,0.03038836643099785,2.257255792617798,0.02886793203651905,2.458716869354248,0.04114339128136635
4f28b42169f4404cbab4b43476e13885,"stop at the intersection, turn left",0.19754570722579956,-0.006365012843161821,0.43082359433174133,-0.00016948007396422327,0.6383381485939026,-0.011717239394783974,0.8554984331130981,-0.00024617635062895715,1.0371060371398926,0.004109148867428303,1.2535933256149292,0.011507537215948105,1.46120023727417,0.01740295998752117,1.6588696241378784,0.018129166215658188,1.8560481071472168,0.024052439257502556,2.0670576095581055,0.03038836270570755,2.257255792617798,0.02886793203651905,2.458716869354248,0.04114338010549545
4f28b42169f4404cbab4b43476e13885,turn left,0.19754570722579956,-0.006365011911839247,0.43082359433174133,-0.00016948007396422327,0.6383382081985474,-0.011717239394783974,0.8554984331130981,-0.00024617978488095105,1.0371060371398926,0.004109147470444441,1.2535934448242188,0.011507532559335232,1.461200475692749,0.017402958124876022,1.6588698625564575,0.018129169940948486,1.8560481071472168,0.024052433669567108,2.0670576095581055,0.03038836270570755,2.257256031036377,0.02886793203651905,2.458716869354248,0.04114338010549545
4f28b42169f4404cbab4b43476e13885,Take the left turn that is right after the speed bump and stay on the left side to allow the oncoming car to pass.,0.19754570722579956,-0.006365011911839247,0.43082359433174133,-0.00016948007396422327,0.6383382081985474,-0.01171723660081625,0.8554985523223877,-0.00024618208408355713,1.0371060371398926,0.004109151195734739,1.2535934448242188,0.011507535353302956,1.461200475692749,0.01740296185016632,1.6588698625564575,0.018129169940948486,1.856048345565796,0.024052439257502556,2.0670578479766846,0.030388357117772102,2.257256031036377,0.028867928311228752,2.458717107772827,0.04114338010549545
ba76f4185aa34ed3bff467ac640da902,follow the gray car ahead and turn right,0.24251174926757812,-0.013691031374037266,0.5386552810668945,-0.024366358295083046,0.8010982871055603,-0.0755511000752449,1.0643534660339355,-0.10732949525117874,1.3098267316818237,-0.14879418909549713,1.5733582973480225,-0.20434676110744476,1.8346832990646362,-0.2613512873649597,2.0892012119293213,-0.33144551515579224,2.345010757446289,-0.40514829754829407,2.6075680255889893,-0.48074448108673096,2.8504858016967773,-0.5634670853614807,3.1011006832122803,-0.6370280981063843
ba76f4185aa34ed3bff467ac640da902,Take right turn and continue down the road,0.24251174926757812,-0.013691031374037266,0.5386552810668945,-0.024366358295083046,0.8010982871055603,-0.0755511000752449,1.0643534660339355,-0.10732949525117874,1.3098267316818237,-0.14879418909549713,1.5733582973480225,-0.20434676110744476,1.8346832990646362,-0.2613512873649597,2.0892012119293213,-0.33144551515579224,2.345010757446289,-0.40514829754829407,2.6075680255889893,-0.48074448108673096,2.8504858016967773,-0.5634670853614807,3.1011006832122803,-0.6370280981063843
ba76f4185aa34ed3bff467ac640da902,turn right at the intersection and stay in the right lane,0.24251174926757812,-0.013691031374037266,0.5386552810668945,-0.024366358295083046,0.8010982871055603,-0.0755511000752449,1.0643534660339355,-0.10732949525117874,1.3098267316818237,-0.14879418909549713,1.5733582973480225,-0.20434676110744476,1.8346832990646362,-0.2613512873649597,2.0892012119293213,-0.33144551515579224,2.345010757446289,-0.40514829754829407,2.6075680255889893,-0.48074448108673096,2.8504858016967773,-0.5634670853614807,3.1011006832122803,-0.6370280981063843
ba76f4185aa34ed3bff467ac640da902,turn right,0.24251174926757812,-0.013691031374037266,0.5386552810668945,-0.024366358295083046,0.8010982871055603,-0.0755511000752449,1.0643534660339355,-0.10732949525117874,1.3098267316818237,-0.14879418909549713,1.5733582973480225,-0.20434676110744476,1.8346832990646362,-0.2613512873649597,2.0892012119293213,-0.33144551515579224,2.345010757446289,-0.40514829754829407,2.6075680255889893,-0.48074448108673096,2.8504858016967773,-0.5634670853614807,3.1011006832122803,-0.6370280981063843
ba76f4185aa34ed3bff467ac640da902,Make a right turn and enter the first lane,0.24251174926757812,-0.013691031374037266,0.5386552810668945,-0.024366358295083046,0.8010982871055603,-0.0755511000752449,1.0643534660339355,-0.10732949525117874,1.3098267316818237,-0.14879418909549713,1.5733582973480225,-0.20434676110744476,1.8346832990646362,-0.2613512873649597,2.0892012119293213,-0.33144551515579224,2.345010757446289,-0.40514829754829407,2.6075680255889893,-0.48074448108673096,2.8504858016967773,-0.5634670853614807,3.1011006832122803,-0.6370280981063843
ba76f4185aa34ed3bff467ac640da902,,0.24251174926757812,-0.013691031374037266,0.5386552810668945,-0.024366358295083046,0.8010982871055603,-0.0755511000752449,1.0643534660339355,-0.10732949525117874,1.3098267316818237,-0.14879418909549713,1.5733582973480225,-0.20434676110744476,1.8346832990646362,-0.2613512873649597,2.0892012119293213,-0.33144551515579224,2.345010757446289,-0.40514829754829407,2.6075680255889893,-0.48074448108673096,2.8504858016967773,-0.5634670853614807,3.1011006832122803,-0.6370280981063843
ba76f4185aa34ed3bff467ac640da902,"Before reaching the vehicle in front, switch to the right lane.",0.24251174926757812,-0.013691031374037266,0.5386552810668945,-0.024366358295083046,0.8010982871055603,-0.0755511000752449,1.0643534660339355,-0.10732949525117874,1.3098267316818237,-0.14879418909549713,1.5733582973480225,-0.20434676110744476,1.8346832990646362,-0.2613512873649597,2.0892012119293213,-0.33144551515579224,2.345010757446289,-0.40514829754829407,2.6075680255889893,-0.48074448108673096,2.8504858016967773,-0.5634670853614807,3.1011006832122803,-0.6370280981063843
bd210a5bc7004d8c94b68cf6366612a2,continue straight change lanes to avoid parked buses,0.39310920238494873,-0.013005844317376614,0.8765499591827393,-0.00546489842236042,1.3138667345046997,-0.02776900865137577,1.7404760122299194,-0.026303092017769814,2.144599676132202,-0.02384626306593418,2.559213161468506,-0.035527314990758896,2.9723947048187256,-0.038297224789857864,3.3769352436065674,-0.051820769906044006,3.7751007080078125,-0.0737999752163887,4.181784152984619,-0.08651719242334366,4.560142993927002,-0.1142214760184288,4.934676647186279,-0.12169604748487473
bd210a5bc7004d8c94b68cf6366612a2,Move to the right lane to avoid the bus,0.39310920238494873,-0.013005844317376614,0.8765499591827393,-0.00546489842236042,1.3138667345046997,-0.02776900865137577,1.7404760122299194,-0.026303092017769814,2.144599676132202,-0.02384626306593418,2.559213161468506,-0.035527314990758896,2.9723947048187256,-0.038297224789857864,3.3769352436065674,-0.051820769906044006,3.7751007080078125,-0.0737999752163887,4.181784152984619,-0.08651719242334366,4.560142993927002,-0.1142214760184288,4.934676647186279,-0.12169604748487473
bd210a5bc7004d8c94b68cf6366612a2,slide into the right lane in order to avoid hitting parked busses,0.39310920238494873,-0.013005844317376614,0.8765499591827393,-0.00546489842236042,1.3138667345046997,-0.02776900865137577,1.7404760122299194,-0.026303092017769814,2.144599676132202,-0.02384626306593418,2.559213161468506,-0.035527314990758896,2.9723947048187256,-0.038297224789857864,3.3769352436065674,-0.051820769906044006,3.7751007080078125,-0.0737999752163887,4.181784152984619,-0.08651719242334366,4.560142993927002,-0.1142214760184288,4.934676647186279,-0.12169604748487473
bd210a5bc7004d8c94b68cf6366612a2,switch to the right lane,0.39310920238494873,-0.013005844317376614,0.8765499591827393,-0.00546489842236042,1.3138667345046997,-0.02776900865137577,1.7404760122299194,-0.026303092017769814,2.144599676132202,-0.02384626306593418,2.559213161468506,-0.035527314990758896,2.9723947048187256,-0.038297224789857864,3.3769352436065674,-0.051820769906044006,3.7751007080078125,-0.0737999752163887,4.181784152984619,-0.08651719242334366,4.560142993927002,-0.1142214760184288,4.934676647186279,-0.12169604748487473
bd210a5bc7004d8c94b68cf6366612a2,,0.39310920238494873,-0.013005844317376614,0.8765499591827393,-0.00546489842236042,1.3138667345046997,-0.02776900865137577,1.7404760122299194,-0.026303092017769814,2.144599676132202,-0.02384626306593418,2.559213161468506,-0.035527314990758896,2.9723947048187256,-0.038297224789857864,3.3769352436065674,-0.051820769906044006,3.7751007080078125,-0.0737999752163887,4.181784152984619,-0.08651719242334366,4.560142993927002,-0.1142214760184288,4.934676647186279,-0.12169604748487473
bc4fd5a05a004333b9411754630f4cba,exit the parking lot and turn right,0.07358724623918533,0.004013191442936659,0.21004174649715424,0.01189363468438387,0.3367367386817932,0.022810976952314377,0.4470500349998474,0.06278090924024582,0.5624197721481323,0.08971623331308365,0.6843787431716919,0.14168332517147064,0.8074982762336731,0.19333511590957642,0.9688142538070679,0.24927742779254913,1.081156611442566,0.31828993558883667,1.2398316860198975,0.40821149945259094,1.3635305166244507,0.4640759825706482,1.520559549331665,0.5272400379180908
bc4fd5a05a004333b9411754630f4cba,Turn left and then turn right,0.07358724623918533,0.004013190511614084,0.21004173159599304,0.011893633753061295,0.3367367386817932,0.022810976952314377,0.4470500349998474,0.06278090924024582,0.5624197721481323,0.08971621096134186,0.6843787431716919,0.14168331027030945,0.8074982166290283,0.19333508610725403,0.9688141942024231,0.24927742779254913,1.081156611442566,0.31828993558883667,1.2398316860198975,0.40821143984794617,1.3635305166244507,0.4640759229660034,1.520559310913086,0.527239978313446
bc4fd5a05a004333b9411754630f4cba,"turn right, then turn right agai to merge into the street.",0.07358723133802414,0.004013190045952797,0.21004168689250946,0.01189363095909357,0.3367367386817932,0.02281096763908863,0.44704991579055786,0.06278089433908463,0.5624196529388428,0.08971621096134186,0.6843786835670471,0.14168328046798706,0.8074980974197388,0.19333504140377045,0.9688141942024231,0.24927735328674316,1.0811564922332764,0.3182899057865143,1.2398314476013184,0.4082113802433014,1.3635303974151611,0.46407586336135864,1.520559310913086,0.5272398591041565
bc4fd5a05a004333b9411754630f4cba,"turn left, wait for incoming traffic once clear turn right.",0.07358725368976593,0.004013193305581808,0.21004177629947662,0.01189364306628704,0.3367368280887604,0.022810986265540123,0.4470500648021698,0.06278093159198761,0.5624198317527771,0.08971624821424484,0.6843788623809814,0.14168335497379303,0.8074983358383179,0.19333516061306,0.9688144326210022,0.2492775022983551,1.0811567306518555,0.3182900846004486,1.239831805229187,0.4082115590572357,1.3635306358337402,0.4640759825706482,1.520559549331665,0.5272401571273804
bc4fd5a05a004333b9411754630f4cba,Make a left turn and stop right before the intersection.,0.07358725368976593,0.004013193305581808,0.21004177629947662,0.011893640272319317,0.3367368280887604,0.022810984402894974,0.4470500648021698,0.06278093159198761,0.5624198317527771,0.08971624821424484,0.6843788623809814,0.14168334007263184,0.8074983358383179,0.1933351457118988,0.9688143134117126,0.24927745759487152,1.081156611442566,0.31829002499580383,1.2398316860198975,0.40821152925491333,1.3635306358337402,0.46407604217529297,1.520559549331665,0.5272400975227356
bc4fd5a05a004333b9411754630f4cba,Make a right turn if no cars are coming from the left side.,0.07358725368976593,0.0040131923742592335,0.21004174649715424,0.011893639340996742,0.3367367386817932,0.022810984402894974,0.4470500648021698,0.06278092414140701,0.5624198317527771,0.08971624821424484,0.6843787431716919,0.14168332517147064,0.8074983358383179,0.1933351308107376,0.9688142538070679,0.24927745759487152,1.081156611442566,0.31829002499580383,1.2398316860198975,0.40821152925491333,1.3635306358337402,0.4640759825706482,1.520559549331665,0.5272400975227356
634a8c5835e44aec912604a9a1972a5d,drive around the blue parked bus and turn left at the end of the road,0.1867893636226654,-0.008082031272351742,0.42879822850227356,-0.007368977181613445,0.6501675844192505,-0.029277218505740166,0.8795012831687927,-0.02246958017349243,1.0821772813796997,-0.032707955688238144,1.3201897144317627,-0.03674918785691261,1.5524513721466064,-0.0428171344101429,1.7873661518096924,-0.057928331196308136,2.008913516998291,-0.07742597162723541,2.256295919418335,-0.07986840605735779,2.4733171463012695,-0.09662144631147385,2.704566478729248,-0.1099344789981842
634a8c5835e44aec912604a9a1972a5d,Stop right before the bus and then turn at the incoming left,0.1867893636226654,-0.008082031272351742,0.42879822850227356,-0.007368977181613445,0.6501675844192505,-0.029277218505740166,0.8795012831687927,-0.02246958017349243,1.0821774005889893,-0.032707955688238144,1.3201898336410522,-0.03674919158220291,1.5524513721466064,-0.0428171344101429,1.7873661518096924,-0.057928331196308136,2.00891375541687,-0.0774259865283966,2.256295919418335,-0.07986842095851898,2.4733171463012695,-0.09662146121263504,2.704566717147827,-0.1099344789981842
634a8c5835e44aec912604a9a1972a5d,"slow down ans stop for the stopped bus, once its safe to go, continue going straight and then make a left turn.",0.1867893785238266,-0.008082030341029167,0.42879825830459595,-0.007368977181613445,0.65016770362854,-0.029277218505740166,0.8795013427734375,-0.022469589486718178,1.0821774005889893,-0.032707951962947845,1.3201898336410522,-0.03674920275807381,1.552451491355896,-0.042817141860723495,1.787366271018982,-0.05792833864688873,2.008913993835449,-0.0774259939789772,2.256295919418335,-0.07986842840909958,2.4733173847198486,-0.09662146121263504,2.704566717147827,-0.1099344789981842
634a8c5835e44aec912604a9a1972a5d,"go around vehicle , turn left",0.1867893636226654,-0.008082030341029167,0.42879822850227356,-0.007368977181613445,0.65016770362854,-0.029277218505740166,0.8795013427734375,-0.02246958762407303,1.0821774005889893,-0.032707955688238144,1.3201898336410522,-0.03674920275807381,1.552451491355896,-0.0428171381354332,1.787366271018982,-0.05792833864688873,2.008913993835449,-0.0774260014295578,2.256295919418335,-0.07986842840909958,2.4733173847198486,-0.09662146121263504,2.704566717147827,-0.1099344864487648
634a8c5835e44aec912604a9a1972a5d,"Stop right before the blue bus, then after a brief moment continue driving.",0.1867893636226654,-0.008082031272351742,0.42879822850227356,-0.007368977181613445,0.6501675844192505,-0.029277218505740166,0.8795012831687927,-0.022469578310847282,1.0821772813796997,-0.032707955688238144,1.3201897144317627,-0.03674918785691261,1.5524513721466064,-0.0428171344101429,1.7873661518096924,-0.057928331196308136,2.008913516998291,-0.0774259865283966,2.256295680999756,-0.07986840605735779,2.4733171463012695,-0.09662146121263504,2.704566478729248,-0.1099344789981842
634a8c5835e44aec912604a9a1972a5d,Take a left,0.1867893636226654,-0.008082031272351742,0.42879822850227356,-0.007368977181613445,0.6501675844192505,-0.029277218505740166,0.8795012831687927,-0.02246958203613758,1.0821774005889893,-0.032707955688238144,1.3201898336410522,-0.03674918785691261,1.5524513721466064,-0.0428171344101429,1.7873661518096924,-0.057928331196308136,2.00891375541687,-0.0774259865283966,2.256295919418335,-0.07986840605735779,2.4733173847198486,-0.09662144631147385,2.704566717147827,-0.1099344789981842
fcb40dc8514444c49b1fdc06f80a123b,,0.09180451929569244,-0.0077864327467978,0.21001562476158142,-0.00997463334351778,0.3208450973033905,-0.02930053137242794,0.44886547327041626,-0.02553076669573784,0.5445765852928162,-0.04507184401154518,0.689867377281189,-0.04862617701292038,0.8229488134384155,-0.05769048258662224,0.9576338529586792,-0.07705569267272949,1.083071231842041,-0.09414389729499817,1.2399060726165771,-0.09675920009613037,1.3652375936508179,-0.11469478160142899,1.5144163370132446,-0.13213448226451874
fcb40dc8514444c49b1fdc06f80a123b,Stop at the gate and then continue once the gate opens,0.09180454909801483,-0.0077864327467978,0.2100156992673874,-0.009974630549550056,0.3208451569080353,-0.029300523921847343,0.4488656222820282,-0.025530772283673286,0.5445766448974609,-0.04507185518741608,0.6898676156997681,-0.04862617701292038,0.8229488730430603,-0.057690467685461044,0.9576340317726135,-0.0770556852221489,1.0830713510513306,-0.09414386749267578,1.2399061918258667,-0.09675920009613037,1.3652377128601074,-0.1146947592496872,1.5144164562225342,-0.13213446736335754
fcb40dc8514444c49b1fdc06f80a123b,"stop at the gate, move slowly when the arm rises up.",0.09180457890033722,-0.007786430884152651,0.21001571416854858,-0.009974627755582333,0.32084524631500244,-0.029300520196557045,0.448865681886673,-0.02553076669573784,0.5445768237113953,-0.04507184401154518,0.6898676753044128,-0.04862615838646889,0.8229493498802185,-0.05769045650959015,0.9576342701911926,-0.0770556628704071,1.0830715894699097,-0.09414386004209518,1.2399064302444458,-0.09675920009613037,1.3652381896972656,-0.11469471454620361,1.5144169330596924,-0.13213442265987396
fcb40dc8514444c49b1fdc06f80a123b,Stop before you reach the toll gate.,0.09180454164743423,-0.0077864327467978,0.2100156843662262,-0.009974632412195206,0.3208451569080353,-0.029300523921847343,0.4488655924797058,-0.025530774146318436,0.5445767045021057,-0.04507185518741608,0.6898675560951233,-0.04862617701292038,0.8229488730430603,-0.057690467685461044,0.9576340317726135,-0.0770556852221489,1.083071231842041,-0.09414386004209518,1.2399061918258667,-0.09675920754671097,1.3652377128601074,-0.11469476670026779,1.5144164562225342,-0.13213446736335754
fcb40dc8514444c49b1fdc06f80a123b,"Slowly approach the gate until it opens, then proceed forward.",0.09180453419685364,-0.0077864327467978,0.21001562476158142,-0.00997463334351778,0.3208450973033905,-0.029300527647137642,0.44886553287506104,-0.025530774146318436,0.5445765852928162,-0.045071858912706375,0.689867377281189,-0.04862617701292038,0.8229488134384155,-0.05769048258662224,0.957633912563324,-0.07705570012331009,1.0830711126327515,-0.09414386749267578,1.2399060726165771,-0.09675920009613037,1.3652375936508179,-0.11469476670026779,1.5144163370132446,-0.13213446736335754
f4395dd8e4004f12a8dec3079a93d804,follow the road to the right at the fork in the road,0.2806287705898285,-0.014006350189447403,0.6081676483154297,-0.018963659182190895,0.9100934863090515,-0.06561655551195145,1.2033346891403198,-0.09123706817626953,1.479225516319275,-0.1252543181180954,1.7695761919021606,-0.16999965906143188,2.062868356704712,-0.21878238022327423,2.3403313159942627,-0.27436181902885437,2.629096269607544,-0.33962926268577576,2.9084644317626953,-0.40984734892845154,3.180013656616211,-0.47634467482566833,3.4420440196990967,-0.5432341694831848
f4395dd8e4004f12a8dec3079a93d804,Keep going straight and then take right down hill,0.2806287705898285,-0.014006350189447403,0.6081676483154297,-0.018963659182190895,0.9100934863090515,-0.06561655551195145,1.2033346891403198,-0.09123706817626953,1.479225516319275,-0.1252543181180954,1.7695761919021606,-0.16999965906143188,2.062868356704712,-0.21878238022327423,2.3403313159942627,-0.27436181902885437,2.629096269607544,-0.33962926268577576,2.9084644317626953,-0.40984734892845154,3.180013656616211,-0.47634467482566833,3.4420440196990967,-0.5432341694831848
f4395dd8e4004f12a8dec3079a93d804,"continue driving on the road, stay on the right side.",0.2806287705898285,-0.014006350189447403,0.6081676483154297,-0.018963659182190895,0.9100934863090515,-0.06561655551195145,1.2033346891403198,-0.09123706817626953,1.479225516319275,-0.1252543181180954,1.7695761919021606,-0.16999965906143188,2.062868356704712,-0.21878238022327423,2.3403313159942627,-0.27436181902885437,2.629096269607544,-0.33962926268577576,2.9084644317626953,-0.40984734892845154,3.180013656616211,-0.47634467482566833,3.4420440196990967,-0.5432341694831848
f4395dd8e4004f12a8dec3079a93d804,turn right,0.2806287705898285,-0.014006350189447403,0.6081676483154297,-0.018963659182190895,0.9100934863090515,-0.06561655551195145,1.2033346891403198,-0.09123706817626953,1.479225516319275,-0.1252543181180954,1.7695761919021606,-0.16999965906143188,2.062868356704712,-0.21878238022327423,2.3403313159942627,-0.27436181902885437,2.629096269607544,-0.33962926268577576,2.9084644317626953,-0.40984734892845154,3.180013656616211,-0.47634467482566833,3.4420440196990967,-0.5432341694831848
f4395dd8e4004f12a8dec3079a93d804,Make the second right turn and stay on the left lane.,0.2806287705898285,-0.014006350189447403,0.6081676483154297,-0.018963659182190895,0.9100934863090515,-0.06561655551195145,1.2033346891403198,-0.09123706817626953,1.479225516319275,-0.1252543181180954,1.7695761919021606,-0.16999965906143188,2.062868356704712,-0.21878238022327423,2.3403313159942627,-0.27436181902885437,2.629096269607544,-0.33962926268577576,2.9084644317626953,-0.40984734892845154,3.180013656616211,-0.47634467482566833,3.4420440196990967,-0.5432341694831848
93032908bafd484ea10a39b0d5d3fff6,continue driving up the hill,0.22774799168109894,-0.006529675796627998,0.5074871778488159,0.0018249460263177752,0.7645833492279053,-0.009043615311384201,1.022370457649231,0.005164663307368755,1.2607102394104004,0.01757398433983326,1.5168838500976562,0.024996908381581306,1.7763502597808838,0.037139635533094406,2.030485153198242,0.04806356132030487,2.283879280090332,0.043974440544843674,2.5376880168914795,0.05588346719741821,2.781590700149536,0.0654003769159317,3.016248941421509,0.07289885729551315
93032908bafd484ea10a39b0d5d3fff6,,0.22774802148342133,-0.006529676727950573,0.5074871778488159,0.0018249460263177752,0.76458340883255,-0.009043615311384201,1.022370457649231,0.005164662841707468,1.2607100009918213,0.017573978751897812,1.5168837308883667,0.024996904656291008,1.7763506174087524,0.03713963180780411,2.030485153198242,0.048063553869724274,2.283879518508911,0.043974440544843674,2.5376880168914795,0.05588344484567642,2.781590223312378,0.0654003694653511,3.0162479877471924,0.07289884984493256
93032908bafd484ea10a39b0d5d3fff6,continue along the road,0.22774799168109894,-0.006529675796627998,0.5074871778488159,0.0018249463755637407,0.7645833492279053,-0.009043615311384201,1.022370457649231,0.005164663307368755,1.2607102394104004,0.01757398433983326,1.5168838500976562,0.024996908381581306,1.7763502597808838,0.037139635533094406,2.030485153198242,0.04806355759501457,2.283879280090332,0.043974436819553375,2.5376880168914795,0.05588346719741821,2.781590700149536,0.0654003769159317,3.016248941421509,0.07289885729551315
c04cdbbe744c4da08d3df61c47d5cc94,,0.10483170300722122,-0.005503732245415449,0.24018791317939758,-0.008168776519596577,0.3450506627559662,-0.025261033326387405,0.48189085721969604,-0.02158653736114502,0.5693318843841553,-0.028070570901036263,0.7088843584060669,-0.0369502454996109,0.8329002857208252,-0.04287803918123245,0.9557353258132935,-0.061307091265916824,1.0650241374969482,-0.07638104259967804,1.2128756046295166,-0.07489374279975891,1.3225996494293213,-0.1007460355758667,1.4646674394607544,-0.1021462008357048
c04cdbbe744c4da08d3df61c47d5cc94,Go straight and then stop behind the grey car,0.10483173280954361,-0.005503732245415449,0.24018794298171997,-0.008168777450919151,0.34505078196525574,-0.025261037051677704,0.4818909466266632,-0.02158653549849987,0.5693320035934448,-0.028070572763681412,0.7088845372200012,-0.0369502454996109,0.83290034532547,-0.04287803918123245,0.9557353258132935,-0.06130707636475563,1.0650242567062378,-0.07638105750083923,1.2128758430480957,-0.07489372044801712,1.32260000705719,-0.1007460355758667,1.464667558670044,-0.1021462008357048
c04cdbbe744c4da08d3df61c47d5cc94,stop behind the stopped car,0.10483170300722122,-0.0055037313140928745,0.24018797278404236,-0.008168777450919151,0.3450508117675781,-0.02526104263961315,0.4818909764289856,-0.02158653736114502,0.5693320035934448,-0.028070570901036263,0.708884596824646,-0.0369502454996109,0.8329004049301147,-0.042878035455942154,0.9557355046272278,-0.06130707636475563,1.0650243759155273,-0.07638104259967804,1.2128760814666748,-0.07489372789859772,1.3226001262664795,-0.1007460281252861,1.4646676778793335,-0.10214618593454361
c04cdbbe744c4da08d3df61c47d5cc94,Stop right behind the vehicle in front of you.,0.10483170300722122,-0.005503732245415449,0.2401878833770752,-0.008168777450919151,0.34505075216293335,-0.025261033326387405,0.48189079761505127,-0.02158653922379017,0.5693318843841553,-0.028070570901036263,0.7088845372200012,-0.0369502529501915,0.8329001069068909,-0.04287805035710335,0.9557351469993591,-0.061307091265916824,1.0650241374969482,-0.07638104259967804,1.2128756046295166,-0.07489374279975891,1.3225998878479004,-0.1007460504770279,1.4646672010421753,-0.1021462008357048
1fa63d31aaa7459383b4414715cd12db,turn left when there are no vehicles approaching,0.017092404887080193,-0.0036316572222858667,0.05011650547385216,-0.006152607034891844,0.07856244593858719,-0.009366797283291817,0.13517843186855316,-0.009322376921772957,0.17704743146896362,-0.01430010236799717,0.25122693181037903,-0.01622500829398632,0.3220573961734772,-0.011419063434004784,0.3999300003051758,-0.017537666484713554,0.4742625057697296,-0.01699022203683853,0.5760646462440491,-0.009861091151833534,0.6562858819961548,-0.014202688820660114,0.757699728012085,-0.010403584688901901
1fa63d31aaa7459383b4414715cd12db,Wait for the cars to pass and then turn left and merge onto the road,0.017092389985919,-0.0036316588521003723,0.05011647567152977,-0.006152610294520855,0.07856237888336182,-0.009366801008582115,0.1351783573627472,-0.00932238157838583,0.17704734206199646,-0.014300104230642319,0.2512268126010895,-0.01622501015663147,0.32205724716186523,-0.01141905877739191,0.39992985129356384,-0.01753765530884266,0.4742623567581177,-0.016990220174193382,0.5760644674301147,-0.009861082769930363,0.6562856435775757,-0.014202684164047241,0.7576996088027954,-0.010403571650385857
1fa63d31aaa7459383b4414715cd12db,turn left when it is safe to do so.,0.017092358320951462,-0.0036316614132374525,0.050116416066884995,-0.006152614019811153,0.07856228947639465,-0.009366809390485287,0.13517825305461884,-0.009322382509708405,0.17704717814922333,-0.014300111681222916,0.25122660398483276,-0.016225013881921768,0.3220570683479309,-0.01141905877739191,0.39992964267730713,-0.01753765344619751,0.4742620587348938,-0.01699022389948368,0.5760641694068909,-0.009861066937446594,0.6562854051589966,-0.014202688820660114,0.7576992511749268,-0.010403571650385857
1fa63d31aaa7459383b4414715cd12db,wait till the road is clear of moving cars and turn left,0.017092403024435043,-0.003631657687947154,0.05011649802327156,-0.006152608431875706,0.0785624235868454,-0.00936680007725954,0.13517841696739197,-0.009322378784418106,0.17704741656780243,-0.014300103299319744,0.25122690200805664,-0.01622500829398632,0.3220573663711548,-0.011419061571359634,0.3999299705028534,-0.017537662759423256,0.47426244616508484,-0.016990220174193382,0.5760646462440491,-0.009861091151833534,0.6562858819961548,-0.014202690683305264,0.757699728012085,-0.010403579100966454
1fa63d31aaa7459383b4414715cd12db,Make a left turn when all vehicles from the right pass.,0.017092347145080566,-0.0036316625773906708,0.050116393715143204,-0.006152615416795015,0.07856225222349167,-0.009366811253130436,0.13517819344997406,-0.00932238344103098,0.17704711854457855,-0.01430011261254549,0.251226544380188,-0.016225013881921768,0.32205694913864136,-0.011419056914746761,0.39992955327033997,-0.01753764972090721,0.47426196932792664,-0.01699022576212883,0.5760640501976013,-0.009861061349511147,0.656285285949707,-0.014202688820660114,0.7576991319656372,-0.010403566993772984
53c92676ef334011bd4689494ac11fa0,stay on the right lane when ap[racing the stop sign,0.1712496280670166,-0.012211387045681477,0.36942586302757263,-0.025410426780581474,0.5385199189186096,-0.07482714205980301,0.7204248309135437,-0.10977192968130112,0.8718359470367432,-0.1560763120651245,1.0574952363967896,-0.21281485259532928,1.2335290908813477,-0.27353355288505554,1.3979215621948242,-0.3480258285999298,1.5686346292495728,-0.4217560589313507,1.7509063482284546,-0.5004253387451172,1.9130576848983765,-0.5827965140342712,2.090083360671997,-0.6561023592948914
53c92676ef334011bd4689494ac11fa0,,0.17124958336353302,-0.012211387045681477,0.36942580342292786,-0.025410421192646027,0.5385199189186096,-0.07482714205980301,0.7204247117042542,-0.10977192968130112,0.8718359470367432,-0.1560763120651245,1.0574951171875,-0.2128148078918457,1.2335290908813477,-0.27353358268737793,1.3979214429855347,-0.3480258882045746,1.5686346292495728,-0.4217560291290283,1.7509063482284546,-0.5004253387451172,1.9130573272705078,-0.5827965140342712,2.090083360671997,-0.6561023592948914
53c92676ef334011bd4689494ac11fa0,"turn right, stop at the stop sign, then continue driving",0.1712496131658554,-0.012211387045681477,0.36942586302757263,-0.025410426780581474,0.5385199189186096,-0.07482714205980301,0.7204248309135437,-0.10977192968130112,0.8718359470367432,-0.1560763269662857,1.0574952363967896,-0.21281485259532928,1.2335290908813477,-0.27353358268737793,1.3979215621948242,-0.3480258285999298,1.5686346292495728,-0.4217560589313507,1.7509063482284546,-0.5004253387451172,1.9130576848983765,-0.582796573638916,2.090083360671997,-0.6561023592948914
53c92676ef334011bd4689494ac11fa0,Stop at the stopsign. After a full stop proceed through the intersection.,0.1712496280670166,-0.012211387045681477,0.369425892829895,-0.025410426780581474,0.5385199785232544,-0.07482714205980301,0.7204248309135437,-0.10977192968130112,0.8718361258506775,-0.15607629716396332,1.0574952363967896,-0.21281485259532928,1.2335290908813477,-0.27353355288505554,1.3979215621948242,-0.3480258285999298,1.5686348676681519,-0.4217561185359955,1.7509063482284546,-0.5004253387451172,1.9130576848983765,-0.5827965140342712,2.090083360671997,-0.6561023592948914
8e1f7ff7dc9940da8eeca3c06ae1aa4d,"turn right here, wait for pedestrian to cross the road and continue straight",0.089749775826931,-0.00783067848533392,0.2067025750875473,-0.015367125160992146,0.30866539478302,-0.03855814039707184,0.43232184648513794,-0.05672827735543251,0.5426197648048401,-0.07755772024393082,0.6748561263084412,-0.10776102542877197,0.8102565407752991,-0.12927764654159546,0.9472777247428894,-0.16312164068222046,1.0827656984329224,-0.20328640937805176,1.237813949584961,-0.2336769700050354,1.3734490871429443,-0.27307409048080444,1.5188724994659424,-0.30598682165145874
8e1f7ff7dc9940da8eeca3c06ae1aa4d,Drive to the left and wait for the pedestrian to pass before continuing to drive,0.0897497683763504,-0.007830679416656494,0.20670254528522491,-0.015367128886282444,0.30866530537605286,-0.03855814039707184,0.43232181668281555,-0.05672827735543251,0.5426197052001953,-0.07755772024393082,0.6748560667037964,-0.10776101797819138,0.8102564215660095,-0.12927764654159546,0.9472776651382446,-0.16312164068222046,1.0827656984329224,-0.20328640937805176,1.237813949584961,-0.2336769700050354,1.3734488487243652,-0.27307409048080444,1.5188724994659424,-0.30598679184913635
8e1f7ff7dc9940da8eeca3c06ae1aa4d,"stop at the zebra crossing wait for the pedestrian to cross, then continue driving",0.089749775826931,-0.00783067848533392,0.2067025750875473,-0.015367127023637295,0.30866539478302,-0.03855814039707184,0.43232184648513794,-0.05672827735543251,0.5426197648048401,-0.07755772024393082,0.6748560667037964,-0.10776101797819138,0.8102565407752991,-0.12927763164043427,0.9472777247428894,-0.16312164068222046,1.0827656984329224,-0.20328640937805176,1.237813949584961,-0.2336769700050354,1.3734490871429443,-0.27307409048080444,1.518872618675232,-0.30598679184913635
8e1f7ff7dc9940da8eeca3c06ae1aa4d,turn right wait for incoming pedestrian,0.0897497609257698,-0.00783067848533392,0.20670250058174133,-0.015367128886282444,0.30866527557373047,-0.03855814039707184,0.4323217570781708,-0.05672827735543251,0.5426196455955505,-0.07755772024393082,0.6748559474945068,-0.10776101797819138,0.81025630235672,-0.12927763164043427,0.9472774267196655,-0.16312164068222046,1.0827655792236328,-0.20328639447689056,1.2378138303756714,-0.2336769700050354,1.3734488487243652,-0.27307409048080444,1.5188723802566528,-0.30598682165145874
8e1f7ff7dc9940da8eeca3c06ae1aa4d,Stop right before the crosswalk to let the individual pass through. Then proceed forward as normal.,0.0897497609257698,-0.007830679416656494,0.20670254528522491,-0.015367127023637295,0.30866533517837524,-0.03855814039707184,0.43232181668281555,-0.05672827735543251,0.5426197052001953,-0.07755772769451141,0.6748560667037964,-0.10776101797819138,0.8102565407752991,-0.12927764654159546,0.9472776055335999,-0.16312164068222046,1.0827656984329224,-0.20328640937805176,1.237813949584961,-0.2336769700050354,1.3734488487243652,-0.27307409048080444,1.5188724994659424,-0.30598679184913635
1959c8f440a340fda3ea2cac0ac528ec,wait  until there are no approaching cars and pedestrians,0.014428387396037579,-0.0052352664060890675,0.01629013754427433,-0.00491879228502512,0.01274805422872305,-0.0005584816099144518,0.03380347043275833,-0.01187035534530878,0.05521241948008537,-0.006057396065443754,0.0816628634929657,-0.01415061391890049,0.11484142392873764,-0.005759276915341616,0.14374572038650513,-0.0037768075708299875,0.19071310758590698,0.004185195546597242,0.23190806806087494,0.00043595689930953085,0.281516432762146,-0.0005054097855463624,0.33571818470954895,0.00718338880687952
1959c8f440a340fda3ea2cac0ac528ec,Wait for the cars to merge onto the street before going straight,0.014428391121327877,-0.005235265474766493,0.01629013940691948,-0.004918791353702545,0.01274806261062622,-0.0005584810860455036,0.03380348160862923,-0.01187035534530878,0.05521243065595627,-0.006057396065443754,0.08166287839412689,-0.014150611124932766,0.11484142392873764,-0.005759277381002903,0.14374572038650513,-0.003776808734983206,0.19071310758590698,0.00418519601225853,0.23190806806087494,0.00043595663737505674,0.281516432762146,-0.000505408679600805,0.33571818470954895,0.007183385547250509
1959c8f440a340fda3ea2cac0ac528ec,"wait for all the cars on the left side to pass, then continue driving.",0.01442837342619896,-0.005235267337411642,0.016290118917822838,-0.0049187964759767056,0.012748007662594318,-0.000558485509827733,0.03380343317985535,-0.011870363727211952,0.05521237850189209,-0.006057401187717915,0.08166280388832092,-0.014150619506835938,0.11484135687351227,-0.005759274121373892,0.14374570548534393,-0.003776802448555827,0.1907130926847458,0.004185191821306944,0.23190802335739136,0.0004359586746431887,0.281516432762146,-0.0005054173525422812,0.33571821451187134,0.007183401845395565
1959c8f440a340fda3ea2cac0ac528ec,,0.014428365975618362,-0.005235269200056791,0.016290102154016495,-0.004918799735605717,0.012747968547046185,-0.0005584887112490833,0.03380339592695236,-0.011870370246469975,0.055212341248989105,-0.006057404447346926,0.08166274428367615,-0.01415062602609396,0.11484131217002869,-0.005759273190051317,0.14374569058418274,-0.0037767982576042414,0.1907130628824234,0.00418518902733922,0.23190802335739136,0.00043596012983471155,0.281516432762146,-0.0005054236971773207,0.3357183039188385,0.007183412089943886
1959c8f440a340fda3ea2cac0ac528ec,Cross the crosswalk once all cars have merged onto the road,0.014428390190005302,-0.005235265474766493,0.01629014126956463,-0.004918791353702545,0.01274806261062622,-0.0005584810278378427,0.03380348160862923,-0.01187035534530878,0.05521243065595627,-0.006057396065443754,0.08166287839412689,-0.014150612987577915,0.11484142392873764,-0.005759277381002903,0.14374572038650513,-0.003776808734983206,0.19071313738822937,0.00418519601225853,0.23190806806087494,0.0004359566082712263,0.281516432762146,-0.0005054086213931441,0.33571818470954895,0.007183386012911797
034256c9639044f98da7562ef3de3646,turn left here and continue,0.24764132499694824,-0.006483918987214565,0.5467852354049683,0.0016715471865609288,0.8163250684738159,-0.010791078209877014,1.0845003128051758,0.0005133910453878343,1.3349361419677734,0.015508471988141537,1.5953913927078247,0.020718593150377274,1.8592777252197266,0.029145698994398117,2.1176352500915527,0.03798079863190651,2.3763773441314697,0.04094623029232025,2.6285502910614014,0.04632454365491867,2.8771541118621826,0.048675186932086945,3.1217129230499268,0.05983521789312363
034256c9639044f98da7562ef3de3646,,0.24764132499694824,-0.006483919452875853,0.5467852354049683,0.0016715466044843197,0.8163250684738159,-0.01079107727855444,1.0845004320144653,0.0005133910453878343,1.334936261177063,0.015508473850786686,1.5953915119171143,0.020718591287732124,1.859277606010437,0.029145697131752968,2.1176352500915527,0.03798080235719681,2.3763773441314697,0.04094624146819115,2.6285500526428223,0.046324558556079865,2.8771536350250244,0.04867519810795784,3.1217129230499268,0.05983522906899452
034256c9639044f98da7562ef3de3646,Take a left turn and then continue on the road,0.24764132499694824,-0.006483918987214565,0.5467852354049683,0.0016715466044843197,0.8163250684738159,-0.010791078209877014,1.0845003128051758,0.0005133910453878343,1.3349361419677734,0.015508471988141537,1.5953913927078247,0.020718593150377274,1.8592777252197266,0.029145698994398117,2.1176352500915527,0.03798079863190651,2.3763773441314697,0.04094624146819115,2.6285502910614014,0.04632454365491867,2.8771541118621826,0.048675186932086945,3.1217129230499268,0.05983521789312363
034256c9639044f98da7562ef3de3646,complete the left turn,0.24764132499694824,-0.006483918987214565,0.5467852354049683,0.0016715466044843197,0.8163250684738159,-0.010791078209877014,1.0845003128051758,0.0005133910453878343,1.3349361419677734,0.015508471988141537,1.5953913927078247,0.020718593150377274,1.8592777252197266,0.029145698994398117,2.1176352500915527,0.03798079863190651,2.3763773441314697,0.04094624146819115,2.6285502910614014,0.04632454365491867,2.8771541118621826,0.048675186932086945,3.1217129230499268,0.05983521789312363
034256c9639044f98da7562ef3de3646,turn left,0.24764131009578705,-0.006483918987214565,0.5467852354049683,0.0016715460224077106,0.8163250684738159,-0.010791080072522163,1.0845003128051758,0.0005133887170813978,1.3349360227584839,0.01550846267491579,1.5953913927078247,0.020718583837151527,1.8592777252197266,0.02914568968117237,2.1176352500915527,0.037980787456035614,2.3763773441314697,0.040946222841739655,2.6285502910614014,0.04632452502846718,2.8771541118621826,0.04867517203092575,3.1217129230499268,0.05983519181609154
a2e3c0a763c04e56a5e26611eb69395b,,0.30003389716148376,-0.010606926865875721,0.6545606851577759,-0.00043777571409009397,0.9784655570983887,-0.022049371153116226,1.2954974174499512,-0.01194692961871624,1.5862737894058228,-0.008201678283512592,1.8983960151672363,-0.007968882098793983,2.2053723335266113,-0.008488399907946587,2.4940428733825684,-0.011693926528096199,2.7956433296203613,-0.021783234551548958,3.0838723182678223,-0.02852570451796055,3.364539861679077,-0.03726363182067871,3.6359686851501465,-0.04412510618567467
ae643c14ded14e6ea74f8c8605200ed1,turn left and turn left again at the intersection,0.2629844546318054,0.0021352185867726803,0.578118085861206,0.02823091298341751,0.8543596863746643,0.05057312548160553,1.142510175704956,0.08805077522993088,1.4090111255645752,0.15583133697509766,1.6863397359848022,0.20720018446445465,1.9654961824417114,0.28056272864341736,2.2191226482391357,0.35310548543930054,2.498581886291504,0.4220390319824219,2.763683795928955,0.4902622401714325,3.028616189956665,0.5744467973709106,3.281130790710449,0.665816605091095
ae643c14ded14e6ea74f8c8605200ed1,turn left at the intersection and left again at the next intersection,0.2629844546318054,0.0021352185867726803,0.578118085861206,0.02823091298341751,0.8543596863746643,0.05057312548160553,1.142510175704956,0.08805077522993088,1.4090111255645752,0.15583133697509766,1.6863397359848022,0.20720018446445465,1.9654961824417114,0.28056272864341736,2.2191226482391357,0.35310548543930054,2.498581886291504,0.42203906178474426,2.763683795928955,0.4902622401714325,3.028616189956665,0.5744467973709106,3.281130790710449,0.665816605091095
ae643c14ded14e6ea74f8c8605200ed1,Turn left and then take the next left,0.2629844546318054,0.002135218819603324,0.578118085861206,0.02823091298341751,0.8543596863746643,0.05057312548160553,1.142510175704956,0.08805077522993088,1.4090111255645752,0.15583133697509766,1.6863397359848022,0.20720018446445465,1.9654961824417114,0.28056272864341736,2.2191226482391357,0.35310548543930054,2.498581886291504,0.4220390319824219,2.763683795928955,0.4902622401714325,3.028616189956665,0.5744467973709106,3.281130790710449,0.665816605091095
ae643c14ded14e6ea74f8c8605200ed1,"make a left turn at the intersection, then make another left turn at the next intersection",0.26298442482948303,0.0021352185867726803,0.578118085861206,0.02823091298341751,0.8543596863746643,0.05057312548160553,1.142510175704956,0.08805077522993088,1.4090111255645752,0.15583133697509766,1.6863397359848022,0.20720018446445465,1.9654961824417114,0.28056272864341736,2.2191224098205566,0.35310548543930054,2.498581886291504,0.4220390319824219,2.763683795928955,0.4902622103691101,3.028616189956665,0.5744467973709106,3.281130790710449,0.6658165454864502
ae643c14ded14e6ea74f8c8605200ed1,"turn left, turn left",0.26298442482948303,0.0021352176554501057,0.578118085861206,0.028230909258127213,0.8543596863746643,0.05057311803102493,1.142510175704956,0.08805076777935028,1.4090111255645752,0.15583133697509766,1.6863397359848022,0.20720018446445465,1.9654961824417114,0.28056272864341736,2.2191224098205566,0.35310542583465576,2.498581886291504,0.4220390021800995,2.763683795928955,0.4902621805667877,3.028615713119507,0.5744467973709106,3.281130790710449,0.6658165454864502
ae643c14ded14e6ea74f8c8605200ed1,Make a left turn at the intersection,0.26298442482948303,0.0021352183539420366,0.578118085861206,0.028230909258127213,0.8543596863746643,0.05057312548160553,1.142510175704956,0.08805077522993088,1.4090111255645752,0.15583133697509766,1.6863397359848022,0.20720018446445465,1.9654961824417114,0.28056272864341736,2.2191224098205566,0.35310542583465576,2.498581886291504,0.4220390021800995,2.763683795928955,0.4902622103691101,3.028616189956665,0.5744467973709106,3.281130790710449,0.6658165454864502
ae643c14ded14e6ea74f8c8605200ed1,Make the next left turn possible,0.2629844546318054,0.0021352185867726803,0.578118085861206,0.02823091298341751,0.8543596863746643,0.05057311803102493,1.142510175704956,0.08805076777935028,1.4090111255645752,0.15583133697509766,1.6863397359848022,0.20720018446445465,1.9654961824417114,0.28056272864341736,2.2191226482391357,0.35310542583465576,2.498581886291504,0.4220390021800995,2.763683795928955,0.4902621805667877,3.028616189956665,0.5744467973709106,3.281130790710449,0.6658165454864502
9f3c8453d03d4df5946444757376b826,turn right here,0.4091515839099884,-0.012723497115075588,0.9166122674942017,-0.007486109156161547,1.3841023445129395,-0.033663854002952576,1.8306406736373901,-0.038719192147254944,2.265489101409912,-0.04326631873846054,2.70704984664917,-0.06168358772993088,3.1513783931732178,-0.07516932487487793,3.5901761054992676,-0.0999680608510971,4.022637367248535,-0.13018430769443512,4.460785865783691,-0.15967944264411926,4.875860691070557,-0.19250930845737457,5.287067890167236,-0.21700914204120636
9f3c8453d03d4df5946444757376b826,turn right at the intersection,0.409151554107666,-0.012723497115075588,0.9166122078895569,-0.007486108224838972,1.3841023445129395,-0.033663854002952576,1.8306405544281006,-0.03871918469667435,2.265489101409912,-0.04326631873846054,2.70704984664917,-0.06168358772993088,3.1513781547546387,-0.07516932487487793,3.5901761054992676,-0.09996803104877472,4.022637367248535,-0.13018430769443512,4.460785865783691,-0.15967939794063568,4.875860214233398,-0.19250930845737457,5.287067890167236,-0.21700915694236755
9f3c8453d03d4df5946444757376b826,Take a right turn and then continue down the road,0.4091515839099884,-0.012723497115075588,0.9166122674942017,-0.007486109156161547,1.3841023445129395,-0.033663854002952576,1.8306406736373901,-0.038719192147254944,2.265489101409912,-0.04326631873846054,2.70704984664917,-0.06168358772993088,3.1513783931732178,-0.07516932487487793,3.5901761054992676,-0.0999680608510971,4.022637367248535,-0.13018430769443512,4.460785865783691,-0.15967944264411926,4.875860691070557,-0.19250930845737457,5.287067890167236,-0.21700914204120636
9f3c8453d03d4df5946444757376b826,turn right,0.4091515839099884,-0.012723497115075588,0.9166122674942017,-0.007486109156161547,1.3841023445129395,-0.033663854002952576,1.8306406736373901,-0.038719192147254944,2.265489101409912,-0.04326631873846054,2.70704984664917,-0.06168358772993088,3.1513783931732178,-0.07516932487487793,3.5901761054992676,-0.0999680608510971,4.022637367248535,-0.13018430769443512,4.460785865783691,-0.15967944264411926,4.875860691070557,-0.19250930845737457,5.287067890167236,-0.21700914204120636
9f3c8453d03d4df5946444757376b826,,0.4091515839099884,-0.012723497115075588,0.9166122674942017,-0.007486109156161547,1.3841023445129395,-0.033663854002952576,1.8306406736373901,-0.038719192147254944,2.265489101409912,-0.04326631873846054,2.70704984664917,-0.06168358772993088,3.1513783931732178,-0.07516932487487793,3.5901761054992676,-0.0999680608510971,4.022637367248535,-0.13018430769443512,4.460785865783691,-0.15967944264411926,4.875860691070557,-0.19250930845737457,5.287067890167236,-0.21700914204120636
e0b14a8e11994763acba690bbcc3f56a,turn right here,0.09015398472547531,-0.00817711092531681,0.19719423353672028,-0.014401236549019814,0.29695942997932434,-0.037849731743335724,0.4111343026161194,-0.0512545108795166,0.5067898035049438,-0.074802927672863,0.633194625377655,-0.09696906059980392,0.7569904327392578,-0.12016420066356659,0.8796263337135315,-0.1519509106874466,1.0029733180999756,-0.18388621509075165,1.1411688327789307,-0.21322359144687653,1.2638722658157349,-0.24681808054447174,1.3994077444076538,-0.28021132946014404
e0b14a8e11994763acba690bbcc3f56a,,0.09015398472547531,-0.00817711092531681,0.19719423353672028,-0.01440123375505209,0.29695942997932434,-0.037849728018045425,0.4111343026161194,-0.0512545108795166,0.5067899227142334,-0.074802927672863,0.633194625377655,-0.09696906059980392,0.7569904327392578,-0.12016420066356659,0.8796265125274658,-0.1519509106874466,1.0029733180999756,-0.18388621509075165,1.1411689519882202,-0.21322359144687653,1.2638723850250244,-0.24681808054447174,1.3994077444076538,-0.28021132946014404
e0b14a8e11994763acba690bbcc3f56a,Turn to the right and stop at the stop signs,0.09015398472547531,-0.00817711092531681,0.19719423353672028,-0.014401236549019814,0.29695942997932434,-0.037849731743335724,0.4111343026161194,-0.0512545108795166,0.5067898035049438,-0.074802927672863,0.633194625377655,-0.09696906059980392,0.7569904327392578,-0.12016420066356659,0.8796263337135315,-0.1519509106874466,1.0029733180999756,-0.18388621509075165,1.1411688327789307,-0.21322359144687653,1.2638722658157349,-0.24681808054447174,1.3994077444076538,-0.28021132946014404
e0b14a8e11994763acba690bbcc3f56a,trn right and stop at the intersection,0.09015397727489471,-0.00817711092531681,0.19719423353672028,-0.01440123189240694,0.29695945978164673,-0.03784972429275513,0.41113436222076416,-0.0512545071542263,0.5067899227142334,-0.074802927672863,0.633194625377655,-0.09696906059980392,0.7569904327392578,-0.12016420066356659,0.8796265125274658,-0.1519508957862854,1.0029734373092651,-0.18388620018959045,1.1411690711975098,-0.21322359144687653,1.2638723850250244,-0.24681808054447174,1.3994078636169434,-0.28021132946014404
e0b14a8e11994763acba690bbcc3f56a,turn right,0.09015394747257233,-0.00817711092531681,0.1971941888332367,-0.014401237480342388,0.29695937037467957,-0.037849731743335724,0.4111342430114746,-0.0512545108795166,0.5067898035049438,-0.0748029425740242,0.6331945061683655,-0.09696907550096512,0.756990373134613,-0.12016420811414719,0.8796262741088867,-0.1519509106874466,1.002973198890686,-0.18388622999191284,1.1411687135696411,-0.21322359144687653,1.2638721466064453,-0.24681809544563293,1.3994076251983643,-0.28021135926246643
e0b14a8e11994763acba690bbcc3f56a,Sop at the stopsign,0.09015397727489471,-0.00817711092531681,0.1971942037343979,-0.014401236549019814,0.29695942997932434,-0.037849728018045425,0.4111343026161194,-0.0512545108795166,0.5067898035049438,-0.074802927672863,0.6331945657730103,-0.09696906059980392,0.756990373134613,-0.12016420066356659,0.8796263337135315,-0.1519509106874466,1.0029733180999756,-0.18388622999191284,1.1411688327789307,-0.21322359144687653,1.2638721466064453,-0.24681809544563293,1.3994077444076538,-0.28021132946014404
e0b14a8e11994763acba690bbcc3f56a,Make a left turn once all cars have passed the intersection,0.09015398472547531,-0.00817711092531681,0.19719424843788147,-0.014401232823729515,0.29695945978164673,-0.037849728018045425,0.41113439202308655,-0.0512545071542263,0.5067899227142334,-0.074802927672863,0.633194625377655,-0.09696906059980392,0.7569904327392578,-0.12016420066356659,0.8796265125274658,-0.1519508957862854,1.0029734373092651,-0.18388620018959045,1.1411690711975098,-0.21322359144687653,1.2638723850250244,-0.24681808054447174,1.3994078636169434,-0.28021132946014404
b0c4f9a7680142d8add66f69e5f20ecb,turn left at the stop sign continue straight and drive away from the stopped truck and pedestrian,0.3091455101966858,-0.0007277702097781003,0.6961772441864014,0.02203412912786007,1.051591157913208,0.034118808805942535,1.4093587398529053,0.07021857053041458,1.7416765689849854,0.12011129409074783,2.0975966453552246,0.1623629629611969,2.4509081840515137,0.21808293461799622,2.7862753868103027,0.2697966992855072,3.13741397857666,0.31904369592666626,3.484927177429199,0.3749372661113739,3.8173487186431885,0.43065816164016724,4.143409729003906,0.49452945590019226
b0c4f9a7680142d8add66f69e5f20ecb,turn left at the stop sign,0.3091455101966858,-0.0007277707918547094,0.6961772441864014,0.02203412912786007,1.051591157913208,0.034118808805942535,1.4093587398529053,0.07021857053041458,1.7416765689849854,0.12011129409074783,2.0975966453552246,0.1623629629611969,2.4509081840515137,0.21808293461799622,2.7862753868103027,0.2697966694831848,3.13741397857666,0.31904366612434387,3.484927177429199,0.3749372661113739,3.8173487186431885,0.43065816164016724,4.143409729003906,0.49452945590019226
b0c4f9a7680142d8add66f69e5f20ecb,Turn to the left and the continue straight,0.3091455101966858,-0.0007277707918547094,0.6961772441864014,0.02203412540256977,1.051591157913208,0.034118808805942535,1.4093587398529053,0.07021856307983398,1.7416765689849854,0.12011129409074783,2.0975966453552246,0.1623629480600357,2.4509081840515137,0.21808293461799622,2.7862753868103027,0.2697966694831848,3.13741397857666,0.31904366612434387,3.484927177429199,0.3749372363090515,3.8173487186431885,0.43065813183784485,4.143409729003906,0.49452945590019226
b0c4f9a7680142d8add66f69e5f20ecb,"turn left, go straight",0.3091454803943634,-0.0007277707918547094,0.6961771845817566,0.02203412540256977,1.051591157913208,0.034118808805942535,1.4093587398529053,0.07021856307983398,1.7416765689849854,0.12011127918958664,2.0975966453552246,0.1623629480600357,2.4509081840515137,0.21808293461799622,2.7862753868103027,0.2697966694831848,3.13741397857666,0.31904366612434387,3.484927177429199,0.3749372363090515,3.8173487186431885,0.43065813183784485,4.143409729003906,0.4945293962955475
b0c4f9a7680142d8add66f69e5f20ecb,turn left,0.3091454803943634,-0.0007277713739313185,0.6961772441864014,0.02203412540256977,1.051591157913208,0.034118808805942535,1.4093587398529053,0.07021856307983398,1.7416765689849854,0.12011127173900604,2.0975966453552246,0.1623629480600357,2.4509081840515137,0.21808291971683502,2.7862753868103027,0.2697966694831848,3.13741397857666,0.3190436363220215,3.484927177429199,0.3749372363090515,3.8173487186431885,0.43065813183784485,4.143409729003906,0.4945293962955475
b0c4f9a7680142d8add66f69e5f20ecb,,0.3091455101966858,-0.0007277707918547094,0.6961772441864014,0.02203412912786007,1.051591157913208,0.034118808805942535,1.4093587398529053,0.07021857053041458,1.7416765689849854,0.12011129409074783,2.0975966453552246,0.1623629629611969,2.4509081840515137,0.2180829644203186,2.7862753868103027,0.2697966694831848,3.13741397857666,0.31904366612434387,3.484927177429199,0.3749372661113739,3.8173487186431885,0.43065816164016724,4.143409729003906,0.49452945590019226
2c96ff6afc9e4cf7bc8b107fce955c1f,,0.31125539541244507,-0.010872150771319866,0.6780871152877808,0.0003930664388462901,1.0139280557632446,-0.020423512905836105,1.3443797826766968,-0.009574332274496555,1.6456866264343262,-0.004304450936615467,1.9705883264541626,-0.0035175250377506018,2.2888944149017334,-0.0021615116856992245,2.585925817489624,-0.003729588817805052,2.899709463119507,-0.014318868517875671,3.197828531265259,-0.01933022029697895,3.487680673599243,-0.027828210964798927,3.7651281356811523,-0.03287036344408989
64a3a2d22172406c848f2a92275808ba,,0.31079399585723877,-0.010045802220702171,0.6876980662345886,-0.0006030837539583445,1.0342663526535034,-0.02042740024626255,1.3744562864303589,-0.011399073526263237,1.6919487714767456,-0.003961751703172922,2.027587413787842,-0.006749134976416826,2.360614538192749,-0.005293505731970072,2.6783196926116943,-0.007528606802225113,3.007798671722412,-0.02199203334748745,3.3246471881866455,-0.026344066485762596,3.6310532093048096,-0.037692420184612274,3.9253485202789307,-0.044924404472112656
64a3a2d22172406c848f2a92275808ba,Go straight when the stoplight turns green,0.31079402565956116,-0.010045802220702171,0.6876979470252991,-0.0006030838121660054,1.0342657566070557,-0.02042740397155285,1.3744562864303589,-0.011399073526263237,1.6919492483139038,-0.003961753565818071,2.027587652206421,-0.006749134045094252,2.36061429977417,-0.0052935052663087845,2.678318500518799,-0.007528608199208975,3.007798671722412,-0.0219920352101326,3.3246469497680664,-0.026344068348407745,3.6310527324676514,-0.03769241273403168,3.9253487586975098,-0.04492440074682236
4efde86424ea4088a43faeb5158ceabf,,0.014424320310354233,-0.0052357884123921394,0.016284357756376266,-0.00492012407630682,0.012733564712107182,-0.0005596731207333505,0.03379024192690849,-0.011872664093971252,0.05519866943359375,-0.0060587599873542786,0.08164229989051819,-0.014152778312563896,0.11482393741607666,-0.005758614279329777,0.14373907446861267,-0.003775164484977722,0.19070060551166534,0.004184096585959196,0.2319049835205078,0.0004364904307294637,0.2815188765525818,-0.0005077379755675793,0.3357314467430115,0.007187374401837587
4efde86424ea4088a43faeb5158ceabf,Go straight when the stoplight turns green,0.014424323104321957,-0.005235784221440554,0.01628437265753746,-0.0049201203510165215,0.012733577750623226,-0.0005596722476184368,0.033790260553359985,-0.011872663162648678,0.05519867315888405,-0.006058759521692991,0.08164234459400177,-0.01415278110653162,0.11482402682304382,-0.005758616141974926,0.14373908936977386,-0.0037751656491309404,0.19070075452327728,0.004184096585959196,0.231904998421669,0.0004364899068605155,0.28151872754096985,-0.0005077347159385681,0.33573129773139954,0.007187375798821449
54ec146682e24683becfeab4124e8402,,0.2630617320537567,-0.009932687506079674,0.5707189440727234,-0.0018135327845811844,0.8500942587852478,-0.026309365406632423,1.120923399925232,-0.016974998638033867,1.3689815998077393,-0.01832730509340763,1.6381959915161133,-0.017562180757522583,1.9020938873291016,-0.02428033947944641,2.15198016166687,-0.0321601964533329,2.4106667041778564,-0.03870709612965584,2.656651735305786,-0.05134185776114464,2.900999069213867,-0.05929878354072571,3.145034074783325,-0.07071927934885025
8b60e7e47cde43e0a7fbd66d926de14f,turn right at the intersection,0.2614254057407379,-0.013596320524811745,0.5693318843841553,-0.01984269544482231,0.8526841402053833,-0.06834690272808075,1.1306838989257812,-0.09422039985656738,1.3881784677505493,-0.1337142288684845,1.6686921119689941,-0.1789492964744568,1.9479162693023682,-0.23198042809963226,2.211827516555786,-0.29482266306877136,2.4865972995758057,-0.3582955002784729,2.758732795715332,-0.43231719732284546,3.018192768096924,-0.5036910772323608,3.2786569595336914,-0.5742351412773132
8b60e7e47cde43e0a7fbd66d926de14f,Take a right turn and then stop behind the black car,0.2614254057407379,-0.01359631959348917,0.5693318843841553,-0.01984269730746746,0.8526840209960938,-0.06834691017866135,1.1306837797164917,-0.09422040730714798,1.3881783485412598,-0.1337142437696457,1.6686922311782837,-0.1789492964744568,1.9479162693023682,-0.23198042809963226,2.211827278137207,-0.294822633266449,2.4865972995758057,-0.3582954704761505,2.758732795715332,-0.43231722712516785,3.018193244934082,-0.5036911368370056,3.2786571979522705,-0.574235200881958
8b60e7e47cde43e0a7fbd66d926de14f,turn right at the intersection and slow to avoid hitting the car in front,0.2614254057407379,-0.01359631959348917,0.5693318843841553,-0.01984269730746746,0.8526840209960938,-0.06834691017866135,1.1306837797164917,-0.09422040730714798,1.3881783485412598,-0.1337142437696457,1.6686922311782837,-0.1789492964744568,1.9479162693023682,-0.23198042809963226,2.211827278137207,-0.294822633266449,2.4865972995758057,-0.3582954704761505,2.758732795715332,-0.43231722712516785,3.018193244934082,-0.5036911368370056,3.2786571979522705,-0.574235200881958
8b60e7e47cde43e0a7fbd66d926de14f,turn right,0.2614254057407379,-0.01359631959348917,0.5693318843841553,-0.01984269730746746,0.8526840209960938,-0.06834691017866135,1.1306837797164917,-0.09422040730714798,1.3881783485412598,-0.1337142437696457,1.6686922311782837,-0.1789492964744568,1.9479162693023682,-0.23198042809963226,2.211827278137207,-0.294822633266449,2.4865972995758057,-0.3582954704761505,2.758732795715332,-0.43231722712516785,3.018193244934082,-0.5036911368370056,3.2786571979522705,-0.574235200881958
8b60e7e47cde43e0a7fbd66d926de14f,Make a right turn at the intersection,0.2614254057407379,-0.01359631959348917,0.5693318843841553,-0.01984269730746746,0.8526840209960938,-0.06834691017866135,1.1306837797164917,-0.09422040730714798,1.3881783485412598,-0.1337142437696457,1.6686922311782837,-0.1789492964744568,1.9479162693023682,-0.23198042809963226,2.211827278137207,-0.294822633266449,2.4865972995758057,-0.3582954704761505,2.758732795715332,-0.43231722712516785,3.018193244934082,-0.5036911368370056,3.2786571979522705,-0.574235200881958
69e393da7cb54eb6bea7927a2af0d1ee,,0.08299894630908966,-0.005821168422698975,0.18409201502799988,-0.0064235529862344265,0.27537238597869873,-0.014154588803648949,0.383840948343277,-0.018901046365499496,0.4840824007987976,-0.019033703953027725,0.5999855399131775,-0.028002528473734856,0.7169594764709473,-0.029464421793818474,0.8347516059875488,-0.03641069680452347,0.9603531956672668,-0.040100350975990295,1.085768699645996,-0.04596816003322601,1.2082667350769043,-0.0599968321621418,1.3395236730575562,-0.06356333941221237
aee27b55da77468ba444357348f5cf88,follow the road slow down for pedestrians,0.2695391774177551,-0.00913814827799797,0.5865161418914795,-0.0026168194599449635,0.8677716851234436,-0.018768103793263435,1.1549166440963745,-0.014023690484464169,1.407787799835205,-0.010138219222426414,1.687333345413208,-0.012750857509672642,1.960532546043396,-0.013186950236558914,2.219780445098877,-0.02081304043531418,2.480945587158203,-0.02667725831270218,2.74957013130188,-0.034866780042648315,2.9995782375335693,-0.048505958169698715,3.255338191986084,-0.044371895492076874
aee27b55da77468ba444357348f5cf88,,0.2695392072200775,-0.00913815014064312,0.5865160822868347,-0.0026168194599449635,0.8677714467048645,-0.018768101930618286,1.154916763305664,-0.014023690484464169,1.407787799835205,-0.010138217359781265,1.687333345413208,-0.012750857509672642,1.960532546043396,-0.013186950236558914,2.219780445098877,-0.02081304043531418,2.4809458255767822,-0.02667725458741188,2.74957013130188,-0.034866783767938614,2.9995779991149902,-0.048505958169698715,3.255338430404663,-0.044371895492076874
aee27b55da77468ba444357348f5cf88,slow down near the construction zone,0.2695391774177551,-0.00913814827799797,0.5865161418914795,-0.0026168194599449635,0.8677716851234436,-0.018768103793263435,1.1549166440963745,-0.014023690484464169,1.407787799835205,-0.010138219222426414,1.687333345413208,-0.012750857509672642,1.960532546043396,-0.013186950236558914,2.219780445098877,-0.02081303857266903,2.480945587158203,-0.02667725831270218,2.74957013130188,-0.034866780042648315,2.9995782375335693,-0.04850595444440842,3.255338191986084,-0.044371895492076874
aee27b55da77468ba444357348f5cf88,Be cautious of the pedestrians on the road and stay on the left side of the lane,0.2695392072200775,-0.00913814827799797,0.5865161418914795,-0.0026168194599449635,0.8677716851234436,-0.018768100067973137,1.154916763305664,-0.014023693278431892,1.4077879190444946,-0.010138214565813541,1.687333345413208,-0.012750859372317791,1.9605329036712646,-0.013186952099204063,2.219780445098877,-0.020813044160604477,2.4809458255767822,-0.02667725458741188,2.749570369720459,-0.034866780042648315,2.9995782375335693,-0.04850596934556961,3.255338430404663,-0.04437190294265747
aee27b55da77468ba444357348f5cf88,"Following the vehicle ahead, proceed with caution maintaining a safe distance to avoid hitting the two pedestrians",0.2695392072200775,-0.00913814827799797,0.5865161418914795,-0.00261681922711432,0.8677716851234436,-0.018768100067973137,1.154916763305664,-0.014023693278431892,1.4077879190444946,-0.010138213634490967,1.687333345413208,-0.012750859372317791,1.960532546043396,-0.013186952099204063,2.219780445098877,-0.02081304043531418,2.4809458255767822,-0.026677250862121582,2.749570369720459,-0.034866780042648315,2.9995782375335693,-0.04850596562027931,3.255338430404663,-0.04437190294265747
7809330e0345423ab6212787edf3561b,,0.4523977041244507,-0.011847632005810738,1.0106955766677856,0.0020263551268726587,1.5199614763259888,-0.009782458655536175,2.0065248012542725,0.0022227212321013212,2.472564220428467,0.013505976647138596,2.948518753051758,0.018970659002661705,3.422985315322876,0.03038574382662773,3.892627000808716,0.030588872730731964,4.347330093383789,0.031546518206596375,4.818282604217529,0.03406138718128204,5.2582831382751465,0.028048397973179817,5.6968255043029785,0.04016431048512459
49eb09ab4c4142268131125d6e619a0c,,0.041226014494895935,-0.004256138578057289,0.09320567548274994,-0.006753151770681143,0.12495767325162888,-0.010039347223937511,0.18880604207515717,-0.019089240580797195,0.2388460487127304,-0.015958400443196297,0.30626004934310913,-0.029696794226765633,0.37449488043785095,-0.026758236810564995,0.44271939992904663,-0.035006504505872726,0.515324592590332,-0.038959868252277374,0.6026809215545654,-0.04250836372375488,0.6783998608589172,-0.05597851797938347,0.7698420286178589,-0.050340134650468826
49eb09ab4c4142268131125d6e619a0c,wait for the oncoming traffic to pass,0.04122600331902504,-0.004256139509379864,0.09320565313100815,-0.006753154564648867,0.1249576285481453,-0.01003934908658266,0.1888059824705124,-0.019089238718152046,0.23884597420692444,-0.015958406031131744,0.30625998973846436,-0.02969679981470108,0.37449485063552856,-0.02675822749733925,0.44271931052207947,-0.035006504505872726,0.5153245329856873,-0.03895987570285797,0.6026808023452759,-0.042508359998464584,0.678399920463562,-0.05597851425409317,0.7698418498039246,-0.05034012347459793
49eb09ab4c4142268131125d6e619a0c,turn right,0.041225992143154144,-0.004256139975041151,0.09320565313100815,-0.006753155961632729,0.1249575987458229,-0.010039350017905235,0.1888059675693512,-0.019089240580797195,0.23884595930576324,-0.015958409756422043,0.30625998973846436,-0.029696796089410782,0.3744948208332062,-0.026758231222629547,0.44271931052207947,-0.03500650078058243,0.5153244733810425,-0.03895987570285797,0.6026808023452759,-0.042508356273174286,0.678399920463562,-0.05597851797938347,0.7698418498039246,-0.050340116024017334
49eb09ab4c4142268131125d6e619a0c,"When the stoplight is green, attempt to make a left turn while",0.04122602939605713,-0.004256136249750853,0.09320572018623352,-0.006753148976713419,0.12495773285627365,-0.01003934070467949,0.18880611658096313,-0.0190892331302166,0.23884612321853638,-0.01595839112997055,0.3062601685523987,-0.029696784913539886,0.3744950294494629,-0.026758234947919846,0.442719429731369,-0.03500651568174362,0.5153246521949768,-0.038959864526987076,0.6026809215545654,-0.04250834882259369,0.6783999800682068,-0.05597852170467377,0.7698420286178589,-0.05034014955163002
49eb09ab4c4142268131125d6e619a0c,Slowly move forward and wait for oncoming traffic to pass,0.041226014494895935,-0.0042561376467347145,0.09320569783449173,-0.006753151770681143,0.12495768070220947,-0.010039344429969788,0.18880605697631836,-0.019089234992861748,0.2388460636138916,-0.015958396717905998,0.3062601089477539,-0.029696794226765633,0.3744949698448181,-0.026758234947919846,0.44271939992904663,-0.035006508231163025,0.515324592590332,-0.038959868252277374,0.6026809215545654,-0.042508359998464584,0.678399920463562,-0.05597851797938347,0.7698420286178589,-0.05034014210104942
26a6b03c8e2f4e6692f174a7074e54ff,,0.29987582564353943,-0.01030935812741518,0.6570649147033691,-0.0026303918566554785,0.9790642857551575,-0.022194284945726395,1.295738697052002,-0.016474111005663872,1.588866114616394,-0.012819690629839897,1.896333932876587,-0.01581389084458351,2.2038819789886475,-0.016915924847126007,2.4995107650756836,-0.022873161360621452,2.795506238937378,-0.031603433191776276,3.091989278793335,-0.04103734716773033,3.374429225921631,-0.05443991720676422,3.654658317565918,-0.056783705949783325
26a6b03c8e2f4e6692f174a7074e54ff,Slow down to let the vehicle ahead turn,0.2998758554458618,-0.010309357196092606,0.6570649743080139,-0.0026303911581635475,0.9790642857551575,-0.022194284945726395,1.2957384586334229,-0.01647411473095417,1.588865876197815,-0.012819684110581875,1.896334171295166,-0.01581389084458351,2.203881025314331,-0.01691591925919056,2.4995107650756836,-0.022873161360621452,2.795506000518799,-0.031603436917066574,3.0919902324676514,-0.04103734344244003,3.3744287490844727,-0.05443992465734482,3.654658317565918,-0.05678369849920273
d7bacba9119840f78f3c804134ceece0,follow the car ahead through the roundabout,0.25650760531425476,-0.009552453644573689,0.5589597225189209,-0.004634549841284752,0.8289521932601929,-0.02752792462706566,1.0990105867385864,-0.025900743901729584,1.3444578647613525,-0.026419488713145256,1.6067053079605103,-0.035125795751810074,1.8685046434402466,-0.043007854372262955,2.1181130409240723,-0.054644711315631866,2.371579170227051,-0.07002442330121994,2.621971607208252,-0.08618947863578796,2.8630564212799072,-0.10549358278512955,3.1029417514801025,-0.1153467446565628
d7bacba9119840f78f3c804134ceece0,,0.25650760531425476,-0.009552454575896263,0.5589596033096313,-0.004634549841284752,0.8289521932601929,-0.02752791903913021,1.0990105867385864,-0.025900742039084435,1.3444578647613525,-0.026419486850500107,1.6067053079605103,-0.035125795751810074,1.8685047626495361,-0.043007854372262955,2.1181130409240723,-0.05464471876621246,2.371579170227051,-0.07002442330121994,2.621971368789673,-0.08618947863578796,2.8630564212799072,-0.10549358278512955,3.1029419898986816,-0.1153467446565628
d7bacba9119840f78f3c804134ceece0,cross the round about,0.25650760531425476,-0.009552453644573689,0.5589597225189209,-0.004634549841284752,0.8289521932601929,-0.02752792462706566,1.0990105867385864,-0.025900743901729584,1.3444578647613525,-0.026419488713145256,1.6067053079605103,-0.035125795751810074,1.8685046434402466,-0.043007854372262955,2.1181130409240723,-0.054644711315631866,2.371579170227051,-0.07002442330121994,2.621971607208252,-0.08618947863578796,2.8630564212799072,-0.10549358278512955,3.1029417514801025,-0.1153467446565628
d7bacba9119840f78f3c804134ceece0,go straight at the roundabout,0.25650760531425476,-0.009552453644573689,0.5589597225189209,-0.004634549841284752,0.8289521932601929,-0.02752792462706566,1.0990105867385864,-0.025900743901729584,1.3444578647613525,-0.026419488713145256,1.6067053079605103,-0.035125795751810074,1.8685046434402466,-0.043007854372262955,2.1181130409240723,-0.054644711315631866,2.371579170227051,-0.07002442330121994,2.621971607208252,-0.08618947863578796,2.8630564212799072,-0.10549358278512955,3.1029417514801025,-0.1153467446565628
d7bacba9119840f78f3c804134ceece0,In the roundabout take the second exit,0.25650760531425476,-0.009552453644573689,0.5589597225189209,-0.004634549841284752,0.8289521932601929,-0.02752792462706566,1.0990105867385864,-0.025900743901729584,1.3444578647613525,-0.026419488713145256,1.6067053079605103,-0.035125795751810074,1.8685046434402466,-0.043007854372262955,2.1181130409240723,-0.054644711315631866,2.371579170227051,-0.07002442330121994,2.621971607208252,-0.08618947863578796,2.8630564212799072,-0.10549358278512955,3.1029417514801025,-0.1153467446565628
6a24a80e2ea3493c81f5fdb9fe78c28a,,0.3675496280193329,-0.00904193613678217,0.8100391030311584,0.007542171515524387,1.2124500274658203,0.0003819058765657246,1.6041890382766724,0.017866648733615875,1.974423885345459,0.04133852198719978,2.3525946140289307,0.0529458150267601,2.733574390411377,0.07417140156030655,3.099245548248291,0.09254714846611023,3.471179723739624,0.09868987649679184,3.8335938453674316,0.11274316906929016,4.186331272125244,0.12428606301546097,4.5192155838012695,0.14554370939731598
6a24a80e2ea3493c81f5fdb9fe78c28a,Shift to the right of the white car and then continue going straight,0.3675496280193329,-0.00904193613678217,0.8100391626358032,0.007542172912508249,1.2124500274658203,0.0003819058765657246,1.6041889190673828,0.017866648733615875,1.9744236469268799,0.04133852571249008,2.3525946140289307,0.0529458150267601,2.7335739135742188,0.07417140156030655,3.099245548248291,0.09254714846611023,3.4711802005767822,0.09868984669446945,3.8335936069488525,0.11274316906929016,4.186330795288086,0.12428606301546097,4.5192155838012695,0.14554372429847717
6a24a80e2ea3493c81f5fdb9fe78c28a,go straight,0.3675496280193329,-0.00904193613678217,0.8100391626358032,0.007542172912508249,1.2124500274658203,0.0003819058765657246,1.6041889190673828,0.017866648733615875,1.9744236469268799,0.04133852571249008,2.3525946140289307,0.0529458150267601,2.7335739135742188,0.07417140156030655,3.099245548248291,0.09254714846611023,3.4711802005767822,0.09868984669446945,3.8335936069488525,0.11274316906929016,4.186330795288086,0.12428606301546097,4.5192155838012695,0.14554372429847717
6a24a80e2ea3493c81f5fdb9fe78c28a,Switch into the right lane before appraoching the car ahead of you,0.3675496280193329,-0.00904193613678217,0.8100391626358032,0.007542172912508249,1.2124500274658203,0.0003819058765657246,1.6041889190673828,0.017866648733615875,1.9744236469268799,0.04133852571249008,2.3525946140289307,0.0529458150267601,2.7335739135742188,0.07417140156030655,3.099245548248291,0.09254714846611023,3.4711802005767822,0.09868984669446945,3.8335936069488525,0.11274316906929016,4.186330795288086,0.12428606301546097,4.5192155838012695,0.14554372429847717
6a24a80e2ea3493c81f5fdb9fe78c28a,"Follow the vehicle ahead, and cautiously go around the vehicle that's turning left",0.3675496280193329,-0.00904193613678217,0.8100391626358032,0.007542172912508249,1.2124500274658203,0.0003819058765657246,1.6041889190673828,0.017866648733615875,1.9744236469268799,0.04133852571249008,2.3525946140289307,0.0529458150267601,2.7335739135742188,0.07417140156030655,3.099245548248291,0.09254714846611023,3.4711802005767822,0.09868984669446945,3.8335936069488525,0.11274316906929016,4.186330795288086,0.12428606301546097,4.5192155838012695,0.14554372429847717
d6e6f5d622474271b695f4c7f07df7bb,turn right here,0.17505836486816406,-0.009250197559595108,0.39665064215660095,-0.018880655989050865,0.588019609451294,-0.05977189540863037,0.7813336253166199,-0.08042275905609131,0.9581536054611206,-0.11409828066825867,1.1500989198684692,-0.15456253290176392,1.3453418016433716,-0.2000735104084015,1.5487637519836426,-0.2531907260417938,1.7348496913909912,-0.3037797510623932,1.9399471282958984,-0.3556976318359375,2.126901388168335,-0.42315420508384705,2.329085350036621,-0.4751432538032532
d6e6f5d622474271b695f4c7f07df7bb,Take a right and then continue going straight and shift to the opposing lane,0.17505836486816406,-0.009250195696949959,0.3966507315635681,-0.018880654126405716,0.5880195498466492,-0.059771887958049774,0.7813336849212646,-0.0804227665066719,0.9581536054611206,-0.11409830302000046,1.1500989198684692,-0.1545625478029251,1.3453418016433716,-0.2000734955072403,1.5487637519836426,-0.2531907260417938,1.7348498106002808,-0.3037797510623932,1.939947247505188,-0.3556975722312927,2.126901388168335,-0.42315417528152466,2.3290855884552,-0.47514328360557556
d6e6f5d622474271b695f4c7f07df7bb,turn right at the intersection,0.17505836486816406,-0.009250195696949959,0.39665067195892334,-0.018880654126405716,0.5880195498466492,-0.059771887958049774,0.7813336849212646,-0.0804227665066719,0.9581536054611206,-0.11409830302000046,1.1500989198684692,-0.1545625478029251,1.3453418016433716,-0.2000734955072403,1.5487637519836426,-0.2531907260417938,1.7348496913909912,-0.3037797510623932,1.939947247505188,-0.3556975722312927,2.126901388168335,-0.42315417528152466,2.3290855884552,-0.47514328360557556
d6e6f5d622474271b695f4c7f07df7bb,turn right,0.17505836486816406,-0.009250196628272533,0.39665067195892334,-0.018880654126405716,0.5880195498466492,-0.05977189168334007,0.7813336849212646,-0.0804227665066719,0.9581536054611206,-0.11409831047058105,1.1500989198684692,-0.1545625478029251,1.3453418016433716,-0.2000734955072403,1.5487637519836426,-0.2531907260417938,1.7348496913909912,-0.3037797510623932,1.939947247505188,-0.3556975722312927,2.126901388168335,-0.42315417528152466,2.3290855884552,-0.47514328360557556
d6e6f5d622474271b695f4c7f07df7bb,Make a right turn and go straight,0.17505836486816406,-0.009250195696949959,0.3966507315635681,-0.018880654126405716,0.5880195498466492,-0.059771887958049774,0.7813336849212646,-0.0804227665066719,0.9581536054611206,-0.11409830302000046,1.1500989198684692,-0.1545625478029251,1.3453418016433716,-0.2000734955072403,1.5487637519836426,-0.2531907260417938,1.7348498106002808,-0.3037797510623932,1.939947247505188,-0.3556975722312927,2.126901388168335,-0.42315417528152466,2.3290855884552,-0.47514328360557556
d6e6f5d622474271b695f4c7f07df7bb,Turn right,0.17505836486816406,-0.009250196628272533,0.39665067195892334,-0.018880654126405716,0.5880195498466492,-0.05977189168334007,0.7813336849212646,-0.0804227665066719,0.9581536054611206,-0.11409831047058105,1.1500989198684692,-0.1545625478029251,1.3453418016433716,-0.2000734955072403,1.5487637519836426,-0.2531907260417938,1.7348496913909912,-0.3037797510623932,1.939947247505188,-0.3556975722312927,2.126901388168335,-0.42315417528152466,2.3290855884552,-0.47514328360557556
77b27e26bf6d4c38859ccfa076cee51d,,0.2301483154296875,-0.009093258529901505,0.502924382686615,-0.006645532324910164,0.7397207617759705,-0.02796775847673416,0.974252462387085,-0.02743661403656006,1.192742109298706,-0.028838524594902992,1.4155138731002808,-0.03604884818196297,1.6448620557785034,-0.04343511164188385,1.8726208209991455,-0.054438717663288116,2.0865159034729004,-0.06095344200730324,2.311546802520752,-0.07601971924304962,2.5245165824890137,-0.09377825260162354,2.7466111183166504,-0.09700413793325424
77b27e26bf6d4c38859ccfa076cee51d,Shift slightly to the opposing lane to avoid the cars parked to the right and then continue going straight,0.2301483005285263,-0.009093259461224079,0.502924382686615,-0.006645532790571451,0.7397206425666809,-0.02796775847673416,0.974252462387085,-0.02743661217391491,1.192742109298706,-0.028838524594902992,1.4155138731002808,-0.03604884445667267,1.6448622941970825,-0.04343510419130325,1.872620940208435,-0.054438717663288116,2.0865159034729004,-0.06095343828201294,2.311547040939331,-0.07601973414421082,2.5245165824890137,-0.09377823770046234,2.7466111183166504,-0.09700413048267365
77b27e26bf6d4c38859ccfa076cee51d,Stay on the left sides of the lane to avoid hitting the cars on the right side,0.2301483005285263,-0.009093259461224079,0.502924382686615,-0.006645532790571451,0.7397206425666809,-0.02796775847673416,0.974252462387085,-0.02743661217391491,1.192742109298706,-0.028838524594902992,1.4155138731002808,-0.03604884445667267,1.6448622941970825,-0.04343510419130325,1.872620940208435,-0.054438717663288116,2.0865159034729004,-0.06095343828201294,2.311547040939331,-0.07601973414421082,2.5245165824890137,-0.09377823770046234,2.7466111183166504,-0.09700413048267365
0c12123d57594f4d81d32fd4aa89fb1f,,0.15598496794700623,-0.0060575008392333984,0.3459664583206177,-0.0046292985789477825,0.5202670097351074,-0.019981278106570244,0.7016521096229553,-0.014395846985280514,0.858349084854126,-0.01595580391585827,1.0455440282821655,-0.017900265753269196,1.2271196842193604,-0.02157270722091198,1.4043360948562622,-0.028938481584191322,1.582019567489624,-0.03600683435797691,1.7679545879364014,-0.03875967115163803,1.9381686449050903,-0.04886933043599129,2.117281436920166,-0.05411331355571747
0c12123d57594f4d81d32fd4aa89fb1f,Stop at the intersection and then continue going straight and take a slight left,0.15598498284816742,-0.0060575008392333984,0.3459664583206177,-0.0046292985789477825,0.520267128944397,-0.019981276243925095,0.7016521096229553,-0.01439584605395794,0.858349084854126,-0.01595579832792282,1.045544147491455,-0.017900262027978897,1.2271196842193604,-0.02157270535826683,1.404335856437683,-0.028938474133610725,1.5820198059082031,-0.036006826907396317,1.767954707145691,-0.03875966742634773,1.9381682872772217,-0.04886932671070099,2.117281675338745,-0.05411330983042717
0c12123d57594f4d81d32fd4aa89fb1f,"stop at the intersection, then continue to go straight",0.1559850126504898,-0.006057500373572111,0.34596648812294006,-0.004629298113286495,0.5202671885490417,-0.019981274381279945,0.7016521692276001,-0.014395843259990215,0.8583492040634155,-0.015955789014697075,1.0455442667007446,-0.017900250852108,1.2271196842193604,-0.021572690457105637,1.404335856437683,-0.028938451781868935,1.5820199251174927,-0.036006804555654526,1.767954707145691,-0.038759633898735046,1.9381684064865112,-0.048869289457798004,2.117281913757324,-0.054113272577524185
3034b3f33e1d49f4a7b6c84bdea57004,merge into the bike lane to let the car behind pass,0.17768843472003937,-0.004215535707771778,0.38455331325531006,0.0023885900154709816,0.5711853504180908,-0.002878590254113078,0.7476061582565308,0.010012318380177021,0.9208421111106873,0.024731317535042763,1.0876586437225342,0.039122324436903,1.268978238105774,0.0499083548784256,1.4577600955963135,0.06837627291679382,1.6307244300842285,0.0910414531826973,1.8029131889343262,0.1016843244433403,1.981860876083374,0.11759327352046967,2.1598312854766846,0.13967138528823853
3034b3f33e1d49f4a7b6c84bdea57004,Move to the curb to allow the gray car to pass and then continue going straight,0.17768843472003937,-0.004215535707771778,0.38455331325531006,0.0023885893169790506,0.5711853504180908,-0.0028785914182662964,0.7476061582565308,0.010012315586209297,0.9208421111106873,0.024731315672397614,1.0876586437225342,0.0391223207116127,1.268978238105774,0.0499083437025547,1.4577600955963135,0.06837625801563263,1.6307241916656494,0.0910414531826973,1.8029131889343262,0.10168430209159851,1.981860876083374,0.11759325116872787,2.1598312854766846,0.13967138528823853
3034b3f33e1d49f4a7b6c84bdea57004,"enter the bike lane, let teh black car pass, then re-enter the road",0.17768843472003937,-0.004215535707771778,0.38455331325531006,0.0023885895498096943,0.5711853504180908,-0.002878590254113078,0.7476061582565308,0.010012317448854446,0.9208421111106873,0.024731317535042763,1.0876586437225342,0.039122324436903,1.268978238105774,0.049908347427845,1.4577600955963135,0.06837627291679382,1.6307241916656494,0.0910414531826973,1.8029131889343262,0.10168430209159851,1.981860876083374,0.11759325861930847,2.1598312854766846,0.13967138528823853
3034b3f33e1d49f4a7b6c84bdea57004,let the car behind you pass in front of you by pulling over to the side and then continuing back on to the road,0.17768843472003937,-0.004215535707771778,0.38455331325531006,0.0023885893169790506,0.5711853504180908,-0.0028785914182662964,0.7476061582565308,0.010012315586209297,0.9208421111106873,0.024731315672397614,1.0876586437225342,0.0391223207116127,1.268978238105774,0.049908347427845,1.4577600955963135,0.06837625801563263,1.6307241916656494,0.0910414531826973,1.8029131889343262,0.10168430209159851,1.981860876083374,0.11759325116872787,2.1598312854766846,0.13967138528823853
3034b3f33e1d49f4a7b6c84bdea57004,"Briefly go on the right side of the road to let the car behind you pass, then go back into the lane.",0.17768843472003937,-0.004215535707771778,0.38455331325531006,0.0023885895498096943,0.5711853504180908,-0.002878590952605009,0.7476061582565308,0.010012317448854446,0.9208421111106873,0.024731317535042763,1.0876586437225342,0.039122324436903,1.268978238105774,0.049908347427845,1.4577600955963135,0.06837627291679382,1.6307241916656494,0.0910414531826973,1.8029131889343262,0.10168430209159851,1.981860876083374,0.11759325861930847,2.1598312854766846,0.13967138528823853
3034b3f33e1d49f4a7b6c84bdea57004,"Briefly turn to the right into the bike lane to let the car behind pass, and then merge back into the lane",0.17768843472003937,-0.004215536639094353,0.38455331325531006,0.002388587687164545,0.5711853504180908,-0.0028785953763872385,0.7476061582565308,0.01001230999827385,0.9208421111106873,0.024731304496526718,1.0876586437225342,0.03912230581045151,1.268978238105774,0.04990832507610321,1.4577600955963135,0.06837623566389084,1.6307241916656494,0.09104141592979431,1.8029130697250366,0.10168426483869553,1.981860876083374,0.1175932064652443,2.1598310470581055,0.13967131078243256
f12b4e7fb95646ec9dac305076024bb9,,0.03518896922469139,-0.0022791330702602863,0.11000911146402359,-0.007086005061864853,0.1755211353302002,-0.018472811207175255,0.27734315395355225,-0.009553404524922371,0.3409501612186432,-0.02298765257000923,0.47039398550987244,-0.02226218581199646,0.580786406993866,-0.021937886252999306,0.6990256905555725,-0.03893648833036423,0.8030270338058472,-0.0488894060254097,0.962801992893219,-0.03614874929189682,1.0705280303955078,-0.04498213529586792,1.214365005493164,-0.044674139469861984
f12b4e7fb95646ec9dac305076024bb9,slowly approach the intersection,0.03518899530172348,-0.002279129344969988,0.11000919342041016,-0.007086004596203566,0.17552123963832855,-0.018472803756594658,0.2773433029651642,-0.00955340825021267,0.3409503400325775,-0.022987637668848038,0.4703941345214844,-0.02226218767464161,0.5807866454124451,-0.021937884390354156,0.6990259885787964,-0.03893648087978363,0.8030273914337158,-0.0488894023001194,0.9628022909164429,-0.03614874929189682,1.070528507232666,-0.04498215392231941,1.2143652439117432,-0.04467412084341049
f12b4e7fb95646ec9dac305076024bb9,Wait at the intersection if there are cars crossing the intersection from the left and right side of the road,0.03518902510404587,-0.002279124688357115,0.11000930517911911,-0.007086003199219704,0.1755213886499405,-0.01847280189394951,0.2773435413837433,-0.009553413838148117,0.340950608253479,-0.022987620905041695,0.47039443254470825,-0.02226218767464161,0.5807870030403137,-0.02193787693977356,0.699026346206665,-0.03893647715449333,0.8030277490615845,-0.0488894023001194,0.9628028869628906,-0.03614875301718712,1.0705288648605347,-0.04498215764760971,1.2143659591674805,-0.044674117118120193
f12b4e7fb95646ec9dac305076024bb9,Wait at the intersection and proceed right or left when it's safe to turn,0.035189010202884674,-0.0022791270166635513,0.11000923812389374,-0.007086004130542278,0.17552131414413452,-0.018472803756594658,0.2773434519767761,-0.009553411044180393,0.34095048904418945,-0.02298763208091259,0.4703943133354187,-0.02226218767464161,0.5807868242263794,-0.021937880665063858,0.6990261077880859,-0.03893647715449333,0.8030275106430054,-0.0488894060254097,0.9628027677536011,-0.03614875301718712,1.0705286264419556,-0.04498215392231941,1.2143657207489014,-0.04467412456870079
643ee37539844cb2b0453fd031a3afdd,slow down and stop for pedestrians,0.2597358822822571,-0.009921525605022907,0.5626439452171326,-0.002104169223457575,0.8371654748916626,-0.027211574837565422,1.1049107313156128,-0.01844112016260624,1.3479499816894531,-0.02041460946202278,1.6147549152374268,-0.020551113411784172,1.8746318817138672,-0.028561927378177643,2.1194908618927,-0.038120295852422714,2.3748044967651367,-0.04568657651543617,2.6167356967926025,-0.05988270044326782,2.85725998878479,-0.06929323077201843,3.098841428756714,-0.08186323195695877
643ee37539844cb2b0453fd031a3afdd,Stop at the intersection and allow the pedestrian to pass,0.2597358822822571,-0.009921525605022907,0.5626439452171326,-0.002104169223457575,0.8371654748916626,-0.027211574837565422,1.1049107313156128,-0.01844112016260624,1.3479499816894531,-0.02041460946202278,1.6147549152374268,-0.020551113411784172,1.8746318817138672,-0.028561927378177643,2.1194908618927,-0.038120295852422714,2.3748044967651367,-0.04568657651543617,2.6167356967926025,-0.05988270044326782,2.85725998878479,-0.06929323077201843,3.098841428756714,-0.08186323195695877
643ee37539844cb2b0453fd031a3afdd,slow down for the pedestrians,0.2597358822822571,-0.009921525605022907,0.5626439452171326,-0.002104169223457575,0.8371654748916626,-0.027211574837565422,1.1049107313156128,-0.01844112016260624,1.3479499816894531,-0.02041460946202278,1.6147549152374268,-0.020551113411784172,1.8746318817138672,-0.028561927378177643,2.1194908618927,-0.038120295852422714,2.3748044967651367,-0.04568657651543617,2.6167356967926025,-0.05988270044326782,2.85725998878479,-0.06929323077201843,3.098841428756714,-0.08186323195695877
643ee37539844cb2b0453fd031a3afdd,,0.2597358822822571,-0.009921524673700333,0.5626440048217773,-0.002104169223457575,0.8371654748916626,-0.02721157670021057,1.1049107313156128,-0.01844112016260624,1.3479499816894531,-0.02041460946202278,1.6147547960281372,-0.02055111527442932,1.8746317625045776,-0.028561927378177643,2.1194913387298584,-0.038120295852422714,2.374804735183716,-0.045686569064855576,2.6167356967926025,-0.059882696717977524,2.857260227203369,-0.06929322332143784,3.0988411903381348,-0.08186323195695877
643ee37539844cb2b0453fd031a3afdd,Slow down and stop to let the pedestrian and dog cross,0.2597358822822571,-0.009921525605022907,0.5626439452171326,-0.002104169223457575,0.8371654748916626,-0.027211574837565422,1.1049107313156128,-0.01844112016260624,1.3479499816894531,-0.02041460946202278,1.6147549152374268,-0.020551113411784172,1.8746318817138672,-0.028561927378177643,2.1194908618927,-0.038120295852422714,2.3748044967651367,-0.04568657651543617,2.6167356967926025,-0.05988270044326782,2.85725998878479,-0.06929323077201843,3.098841428756714,-0.08186323195695877
70e7d95ee1d1426fa84da44ddbf82d7a,turn right here,0.014453782700002193,-0.005232031457126141,0.01632612943649292,-0.004910506308078766,0.012838413938879967,-0.0005510513437911868,0.033885933458805084,-0.011855955235660076,0.05529816448688507,-0.006048888433724642,0.08179092407226562,-0.01413707621395588,0.1149500161409378,-0.0057633970864117146,0.14378714561462402,-0.0037870551459491253,0.19079041481018066,0.004192053806036711,0.23192709684371948,0.0004326310008764267,0.28150177001953125,-0.000490899255964905,0.33563655614852905,0.007158495951443911
70e7d95ee1d1426fa84da44ddbf82d7a,Wait for the light to turn green and then go,0.014453806914389133,-0.0052320281974971294,0.016326168552041054,-0.004910498391836882,0.01283850334584713,-0.0005510441260412335,0.03388601168990135,-0.011855940334498882,0.05529824644327164,-0.00604888005182147,0.08179104328155518,-0.014137065038084984,0.11495012789964676,-0.0057634012773633,0.14378716051578522,-0.003787065390497446,0.19079044461250305,0.00419206079095602,0.23192709684371948,0.00043262774124741554,0.28150177001953125,-0.0004908847040496767,0.3356364369392395,0.007158472202718258
70e7d95ee1d1426fa84da44ddbf82d7a,move ahead slowly when the signal turns green,0.014453788287937641,-0.005232029128819704,0.016326140612363815,-0.004910503514111042,0.012838437221944332,-0.0005510496557690203,0.03388595208525658,-0.011855950579047203,0.05529818683862686,-0.006048885639756918,0.0817909687757492,-0.014137070626020432,0.11495005339384079,-0.005763397552073002,0.14378716051578522,-0.003787057241424918,0.19079041481018066,0.004192054737359285,0.23192709684371948,0.0004326302441768348,0.28150177001953125,-0.0004908953560516238,0.33563655614852905,0.007158489897847176
70e7d95ee1d1426fa84da44ddbf82d7a,,0.01445379015058279,-0.005232029128819704,0.016326140612363815,-0.004910503514111042,0.012838448397815228,-0.0005510488990694284,0.03388595953583717,-0.011855950579047203,0.05529819056391716,-0.006048885174095631,0.0817909687757492,-0.014137067832052708,0.11495006829500198,-0.005763399414718151,0.14378716051578522,-0.003787058172747493,0.19079042971134186,0.004192056134343147,0.23192709684371948,0.00043262989493086934,0.28150177001953125,-0.0004908941336907446,0.33563655614852905,0.007158487569540739
70e7d95ee1d1426fa84da44ddbf82d7a,Make a right turn when the stoplight is green,0.014453793875873089,-0.005232029128819704,0.016326140612363815,-0.004910503514111042,0.012838451191782951,-0.0005510484334081411,0.03388596698641777,-0.011855950579047203,0.05529819056391716,-0.006048885174095631,0.0817909687757492,-0.014137067832052708,0.11495006829500198,-0.005763399414718151,0.14378716051578522,-0.0037870584055781364,0.19079042971134186,0.004192056600004435,0.23192709684371948,0.0004326297785155475,0.28150177001953125,-0.0004908937262371182,0.33563655614852905,0.007158487569540739
70e7d95ee1d1426fa84da44ddbf82d7a,Allow for the pedestrians to cross before continuing,0.01445377990603447,-0.005232031457126141,0.01632612571120262,-0.004910506773740053,0.01283840648829937,-0.0005510522751137614,0.03388592228293419,-0.0118559580296278,0.055298153311014175,-0.006048889830708504,0.08179091662168503,-0.014137078076601028,0.11495000869035721,-0.005763396620750427,0.14378713071346283,-0.003787053981795907,0.19079041481018066,0.004192053340375423,0.23192709684371948,0.000432631466537714,0.28150179982185364,-0.0004909008857794106,0.33563655614852905,0.0071584987454116344
70e7d95ee1d1426fa84da44ddbf82d7a,Make a right turn when the light turns green.,0.014453793875873089,-0.005232029128819704,0.016326140612363815,-0.004910503514111042,0.012838451191782951,-0.000551048549823463,0.03388596698641777,-0.011855950579047203,0.05529819056391716,-0.006048885174095631,0.0817909687757492,-0.014137068763375282,0.11495006829500198,-0.005763399414718151,0.14378716051578522,-0.003787058172747493,0.19079042971134186,0.004192056600004435,0.23192709684371948,0.00043262980761937797,0.28150177001953125,-0.0004908937844447792,0.33563655614852905,0.007158487569540739
b94fbf78579f4ff5ab5dbd897d5e3199,turn left here,0.16861902177333832,0.0019025953952223063,0.38776591420173645,0.01722511276602745,0.5861116647720337,0.029536865651607513,0.7640852332115173,0.06669764965772629,0.9487245082855225,0.10827862471342087,1.121404767036438,0.15788160264492035,1.3049590587615967,0.2089489996433258,1.5064493417739868,0.2711140513420105,1.6842098236083984,0.3410700559616089,1.867099642753601,0.41059496998786926,2.0497090816497803,0.4741964638233185,2.2378923892974854,0.5421000719070435
b94fbf78579f4ff5ab5dbd897d5e3199,Take a left turn and stop behind the white car,0.16861902177333832,0.0019025953952223063,0.38776591420173645,0.0172251109033823,0.5861116647720337,0.029536861926317215,0.7640852332115173,0.06669764965772629,0.9487245082855225,0.10827862471342087,1.121404767036438,0.15788163244724274,1.3049590587615967,0.2089489996433258,1.5064493417739868,0.2711140513420105,1.6842098236083984,0.3410700559616089,1.867099642753601,0.41059496998786926,2.0497090816497803,0.4741964638233185,2.2378923892974854,0.5421001315116882
b94fbf78579f4ff5ab5dbd897d5e3199,turn left and then stop behind the car when it stops,0.16861902177333832,0.0019025943474844098,0.38776591420173645,0.017225109040737152,0.5861116647720337,0.029536861926317215,0.7640852332115173,0.06669764220714569,0.9487243890762329,0.10827861726284027,1.121404767036438,0.15788160264492035,1.3049590587615967,0.2089489847421646,1.5064493417739868,0.2711140513420105,1.6842098236083984,0.3410700261592865,1.867099642753601,0.41059496998786926,2.0497090816497803,0.4741964340209961,2.2378923892974854,0.5421000719070435
b94fbf78579f4ff5ab5dbd897d5e3199,turn left,0.16861902177333832,0.0019025953952223063,0.38776591420173645,0.01722511276602745,0.5861116647720337,0.029536865651607513,0.7640852332115173,0.06669764965772629,0.9487245082855225,0.10827862471342087,1.121404767036438,0.15788163244724274,1.3049590587615967,0.208949014544487,1.5064494609832764,0.2711140811443329,1.6842098236083984,0.3410700559616089,1.867099642753601,0.41059496998786926,2.0497090816497803,0.4741964638233185,2.2378923892974854,0.5421001315116882
b94fbf78579f4ff5ab5dbd897d5e3199,Make a left turn at the intersection,0.16861902177333832,0.0019025965593755245,0.38776594400405884,0.0172251146286726,0.5861116647720337,0.029536865651607513,0.7640852332115173,0.06669766455888748,0.9487245082855225,0.10827863216400146,1.1214048862457275,0.15788164734840393,1.3049590587615967,0.2089490294456482,1.5064494609832764,0.2711140811443329,1.6842098236083984,0.34107014536857605,1.867099642753601,0.4105950593948364,2.0497090816497803,0.47419655323028564,2.2378923892974854,0.542100191116333
b94fbf78579f4ff5ab5dbd897d5e3199,Make a left turn after the white car turns. Stop behind the white car that's stopped and unloading pedestrians,0.16861902177333832,0.0019025965593755245,0.38776594400405884,0.017225118353962898,0.5861117243766785,0.02953687123954296,0.7640852332115173,0.06669767200946808,0.9487245082855225,0.10827863961458206,1.1214048862457275,0.15788166224956512,1.3049590587615967,0.20894905924797058,1.5064494609832764,0.2711141109466553,1.6842098236083984,0.34107014536857605,1.8670997619628906,0.4105951189994812,2.0497090816497803,0.47419658303260803,2.2378923892974854,0.5421002507209778
3f90afe9f7dc49399347ae1626502aed,merge into the right lane,0.13339374959468842,-0.006795608438551426,0.29899781942367554,-0.008717290125787258,0.4475554823875427,-0.027686866000294685,0.601632297039032,-0.024953987449407578,0.7357619404792786,-0.03147610276937485,0.8924878239631653,-0.03749781847000122,1.0485551357269287,-0.045625586062669754,1.2108995914459229,-0.05588427931070328,1.3582451343536377,-0.07028469443321228,1.5217642784118652,-0.07406779378652573,1.669235348701477,-0.08914946019649506,1.8292444944381714,-0.09975609183311462
3f90afe9f7dc49399347ae1626502aed,Shift to the right and lane and then stop at the stoplight,0.13339374959468842,-0.006795608438551426,0.29899781942367554,-0.008717290125787258,0.4475554823875427,-0.027686867862939835,0.601632297039032,-0.02495398372411728,0.7357619404792786,-0.031476106494665146,0.8924878239631653,-0.03749781474471092,1.0485551357269287,-0.045625586062669754,1.2108995914459229,-0.05588427931070328,1.3582451343536377,-0.07028470188379288,1.5217642784118652,-0.07406780123710632,1.669235348701477,-0.08914947509765625,1.8292444944381714,-0.09975610673427582
3f90afe9f7dc49399347ae1626502aed,slide into the rightmost lane and then come to a stop at the intersection,0.1333937644958496,-0.006795607972890139,0.2989978492259979,-0.008717289194464684,0.4475555121898651,-0.027686864137649536,0.6016324162483215,-0.02495398372411728,0.7357621788978577,-0.03147609531879425,0.8924878835678101,-0.037497807294130325,1.0485551357269287,-0.04562557488679886,1.210899829864502,-0.05588424950838089,1.3582452535629272,-0.07028467208147049,1.5217645168304443,-0.07406777888536453,1.6692354679107666,-0.08914942294359207,1.829244613647461,-0.09975605458021164
3f90afe9f7dc49399347ae1626502aed,,0.13339374959468842,-0.006795608438551426,0.29899781942367554,-0.008717290125787258,0.4475554823875427,-0.027686871588230133,0.601632297039032,-0.02495398372411728,0.7357619404792786,-0.03147610276937485,0.8924878239631653,-0.03749781474471092,1.0485551357269287,-0.045625582337379456,1.2108995914459229,-0.05588427931070328,1.3582452535629272,-0.07028468698263168,1.5217642784118652,-0.07406779378652573,1.669235348701477,-0.08914944529533386,1.8292444944381714,-0.09975609183311462
3f90afe9f7dc49399347ae1626502aed,Go into the rightmost lane when it appears and stop at the red stoplight,0.1333937644958496,-0.006795608438551426,0.2989978492259979,-0.008717289194464684,0.4475555419921875,-0.027686866000294685,0.6016324162483215,-0.02495398372411728,0.7357621788978577,-0.03147609904408455,0.8924878835678101,-0.037497807294130325,1.0485551357269287,-0.045625582337379456,1.2108997106552124,-0.055884260684251785,1.3582452535629272,-0.07028467208147049,1.5217645168304443,-0.07406777888536453,1.6692357063293457,-0.08914943039417267,1.8292444944381714,-0.09975606948137283
3f90afe9f7dc49399347ae1626502aed,Change one lane to the right to turn right at the intersection,0.1333937793970108,-0.006795607972890139,0.2989978492259979,-0.008717289194464684,0.4475555717945099,-0.027686866000294685,0.6016324162483215,-0.02495398372411728,0.7357621788978577,-0.03147609531879425,0.8924879431724548,-0.03749779984354973,1.0485552549362183,-0.04562556743621826,1.210899829864502,-0.05588424578309059,1.3582452535629272,-0.07028466463088989,1.5217645168304443,-0.07406776398420334,1.6692358255386353,-0.08914940804243088,1.829244613647461,-0.09975604712963104
84e056bd8e994362a37cba45c0f75558,follow the truck ahead and turn right,0.058060307055711746,-0.0026493961922824383,0.15233710408210754,-0.006109768524765968,0.2299259603023529,-0.013059398159384727,0.33253446221351624,-0.010835324414074421,0.42156484723091125,-0.011271263472735882,0.534747838973999,-0.015382912009954453,0.6481099724769592,-0.012135733850300312,0.7755785584449768,-0.018642287701368332,0.8869521021842957,-0.020313557237386703,1.0311875343322754,-0.012223811820149422,1.1495989561080933,-0.02125050313770771,1.290831446647644,-0.013779889792203903
84e056bd8e994362a37cba45c0f75558,move when the truck starts moving and then turn right at the intersection,0.05806031450629234,-0.00264939502812922,0.15233711898326874,-0.006109767127782106,0.2299259603023529,-0.013059396296739578,0.3325344920158386,-0.010835324414074421,0.42156487703323364,-0.011271263472735882,0.534747838973999,-0.015382914803922176,0.6481099724769592,-0.012135738506913185,0.7755785584449768,-0.01864229515194893,0.8869521021842957,-0.020313557237386703,1.0311875343322754,-0.012223816476762295,1.1495989561080933,-0.021250516176223755,1.290831446647644,-0.013779901899397373
84e056bd8e994362a37cba45c0f75558,turn right,0.05806028097867966,-0.002649398287758231,0.15233702957630157,-0.006109770853072405,0.22992581129074097,-0.013059396296739578,0.3325343132019043,-0.010835329070687294,0.42156460881233215,-0.011271262541413307,0.5347475409507751,-0.015382914803922176,0.6481095552444458,-0.012135724537074566,0.7755782604217529,-0.01864226907491684,0.8869516849517822,-0.020313547924160957,1.0311871767044067,-0.012223794125020504,1.149598479270935,-0.021250488236546516,1.2908310890197754,-0.01377986278384924
84e056bd8e994362a37cba45c0f75558,,0.058060288429260254,-0.0026493966579437256,0.15233708918094635,-0.006109769456088543,0.22992588579654694,-0.013059398159384727,0.33253443241119385,-0.01083532627671957,0.4215647280216217,-0.011271263472735882,0.5347476601600647,-0.015382914803922176,0.6481097936630249,-0.012135731056332588,0.7755784392356873,-0.018642283976078033,0.8869519829750061,-0.020313551649451256,1.0311872959136963,-0.0122238053008914,1.1495987176895142,-0.02125050313770771,1.2908313274383545,-0.013779883272945881
84e056bd8e994362a37cba45c0f75558,Make a right turn turn following the truck directly ahead,0.058060288429260254,-0.002649397123605013,0.15233708918094635,-0.006109768990427256,0.22992588579654694,-0.013059396296739578,0.3325343728065491,-0.010835324414074421,0.4215647280216217,-0.011271262541413307,0.5347476601600647,-0.015382912009954453,0.6481097936630249,-0.012135729193687439,0.7755784392356873,-0.018642278388142586,0.8869519829750061,-0.020313551649451256,1.0311872959136963,-0.0122238053008914,1.1495987176895142,-0.021250497549772263,1.2908313274383545,-0.013779878616333008
1f23540a109243438a5e3bd47e70105d,,0.2713829278945923,-0.008816279470920563,0.5875285863876343,0.003186446614563465,0.877036452293396,-0.016638314351439476,1.1572760343551636,-0.0007650494808331132,1.4134455919265747,0.006147901993244886,1.692571759223938,0.01478502806276083,1.965208649635315,0.016320547088980675,2.220876693725586,0.01954691857099533,2.4924402236938477,0.020259270444512367,2.740964889526367,0.017747625708580017,2.9951188564300537,0.02261233516037464,3.2414803504943848,0.01971179060637951
08be42eb2186411d8e2201225329f1c6,turn left at the end of the road,0.24156047403812408,-0.00213122577406466,0.5305395722389221,0.014014205895364285,0.7889916300773621,0.018354695290327072,1.0501220226287842,0.04223497956991196,1.293501615524292,0.07751267403364182,1.5484464168548584,0.10762578994035721,1.808171033859253,0.1449090838432312,2.053864002227783,0.18070213496685028,2.307464361190796,0.2216627299785614,2.5595459938049316,0.2527777850627899,2.8067731857299805,0.2955860495567322,3.053117275238037,0.3443465828895569
08be42eb2186411d8e2201225329f1c6,"turn left, then stop at the stop sign and then turn right.",0.24156047403812408,-0.0021312255412340164,0.5305395722389221,0.014014205895364285,0.7889916300773621,0.018354695290327072,1.0501220226287842,0.04223497956991196,1.293501615524292,0.07751267403364182,1.5484464168548584,0.10762578994035721,1.808171033859253,0.1449090838432312,2.053864002227783,0.18070213496685028,2.307464361190796,0.2216627299785614,2.5595459938049316,0.2527777850627899,2.8067731857299805,0.2955860495567322,3.053117275238037,0.3443465828895569
08be42eb2186411d8e2201225329f1c6,"turn left, turn right",0.24156047403812408,-0.0021312260068953037,0.5305395722389221,0.014014204032719135,0.7889916300773621,0.018354691565036774,1.0501220226287842,0.04223497956991196,1.293501615524292,0.07751266658306122,1.5484464168548584,0.10762578994035721,1.808171033859253,0.1449090838432312,2.053864002227783,0.18070213496685028,2.307464361190796,0.22166268527507782,2.5595459938049316,0.2527777850627899,2.8067731857299805,0.2955860495567322,3.053117275238037,0.3443465828895569
08be42eb2186411d8e2201225329f1c6,Make a left turn and go srtaight,0.24156047403812408,-0.002131226472556591,0.5305395722389221,0.014014204032719135,0.7889916300773621,0.018354695290327072,1.0501220226287842,0.04223497584462166,1.293501615524292,0.07751266658306122,1.5484464168548584,0.10762577503919601,1.808171033859253,0.1449090838432312,2.053864002227783,0.18070213496685028,2.307464361190796,0.22166268527507782,2.5595459938049316,0.2527777850627899,2.8067731857299805,0.2955860495567322,3.053117275238037,0.3443465530872345
08be42eb2186411d8e2201225329f1c6,Stop at the stopsign and make a right turn,0.24156047403812408,-0.002131226472556591,0.5305395722389221,0.014014204032719135,0.7889916300773621,0.018354695290327072,1.0501220226287842,0.04223497584462166,1.293501615524292,0.07751266658306122,1.5484464168548584,0.10762577503919601,1.808171033859253,0.1449090838432312,2.053864002227783,0.18070213496685028,2.307464361190796,0.22166268527507782,2.5595459938049316,0.25277775526046753,2.8067731857299805,0.295585960149765,3.053117275238037,0.3443465530872345
08be42eb2186411d8e2201225329f1c6,Make a right turn,0.24156047403812408,-0.0021312260068953037,0.5305395722389221,0.014014205895364285,0.7889916300773621,0.018354695290327072,1.0501220226287842,0.04223497956991196,1.293501615524292,0.07751266658306122,1.5484464168548584,0.10762578994035721,1.808171033859253,0.1449090838432312,2.053864002227783,0.18070213496685028,2.307464361190796,0.2216627299785614,2.5595459938049316,0.2527777850627899,2.8067731857299805,0.2955860495567322,3.053117275238037,0.3443465530872345
08be42eb2186411d8e2201225329f1c6,"Following the road, turn left and continue until the stop sign. At the stop sign turn right",0.24156051874160767,-0.00213122577406466,0.5305395722389221,0.014014205895364285,0.7889916300773621,0.018354695290327072,1.0501220226287842,0.04223497956991196,1.293501615524292,0.07751267403364182,1.5484464168548584,0.10762578994035721,1.808171033859253,0.1449090838432312,2.053864002227783,0.18070213496685028,2.307464361190796,0.2216627299785614,2.5595459938049316,0.2527777850627899,2.8067731857299805,0.2955860495567322,3.053117275238037,0.3443465828895569
43d5f10c855048b9963c9eb288a8a001,,0.217075377702713,-0.008036179468035698,0.46780574321746826,-0.0039013822097331285,0.6829367280006409,-0.021470705047249794,0.9023609161376953,-0.018078232184052467,1.0977389812469482,-0.01586385816335678,1.3056786060333252,-0.01796986348927021,1.5167148113250732,-0.021276088431477547,1.7215657234191895,-0.0280437134206295,1.9177168607711792,-0.02746194414794445,2.1239356994628906,-0.03867313638329506,2.3198864459991455,-0.04975755885243416,2.5265538692474365,-0.04450143873691559
43d5f10c855048b9963c9eb288a8a001,stop at the intersection then move ahead,0.217075377702713,-0.008036179468035698,0.4678056836128235,-0.003901382442563772,0.6829367280006409,-0.021470706909894943,0.9023609161376953,-0.018078230321407318,1.0977391004562378,-0.01586385816335678,1.3056786060333252,-0.01796986348927021,1.5167146921157837,-0.021276088431477547,1.7215657234191895,-0.028043705970048904,1.9177167415618896,-0.02746194414794445,2.1239356994628906,-0.03867313638329506,2.3198869228363037,-0.04975756257772446,2.5265536308288574,-0.04450142756104469
66461d94f2e44d39a90843ff2dce11e8,turn right here,0.269631564617157,-0.012659610249102116,0.5877481698989868,-0.013924708589911461,0.8818091154098511,-0.05518827959895134,1.1688340902328491,-0.06947535276412964,1.4357823133468628,-0.09586530178785324,1.725119948387146,-0.12680131196975708,2.010831356048584,-0.16476589441299438,2.280911445617676,-0.20884861052036285,2.565185546875,-0.25696244835853577,2.8377318382263184,-0.3105893135070801,3.103400945663452,-0.3612871766090393,3.3649816513061523,-0.41439247131347656
66461d94f2e44d39a90843ff2dce11e8,turn right at the intersection and then stop at the intersection behind the car,0.269631564617157,-0.012659610249102116,0.5877481698989868,-0.013924708589911461,0.8818091154098511,-0.05518827959895134,1.1688340902328491,-0.06947535276412964,1.4357823133468628,-0.09586530178785324,1.725119948387146,-0.12680131196975708,2.010831356048584,-0.16476589441299438,2.280911445617676,-0.20884861052036285,2.565185546875,-0.25696244835853577,2.8377318382263184,-0.3105893135070801,3.103400945663452,-0.3612871766090393,3.3649816513061523,-0.41439247131347656
66461d94f2e44d39a90843ff2dce11e8,turn right,0.269631564617157,-0.012659610249102116,0.5877481698989868,-0.013924708589911461,0.8818091154098511,-0.05518827959895134,1.1688340902328491,-0.06947535276412964,1.4357823133468628,-0.09586530178785324,1.725119948387146,-0.12680131196975708,2.010831356048584,-0.16476589441299438,2.280911445617676,-0.20884861052036285,2.565185546875,-0.25696244835853577,2.8377318382263184,-0.3105893135070801,3.103400945663452,-0.3612871766090393,3.3649816513061523,-0.41439247131347656
66461d94f2e44d39a90843ff2dce11e8,,0.2696315348148346,-0.01265961118042469,0.5877481698989868,-0.013924709521234035,0.8818091154098511,-0.05518828332424164,1.1688342094421387,-0.06947536021471024,1.435782551765442,-0.09586530178785324,1.7251200675964355,-0.1268012821674347,2.010831594467163,-0.164765864610672,2.280911445617676,-0.20884858071804047,2.565185546875,-0.25696247816085815,2.8377315998077393,-0.3105893135070801,3.103400707244873,-0.3612872362136841,3.3649814128875732,-0.41439253091812134
a8bd4c1efe284a5bba46f59454764965,turn right here,0.25144168734550476,-0.011839478276669979,0.5663968920707703,-0.017875533550977707,0.8518534302711487,-0.06314294785261154,1.1375958919525146,-0.08424965292215347,1.3980648517608643,-0.11904916167259216,1.6860840320587158,-0.16490939259529114,1.9703915119171143,-0.21241745352745056,2.2476861476898193,-0.2713901698589325,2.5276334285736084,-0.3373783826828003,2.814222812652588,-0.3954333961009979,3.077766180038452,-0.4722696542739868,3.3444480895996094,-0.5379826426506042
a8bd4c1efe284a5bba46f59454764965,turn right at the intersection,0.25144168734550476,-0.011839478276669979,0.5663968920707703,-0.017875533550977707,0.8518534302711487,-0.06314294785261154,1.1375958919525146,-0.08424965292215347,1.3980648517608643,-0.11904916167259216,1.6860840320587158,-0.16490939259529114,1.9703915119171143,-0.21241745352745056,2.2476861476898193,-0.27139022946357727,2.5276334285736084,-0.3373783826828003,2.814222812652588,-0.3954333961009979,3.077766180038452,-0.4722696840763092,3.3444480895996094,-0.5379826426506042
a8bd4c1efe284a5bba46f59454764965,,0.25144171714782715,-0.011839479207992554,0.5663968920707703,-0.017875533550977707,0.8518534302711487,-0.06314294785261154,1.1375958919525146,-0.08424965292215347,1.3980648517608643,-0.11904918402433395,1.6860840320587158,-0.16490942239761353,1.9703915119171143,-0.21241746842861176,2.2476861476898193,-0.27139022946357727,2.5276334285736084,-0.3373783826828003,2.814222812652588,-0.3954334259033203,3.077766180038452,-0.4722697138786316,3.3444483280181885,-0.537982702255249
a8bd4c1efe284a5bba46f59454764965,Make a right turn and go straight,0.25144171714782715,-0.011839479207992554,0.5663968920707703,-0.017875533550977707,0.8518534302711487,-0.06314294785261154,1.1375958919525146,-0.08424965292215347,1.3980648517608643,-0.11904918402433395,1.6860840320587158,-0.16490942239761353,1.9703915119171143,-0.21241746842861176,2.2476861476898193,-0.27139022946357727,2.5276334285736084,-0.33737844228744507,2.814222812652588,-0.3954334259033203,3.077766180038452,-0.4722697138786316,3.3444483280181885,-0.537982702255249
a8bd4c1efe284a5bba46f59454764965,Make a right turn,0.25144171714782715,-0.011839479207992554,0.5663968920707703,-0.017875533550977707,0.8518534302711487,-0.06314294785261154,1.1375958919525146,-0.08424965292215347,1.3980648517608643,-0.11904918402433395,1.6860840320587158,-0.16490942239761353,1.9703915119171143,-0.21241746842861176,2.2476861476898193,-0.27139022946357727,2.5276334285736084,-0.3373783826828003,2.814222812652588,-0.3954334259033203,3.077766180038452,-0.4722697138786316,3.3444483280181885,-0.537982702255249
3ada261efee347cba2e7557794f1aec8,,0.2569405138492584,-0.01049297396093607,0.5584741830825806,-0.006053365767002106,0.8240814208984375,-0.03047800064086914,1.0959041118621826,-0.028890423476696014,1.3334017992019653,-0.03341533616185188,1.5993449687957764,-0.042460791766643524,1.857082486152649,-0.052247848361730576,2.0991740226745605,-0.07004746049642563,2.3457107543945312,-0.08488057553768158,2.59743332862854,-0.10289736092090607,2.830803394317627,-0.12734921276569366,3.0730204582214355,-0.1368962824344635
3ada261efee347cba2e7557794f1aec8,stop at the intersection,0.2569405436515808,-0.01049297209829092,0.5584741234779358,-0.006053365767002106,0.8240816593170166,-0.030477996915578842,1.0959043502807617,-0.028890421614050865,1.3334015607833862,-0.03341533988714218,1.5993447303771973,-0.04246079549193382,1.8570826053619385,-0.05224785581231117,2.0991742610931396,-0.07004746794700623,2.345710277557373,-0.08488058298826218,2.597433567047119,-0.10289736092090607,2.830803394317627,-0.12734916806221008,3.0730199813842773,-0.1368962526321411
3ada261efee347cba2e7557794f1aec8,Follow the vehicle directly ahead and enter the roundabout,0.2569405436515808,-0.01049297209829092,0.5584741234779358,-0.006053365767002106,0.8240816593170166,-0.030477993190288544,1.0959043502807617,-0.028890423476696014,1.3334015607833862,-0.03341533616185188,1.5993447303771973,-0.04246079549193382,1.8570826053619385,-0.05224785581231117,2.0991742610931396,-0.07004746794700623,2.345710277557373,-0.08488058298826218,2.597433567047119,-0.10289736837148666,2.830803394317627,-0.12734918296337128,3.0730199813842773,-0.1368962526321411
b789de07180846cc972118ee6d1fb027,take a right the end of the road and another right at the intersection,0.22351336479187012,-0.015181733295321465,0.4906061589717865,-0.03639105334877968,0.7379689812660217,-0.1076296865940094,0.9788283109664917,-0.16717690229415894,1.212454080581665,-0.24317993223667145,1.4602863788604736,-0.33146339654922485,1.7161730527877808,-0.4307899475097656,1.9653078317642212,-0.5438293218612671,2.220319986343384,-0.6581572890281677,2.478759288787842,-0.7907935380935669,2.7255613803863525,-0.9169591069221497,2.9742305278778076,-1.0438838005065918
b789de07180846cc972118ee6d1fb027,turn right and then turn right again at the next intersection,0.22351336479187012,-0.015181733295321465,0.4906061589717865,-0.03639105334877968,0.7379689812660217,-0.1076296865940094,0.9788283109664917,-0.16717690229415894,1.212454080581665,-0.24317993223667145,1.4602863788604736,-0.33146339654922485,1.7161730527877808,-0.4307899475097656,1.9653078317642212,-0.5438293218612671,2.220319986343384,-0.6581572890281677,2.478759288787842,-0.7907935380935669,2.7255613803863525,-0.9169591069221497,2.9742305278778076,-1.0438838005065918
b789de07180846cc972118ee6d1fb027,"turn right, turn right",0.22351336479187012,-0.015181733295321465,0.4906061589717865,-0.03639105334877968,0.7379689812660217,-0.1076296865940094,0.9788283109664917,-0.16717690229415894,1.212454080581665,-0.24317993223667145,1.4602863788604736,-0.33146339654922485,1.7161730527877808,-0.4307899475097656,1.9653078317642212,-0.5438293218612671,2.220319986343384,-0.6581572890281677,2.478759288787842,-0.7907935380935669,2.7255613803863525,-0.9169591069221497,2.9742305278778076,-1.0438838005065918
b789de07180846cc972118ee6d1fb027,Make a right turn,0.22351336479187012,-0.015181733295321465,0.4906061589717865,-0.03639105334877968,0.7379689812660217,-0.1076296865940094,0.9788283109664917,-0.16717690229415894,1.212454080581665,-0.24317993223667145,1.4602863788604736,-0.33146339654922485,1.7161730527877808,-0.4307899475097656,1.9653078317642212,-0.5438293218612671,2.220319986343384,-0.6581572890281677,2.478759288787842,-0.7907935380935669,2.7255613803863525,-0.9169591069221497,2.9742305278778076,-1.0438838005065918
b789de07180846cc972118ee6d1fb027,Make another right turn,0.22351336479187012,-0.015181733295321465,0.4906061589717865,-0.03639105334877968,0.7379689812660217,-0.1076296865940094,0.9788283109664917,-0.16717690229415894,1.212454080581665,-0.24317993223667145,1.4602863788604736,-0.33146339654922485,1.7161730527877808,-0.4307899475097656,1.9653078317642212,-0.5438293218612671,2.220319986343384,-0.6581572890281677,2.478759288787842,-0.7907935380935669,2.7255613803863525,-0.9169591069221497,2.9742305278778076,-1.0438838005065918
b789de07180846cc972118ee6d1fb027,"Following the road, turn right at the corner. Shortly after turning the corner, turn right",0.22351336479187012,-0.015181733295321465,0.4906061589717865,-0.03639105334877968,0.7379689812660217,-0.1076296865940094,0.9788283109664917,-0.16717690229415894,1.212454080581665,-0.24317993223667145,1.4602863788604736,-0.33146339654922485,1.7161730527877808,-0.4307899475097656,1.9653078317642212,-0.5438293218612671,2.220319986343384,-0.6581572890281677,2.478759288787842,-0.7907935380935669,2.7255613803863525,-0.9169591069221497,2.9742305278778076,-1.0438838005065918
19d97841d6f64eba9f6eb9b6e8c257dc,take a right at the stop sign,0.12818647921085358,-0.00693721417337656,0.29860079288482666,-0.014307502657175064,0.44429537653923035,-0.04748653620481491,0.5979363918304443,-0.05811629071831703,0.7280134558677673,-0.08702096343040466,0.885215163230896,-0.11549700796604156,1.04193913936615,-0.14970743656158447,1.2111327648162842,-0.1907573789358139,1.35892915725708,-0.2304447591304779,1.5330270528793335,-0.26130440831184387,1.6857022047042847,-0.3147975504398346,1.8573472499847412,-0.354640930891037
19d97841d6f64eba9f6eb9b6e8c257dc,turn right at the intersection,0.12818647921085358,-0.006937213707715273,0.2986007332801819,-0.014307502657175064,0.44429537653923035,-0.04748653620481491,0.5979363918304443,-0.05811629444360733,0.7280134558677673,-0.08702096343040466,0.885215163230896,-0.11549700796604156,1.04193913936615,-0.14970745146274567,1.2111327648162842,-0.1907573789358139,1.35892915725708,-0.2304447591304779,1.5330270528793335,-0.26130440831184387,1.6857022047042847,-0.3147975504398346,1.8573472499847412,-0.354640930891037
19d97841d6f64eba9f6eb9b6e8c257dc,turn right,0.12818646430969238,-0.006937213707715273,0.2986007332801819,-0.014307503588497639,0.44429534673690796,-0.04748654365539551,0.5979363918304443,-0.05811629444360733,0.7280134558677673,-0.08702097833156586,0.8852150440216064,-0.11549702286720276,1.0419390201568604,-0.14970745146274567,1.2111326456069946,-0.1907573789358139,1.35892915725708,-0.2304447591304779,1.5330270528793335,-0.26130440831184387,1.6857020854949951,-0.3147975504398346,1.8573472499847412,-0.354640930891037
19d97841d6f64eba9f6eb9b6e8c257dc,Stop at the stopsign.,0.12818647921085358,-0.006937213707715273,0.2986007630825043,-0.014307502657175064,0.44429537653923035,-0.04748653620481491,0.5979363918304443,-0.05811629444360733,0.7280134558677673,-0.08702096343040466,0.885215163230896,-0.11549700796604156,1.04193913936615,-0.14970743656158447,1.2111327648162842,-0.1907573789358139,1.35892915725708,-0.2304447591304779,1.5330270528793335,-0.26130440831184387,1.6857022047042847,-0.3147975504398346,1.8573472499847412,-0.354640930891037
19d97841d6f64eba9f6eb9b6e8c257dc,Make a right turn,0.12818647921085358,-0.006937213707715273,0.2986007630825043,-0.014307502657175064,0.44429537653923035,-0.04748653620481491,0.5979363918304443,-0.05811629444360733,0.7280134558677673,-0.08702096343040466,0.885215163230896,-0.11549700796604156,1.04193913936615,-0.14970743656158447,1.2111327648162842,-0.1907573789358139,1.35892915725708,-0.2304447591304779,1.5330270528793335,-0.26130440831184387,1.6857022047042847,-0.3147975504398346,1.8573472499847412,-0.354640930891037
19d97841d6f64eba9f6eb9b6e8c257dc,Make a right at the stop sign,0.12818647921085358,-0.006937213707715273,0.2986007332801819,-0.014307502657175064,0.44429537653923035,-0.04748653620481491,0.5979363918304443,-0.05811629444360733,0.7280134558677673,-0.08702096343040466,0.885215163230896,-0.11549700796604156,1.04193913936615,-0.14970745146274567,1.2111327648162842,-0.1907573789358139,1.35892915725708,-0.2304447591304779,1.5330270528793335,-0.26130440831184387,1.6857022047042847,-0.3147975504398346,1.8573472499847412,-0.354640930891037
66134aebdaca4aca82aec91ec8c6245e,,0.059214357286691666,-0.00537411542609334,0.11980141699314117,-0.005873098969459534,0.17414505779743195,-0.010963742621243,0.24865317344665527,-0.012776995077729225,0.302399218082428,-0.015267745591700077,0.38513898849487305,-0.01735096238553524,0.46470439434051514,-0.01597779430449009,0.5404343008995056,-0.02003733441233635,0.6206748485565186,-0.019232388585805893,0.7125985622406006,-0.020696554332971573,0.7944758534431458,-0.024656297639012337,0.888983964920044,-0.022034715861082077
66134aebdaca4aca82aec91ec8c6245e,stop at the intersection,0.059214334934949875,-0.0053741163574159145,0.1198013499379158,-0.005873103626072407,0.1741449534893036,-0.010963749140501022,0.2486531138420105,-0.012777001596987247,0.3023991584777832,-0.015267761424183846,0.38513898849487305,-0.017350979149341583,0.4647042155265808,-0.015977811068296432,0.5404343008995056,-0.020037362352013588,0.6206746697425842,-0.019232425838708878,0.7125985622406006,-0.020696572959423065,0.7944756746292114,-0.02465634234249592,0.8889836072921753,-0.02203475497663021
e02aee6f1fec4d13ad77044466da5fb4,merge one lane over to the right after the intersection,0.3233878016471863,-0.010943779721856117,0.711020827293396,-0.002881627297028899,1.0585931539535522,-0.022045614197850227,1.4017075300216675,-0.017685675993561745,1.720933198928833,-0.012737421318888664,2.052168130874634,-0.017872720956802368,2.383779287338257,-0.017599966377019882,2.703139305114746,-0.02407103031873703,3.0219027996063232,-0.034911803901195526,3.3435451984405518,-0.0443180613219738,3.647355318069458,-0.06049007177352905,3.9475910663604736,-0.06076810508966446
e02aee6f1fec4d13ad77044466da5fb4,slide into the right lane and stop at the intersection,0.3233878016471863,-0.010943779721856117,0.711020827293396,-0.002881627297028899,1.0585931539535522,-0.022045614197850227,1.4017075300216675,-0.017685675993561745,1.720933198928833,-0.012737421318888664,2.052168130874634,-0.017872720956802368,2.383779287338257,-0.017599966377019882,2.703139305114746,-0.02407103031873703,3.0219027996063232,-0.034911803901195526,3.3435451984405518,-0.0443180613219738,3.647355318069458,-0.06049007177352905,3.9475910663604736,-0.06076810508966446
e02aee6f1fec4d13ad77044466da5fb4,,0.3233878016471863,-0.010943779721856117,0.711020827293396,-0.002881627297028899,1.0585931539535522,-0.022045614197850227,1.4017075300216675,-0.017685675993561745,1.720933198928833,-0.012737421318888664,2.052168130874634,-0.017872720956802368,2.383779287338257,-0.017599966377019882,2.703139305114746,-0.02407103031873703,3.0219027996063232,-0.034911803901195526,3.3435451984405518,-0.0443180613219738,3.647355318069458,-0.06049007177352905,3.9475910663604736,-0.06076810508966446
e02aee6f1fec4d13ad77044466da5fb4,"After crossing the intersection, switch into the right lane.",0.3233878016471863,-0.010943779721856117,0.711020827293396,-0.002881627297028899,1.0585931539535522,-0.022045614197850227,1.4017075300216675,-0.017685675993561745,1.720933198928833,-0.012737421318888664,2.052168130874634,-0.017872720956802368,2.383779287338257,-0.017599966377019882,2.703139305114746,-0.02407103031873703,3.0219027996063232,-0.034911803901195526,3.3435451984405518,-0.0443180613219738,3.647355318069458,-0.06049007177352905,3.9475910663604736,-0.06076810508966446
e02aee6f1fec4d13ad77044466da5fb4,"Passing the light, change one lane to the right",0.3233878016471863,-0.010943779721856117,0.711020827293396,-0.002881627297028899,1.0585931539535522,-0.022045614197850227,1.4017075300216675,-0.017685675993561745,1.720933198928833,-0.012737421318888664,2.052168130874634,-0.017872720956802368,2.383779287338257,-0.017599966377019882,2.703139305114746,-0.02407103031873703,3.0219027996063232,-0.034911803901195526,3.3435451984405518,-0.0443180613219738,3.647355318069458,-0.06049007177352905,3.9475910663604736,-0.06076810508966446
98fc76cc0e364efdaa7e86a36b666dda,,0.4318532645702362,-0.012050526216626167,0.9631190299987793,0.00027673086151480675,1.4465012550354004,-0.013940774835646152,1.911766529083252,-0.004429057240486145,2.3551626205444336,0.005262934137135744,2.8084888458251953,0.00659286230802536,3.2608442306518555,0.01502632349729538,3.7067620754241943,0.013006936758756638,4.140729904174805,0.008091083727777004,4.588013172149658,0.007620491553097963,5.005776882171631,-0.003565452992916107,5.420039653778076,0.004751741420477629
491322eec05043c9907c59aa35b046ea,turn right here,0.4100858271121979,-0.012103776447474957,0.913957953453064,-0.0011503244750201702,1.3721054792404175,-0.01763109490275383,1.8152062892913818,-0.010122125968337059,2.236678123474121,-0.0016645083669573069,2.6676549911499023,-0.004073071293532848,3.0984842777252197,0.001848582993261516,3.521207571029663,-0.0018457917030900717,3.935685396194458,-0.012545651756227016,4.35954475402832,-0.015448621474206448,4.755946159362793,-0.030180782079696655,5.146106243133545,-0.02680349163711071
491322eec05043c9907c59aa35b046ea,,0.4100858271121979,-0.012103777378797531,0.9139580130577087,-0.0011503243586048484,1.3721057176589966,-0.01763109490275383,1.8152064085006714,-0.010122126899659634,2.236677646636963,-0.0016645063878968358,2.6676547527313232,-0.004073071293532848,3.0984842777252197,0.001848582993261516,3.521207332611084,-0.0018457920523360372,3.935685157775879,-0.012545653618872166,4.359545707702637,-0.01544862613081932,4.755947589874268,-0.030180782079696655,5.146107196807861,-0.02680349163711071
08110c8640454affb5167801442a85fd,,0.18836188316345215,-0.008330196142196655,0.4199138879776001,-0.0056459540501236916,0.6269486546516418,-0.021171607077121735,0.8494060039520264,-0.015235732309520245,1.028716802597046,-0.023140570148825645,1.2590886354446411,-0.02592742070555687,1.471464991569519,-0.028357861563563347,1.675445795059204,-0.04389031603932381,1.876871109008789,-0.05519696697592735,2.1058104038238525,-0.055101338773965836,2.298464775085449,-0.07363556325435638,2.5118775367736816,-0.07813890278339386
08110c8640454affb5167801442a85fd,"stop and let the pedestrians cross, then continue",0.18836188316345215,-0.008330194279551506,0.4199138879776001,-0.0056459540501236916,0.6269486546516418,-0.021171608939766884,0.8494060039520264,-0.015235735103487968,1.0287169218063354,-0.023140568286180496,1.2590886354446411,-0.02592742256820202,1.471464991569519,-0.028357865288853645,1.6754462718963623,-0.043890323489904404,1.8768712282180786,-0.05519697815179825,2.1058104038238525,-0.055101338773965836,2.298464775085449,-0.07363556325435638,2.5118775367736816,-0.07813891023397446
08110c8640454affb5167801442a85fd,stop for the pedestrians,0.18836185336112976,-0.00833019707351923,0.4199138283729553,-0.005645954981446266,0.6269486546516418,-0.021171608939766884,0.8494059443473816,-0.015235735103487968,1.0287166833877563,-0.023140572011470795,1.2590886354446411,-0.02592741698026657,1.4714648723602295,-0.028357861563563347,1.675445795059204,-0.04389031231403351,1.876871109008789,-0.055196959525346756,2.1058104038238525,-0.05510132759809494,2.29846453666687,-0.0736355409026146,2.5118775367736816,-0.07813889533281326
08110c8640454affb5167801442a85fd,Come to a stop before approaching the pedestrians to allow them to cross the road.,0.18836188316345215,-0.00833019521087408,0.4199138879776001,-0.0056459540501236916,0.6269486546516418,-0.021171608939766884,0.8494060039520264,-0.01523573324084282,1.028716802597046,-0.023140570148825645,1.2590886354446411,-0.02592742070555687,1.471464991569519,-0.028357865288853645,1.6754461526870728,-0.043890323489904404,1.8768712282180786,-0.05519697442650795,2.1058104038238525,-0.055101338773965836,2.29846453666687,-0.07363556325435638,2.5118775367736816,-0.07813891023397446
08110c8640454affb5167801442a85fd,Allow the pedestrians to cross the road and continue straight when the pedestrian aren't an obstacle on current lane,0.18836188316345215,-0.008330194279551506,0.4199138879776001,-0.005645953584462404,0.6269487142562866,-0.021171608939766884,0.8494061231613159,-0.01523573324084282,1.0287169218063354,-0.023140568286180496,1.2590887546539307,-0.02592742256820202,1.4714652299880981,-0.028357867151498795,1.6754462718963623,-0.043890323489904404,1.8768712282180786,-0.05519697815179825,2.1058104038238525,-0.055101338773965836,2.298464775085449,-0.07363557070493698,2.5118777751922607,-0.07813891768455505
5b9c64f03f8b4a4f8189a18d74f866c2,turn left here,0.23833037912845612,-0.0010595751227810979,0.5401192903518677,0.014368073083460331,0.8163935542106628,0.019024241715669632,1.096681833267212,0.04645562544465065,1.3590645790100098,0.08351968973875046,1.6385130882263184,0.1141442358493805,1.9173774719238281,0.15440577268600464,2.188863515853882,0.19416850805282593,2.4685206413269043,0.23060199618339539,2.7448651790618896,0.2748517692089081,3.0105628967285156,0.31364747881889343,3.2727651596069336,0.36252525448799133
5b9c64f03f8b4a4f8189a18d74f866c2,turn left at the intersection,0.23833037912845612,-0.0010595751227810979,0.5401192903518677,0.014368073083460331,0.8163935542106628,0.019024236127734184,1.096681833267212,0.04645562544465065,1.3590645790100098,0.08351968973875046,1.6385130882263184,0.1141442358493805,1.917377233505249,0.15440577268600464,2.188863515853882,0.19416850805282593,2.4685206413269043,0.23060199618339539,2.7448651790618896,0.2748517692089081,3.0105628967285156,0.31364747881889343,3.2727651596069336,0.36252525448799133
5b9c64f03f8b4a4f8189a18d74f866c2,turn left,0.23833037912845612,-0.0010595751227810979,0.5401192903518677,0.014368075877428055,0.8163935542106628,0.019024241715669632,1.096681833267212,0.04645562544465065,1.3590645790100098,0.08351969718933105,1.6385130882263184,0.1141442358493805,1.9173774719238281,0.15440577268600464,2.188863515853882,0.19416850805282593,2.4685206413269043,0.23060199618339539,2.7448651790618896,0.27485179901123047,3.0105628967285156,0.3136475384235382,3.272765636444092,0.36252525448799133
5b9c64f03f8b4a4f8189a18d74f866c2,Make a left turn and countinue straight,0.23833037912845612,-0.0010595751227810979,0.5401193499565125,0.014368075877428055,0.8163935542106628,0.019024241715669632,1.096681833267212,0.04645562544465065,1.3590645790100098,0.08351969718933105,1.6385130882263184,0.1141442358493805,1.9173774719238281,0.15440577268600464,2.188863515853882,0.19416853785514832,2.4685206413269043,0.23060202598571777,2.7448651790618896,0.27485182881355286,3.0105628967285156,0.3136475384235382,3.2727651596069336,0.36252525448799133
5b9c64f03f8b4a4f8189a18d74f866c2,Make a left turn at the stop sign,0.23833037912845612,-0.001059575704857707,0.5401192903518677,0.014368073083460331,0.8163935542106628,0.019024236127734184,1.096681833267212,0.04645561799407005,1.3590645790100098,0.08351968973875046,1.6385130882263184,0.1141442358493805,1.9173774719238281,0.15440577268600464,2.188863515853882,0.19416850805282593,2.4685206413269043,0.23060199618339539,2.7448651790618896,0.2748517692089081,3.0105628967285156,0.31364747881889343,3.2727651596069336,0.36252525448799133
d39c6835da754adfa0f75183e685c403,drive around the parked truck and continue straight,0.27310869097709656,-0.010321059264242649,0.5960683822631836,-0.003914155066013336,0.887359619140625,-0.026337729766964912,1.1755681037902832,-0.022291602566838264,1.440041422843933,-0.022382168099284172,1.7217190265655518,-0.028007037937641144,2.002481698989868,-0.03311280906200409,2.2685556411743164,-0.043127480894327164,2.5400311946868896,-0.05529695376753807,2.8091464042663574,-0.06930548697710037,3.0658628940582275,-0.08573974668979645,3.321042537689209,-0.09481574594974518
d39c6835da754adfa0f75183e685c403,swerve around the parked truck,0.27310869097709656,-0.010321059264242649,0.5960683822631836,-0.003914155066013336,0.887359619140625,-0.026337729766964912,1.1755681037902832,-0.022291602566838264,1.440041422843933,-0.022382168099284172,1.7217190265655518,-0.028007037937641144,2.002481698989868,-0.03311280906200409,2.2685556411743164,-0.043127480894327164,2.5400311946868896,-0.05529695376753807,2.8091464042663574,-0.06930548697710037,3.0658628940582275,-0.08573974668979645,3.321042537689209,-0.09481574594974518
d39c6835da754adfa0f75183e685c403,go around the vehicle,0.27310869097709656,-0.010321059264242649,0.5960683822631836,-0.003914155066013336,0.887359619140625,-0.026337729766964912,1.1755681037902832,-0.022291602566838264,1.440041422843933,-0.022382168099284172,1.7217190265655518,-0.028007037937641144,2.002481698989868,-0.03311280906200409,2.2685556411743164,-0.043127480894327164,2.5400311946868896,-0.05529695376753807,2.8091464042663574,-0.06930548697710037,3.0658628940582275,-0.08573974668979645,3.321042537689209,-0.09481574594974518
d39c6835da754adfa0f75183e685c403,Briefly go onto the left side of the road to avoid the parked vehicle in your lane,0.27310869097709656,-0.010321059264242649,0.5960683822631836,-0.003914155066013336,0.887359619140625,-0.026337729766964912,1.1755681037902832,-0.022291602566838264,1.440041422843933,-0.022382168099284172,1.7217190265655518,-0.028007037937641144,2.002481698989868,-0.03311280906200409,2.2685556411743164,-0.043127480894327164,2.5400311946868896,-0.05529695376753807,2.8091464042663574,-0.06930548697710037,3.0658628940582275,-0.08573974668979645,3.321042537689209,-0.09481574594974518
d39c6835da754adfa0f75183e685c403,"Continuing straight, go around the unloading truck in the street briefly going in the opposite lane",0.27310869097709656,-0.010321059264242649,0.5960683822631836,-0.003914155066013336,0.887359619140625,-0.026337729766964912,1.1755681037902832,-0.022291602566838264,1.440041422843933,-0.022382168099284172,1.7217190265655518,-0.028007037937641144,2.002481698989868,-0.03311280906200409,2.2685556411743164,-0.043127480894327164,2.5400311946868896,-0.05529695376753807,2.8091464042663574,-0.06930548697710037,3.0658628940582275,-0.08573974668979645,3.321042537689209,-0.09481574594974518
30783e1b472a4101b82be19e41636ba2,turn right here,0.28193342685699463,-0.013492858037352562,0.6189205646514893,-0.018674608319997787,0.9333803653717041,-0.06351075321435928,1.243208408355713,-0.08799800276756287,1.5340925455093384,-0.12024222314357758,1.844256043434143,-0.16513067483901978,2.1551015377044678,-0.21173137426376343,2.4509212970733643,-0.26642748713493347,2.760629177093506,-0.3332975506782532,3.0617666244506836,-0.3989718556404114,3.3501150608062744,-0.46826088428497314,3.628109931945801,-0.533667266368866
30783e1b472a4101b82be19e41636ba2,turn right then go straight,0.28193342685699463,-0.013492858037352562,0.6189205646514893,-0.018674608319997787,0.9333803653717041,-0.06351075321435928,1.243208408355713,-0.08799800276756287,1.5340925455093384,-0.12024222314357758,1.844256043434143,-0.16513067483901978,2.1551015377044678,-0.21173137426376343,2.4509212970733643,-0.26642748713493347,2.760629177093506,-0.3332975506782532,3.0617666244506836,-0.3989718556404114,3.3501150608062744,-0.46826088428497314,3.628109931945801,-0.533667266368866
30783e1b472a4101b82be19e41636ba2,turn right,0.28193342685699463,-0.013492858037352562,0.6189205646514893,-0.018674608319997787,0.9333803653717041,-0.06351075321435928,1.243208408355713,-0.08799800276756287,1.5340925455093384,-0.12024222314357758,1.844256043434143,-0.16513067483901978,2.1551015377044678,-0.21173137426376343,2.4509212970733643,-0.26642748713493347,2.760629177093506,-0.3332975506782532,3.0617666244506836,-0.3989718556404114,3.3501150608062744,-0.46826088428497314,3.628109931945801,-0.533667266368866
30783e1b472a4101b82be19e41636ba2,Make a right turn into the middle lane,0.28193342685699463,-0.013492858037352562,0.6189205646514893,-0.018674608319997787,0.9333803653717041,-0.06351075321435928,1.243208408355713,-0.08799800276756287,1.5340925455093384,-0.12024222314357758,1.844256043434143,-0.16513067483901978,2.1551015377044678,-0.21173137426376343,2.4509212970733643,-0.26642748713493347,2.760629177093506,-0.3332975506782532,3.0617666244506836,-0.3989718556404114,3.3501150608062744,-0.46826088428497314,3.628109931945801,-0.533667266368866
30783e1b472a4101b82be19e41636ba2,Turn right at the light,0.28193342685699463,-0.013492858037352562,0.6189205646514893,-0.018674608319997787,0.9333803653717041,-0.06351075321435928,1.243208408355713,-0.08799800276756287,1.5340925455093384,-0.12024222314357758,1.844256043434143,-0.16513067483901978,2.1551015377044678,-0.21173137426376343,2.4509212970733643,-0.26642748713493347,2.760629177093506,-0.3332975506782532,3.0617666244506836,-0.3989718556404114,3.3501150608062744,-0.46826088428497314,3.628109931945801,-0.533667266368866
312102fd97de4bd4859374946e24ccdc,,0.3910788297653198,-0.010943981818854809,0.8767223358154297,-0.00034779036650434136,1.3220560550689697,-0.015982137992978096,1.752314805984497,-0.006880692206323147,2.1630544662475586,0.001312560634687543,2.586750030517578,0.0007099133799783885,3.0096147060394287,0.006429208442568779,3.4256796836853027,0.0025031615514308214,3.8354732990264893,-0.005629029590636492,4.2539143562316895,-0.007559546735137701,4.645806789398193,-0.02033419720828533,5.03403377532959,-0.018854759633541107
2121cc12888e47ce856dc5391f202594,,0.014424734748899937,-0.005235733930021524,0.01628495194017887,-0.004919987637549639,0.012735042721033096,-0.0005595516413450241,0.03379158675670624,-0.011872432194650173,0.05520007759332657,-0.006058621685951948,0.08164443075656891,-0.01415256131440401,0.1148257628083229,-0.005758681334555149,0.14373978972434998,-0.003775332123041153,0.1907019019126892,0.00418420834466815,0.23190529644489288,0.00043643591925501823,0.2815186083316803,-0.0005074999644421041,0.33573007583618164,0.00718696927651763
2121cc12888e47ce856dc5391f202594,Take a right turn after all the cars and people pass,0.014424734748899937,-0.005235731136053801,0.01628495566546917,-0.004919984377920628,0.012735048308968544,-0.0005595510010607541,0.03379160910844803,-0.01187242940068245,0.05520008131861687,-0.0060586207546293736,0.08164443075656891,-0.014152560383081436,0.1148257777094841,-0.00575868459418416,0.1437397599220276,-0.0037753330543637276,0.19070202112197876,0.004184208810329437,0.23190531134605408,0.0004364356573205441,0.28151851892471313,-0.0005074982764199376,0.3357299566268921,0.007186971139162779
f13bd38bf9b64d579a63d4e7d750f592,,0.2850404381752014,-0.011463749222457409,0.6182152628898621,-0.0029607543256133795,0.9227104187011719,-0.030780253931879997,1.2192085981369019,-0.02229192666709423,1.486829400062561,-0.028608202934265137,1.7839018106460571,-0.030089499428868294,2.0702593326568604,-0.04009021446108818,2.3372371196746826,-0.05404971167445183,2.6180734634399414,-0.06575176864862442,2.887155771255493,-0.08255092799663544,3.1485378742218018,-0.09727492928504944,3.4103903770446777,-0.11466918140649796
54cdaaae372d421fa4734d66f51a8c48,,0.0776807889342308,-0.005762280430644751,0.16982027888298035,-0.00520795164629817,0.25011369585990906,-0.014123182743787766,0.3488418757915497,-0.01006363332271576,0.420574814081192,-0.014681906439363956,0.5275693535804749,-0.014509517699480057,0.6282801032066345,-0.01315152458846569,0.7283286452293396,-0.018622633069753647,0.8247378468513489,-0.019433090463280678,0.9410210847854614,-0.01464171428233385,1.0389761924743652,-0.022036699578166008,1.1551477909088135,-0.021603619679808617
54cdaaae372d421fa4734d66f51a8c48,Stop at the stoplights,0.07768075913190842,-0.0057622818276286125,0.16982023417949677,-0.005207953508943319,0.2501136064529419,-0.01412318553775549,0.3488417863845825,-0.010063637979328632,0.4205748438835144,-0.014681906439363956,0.5275691747665405,-0.014509523287415504,0.628279983997345,-0.013151527382433414,0.7283284664154053,-0.018622638657689095,0.8247374296188354,-0.019433099776506424,0.9410208463668823,-0.014641712419688702,1.0389761924743652,-0.022036712616682053,1.1551475524902344,-0.021603627130389214
54cdaaae372d421fa4734d66f51a8c48,stop at the intersection,0.07768075913190842,-0.0057622818276286125,0.16982023417949677,-0.005207953508943319,0.25011366605758667,-0.01412318553775549,0.3488417863845825,-0.010063637048006058,0.4205748438835144,-0.01468190923333168,0.5275692343711853,-0.01450952235609293,0.628279983997345,-0.013151527382433414,0.7283285856246948,-0.018622638657689095,0.824737548828125,-0.019433099776506424,0.9410209059715271,-0.014641711488366127,1.0389763116836548,-0.022036708891391754,1.155147671699524,-0.021603627130389214
17302a41218442ffbb0b094adb0669ab,,0.33861044049263,-0.009972680360078812,0.7447056174278259,0.0006697876960970461,1.1091654300689697,-0.01375909335911274,1.4664578437805176,-0.004824917763471603,1.7990167140960693,0.004584911745041609,2.1452600955963135,0.007071737200021744,2.4914402961730957,0.013220691122114658,2.826143264770508,0.012312691658735275,3.157519578933716,0.012491913512349129,3.4949285984039307,0.008810455910861492,3.8147974014282227,0.002939867088571191,4.134345531463623,0.011734630912542343
17302a41218442ffbb0b094adb0669ab,Stop at the intersection,0.3386104702949524,-0.009972681291401386,0.7447057962417603,0.0006697878707200289,1.1091653108596802,-0.01375909335911274,1.4664578437805176,-0.004824918229132891,1.7990167140960693,0.004584914539009333,2.1452600955963135,0.007071738131344318,2.4914402961730957,0.013220686465501785,2.826143741607666,0.012312686070799828,3.157520294189453,0.012491915374994278,3.4949288368225098,0.008810456842184067,3.8147974014282227,0.00293986895121634,4.134345054626465,0.01173462625592947
17302a41218442ffbb0b094adb0669ab,stop at the intersection,0.3386104702949524,-0.009972681291401386,0.7447057962417603,0.0006697878707200289,1.1091653108596802,-0.01375909335911274,1.4664578437805176,-0.004824918229132891,1.7990167140960693,0.004584914539009333,2.1452600955963135,0.007071738131344318,2.4914402961730957,0.013220686465501785,2.826143741607666,0.012312686070799828,3.157520294189453,0.012491915374994278,3.4949288368225098,0.008810456842184067,3.8147974014282227,0.00293986895121634,4.134345054626465,0.01173462625592947
2dc89e0f9c6c4dbab908d341fab020c6,turn left here,0.2023855745792389,-0.006482600700110197,0.4422537386417389,-0.003012489527463913,0.6489832997322083,-0.019033588469028473,0.8618881702423096,-0.013368368148803711,1.0519219636917114,-0.007270902395248413,1.25532066822052,-0.006871447898447514,1.4609816074371338,-0.007382660638540983,1.6655666828155518,-0.009566094726324081,1.8594276905059814,-0.006624293047934771,2.062136650085449,-0.010641849599778652,2.2557952404022217,-0.018807046115398407,2.4620752334594727,-0.009397778660058975
2dc89e0f9c6c4dbab908d341fab020c6,Take a left turn and then continue down the road,0.2023855745792389,-0.006482600700110197,0.4422537386417389,-0.003012489527463913,0.6489832997322083,-0.019033588469028473,0.8618881702423096,-0.013368368148803711,1.0519219636917114,-0.007270902395248413,1.25532066822052,-0.006871447898447514,1.4609816074371338,-0.007382660638540983,1.6655666828155518,-0.009566094726324081,1.8594276905059814,-0.006624293047934771,2.062136650085449,-0.010641849599778652,2.2557952404022217,-0.018807046115398407,2.4620752334594727,-0.009397778660058975
2dc89e0f9c6c4dbab908d341fab020c6,cmplete the left turn,0.2023855745792389,-0.006482600700110197,0.4422537386417389,-0.003012489527463913,0.6489832997322083,-0.019033588469028473,0.8618881702423096,-0.013368368148803711,1.0519219636917114,-0.007270902395248413,1.25532066822052,-0.006871447898447514,1.4609816074371338,-0.007382660638540983,1.6655666828155518,-0.009566094726324081,1.8594276905059814,-0.006624293047934771,2.062136650085449,-0.010641849599778652,2.2557952404022217,-0.018807046115398407,2.4620752334594727,-0.009397778660058975
2dc89e0f9c6c4dbab908d341fab020c6,,0.2023855745792389,-0.006482600700110197,0.4422537386417389,-0.003012489527463913,0.6489832997322083,-0.019033588469028473,0.8618881702423096,-0.013368368148803711,1.0519219636917114,-0.007270902395248413,1.25532066822052,-0.006871447898447514,1.4609816074371338,-0.007382660638540983,1.6655666828155518,-0.009566094726324081,1.8594276905059814,-0.006624293047934771,2.062136650085449,-0.010641849599778652,2.2557952404022217,-0.018807046115398407,2.4620752334594727,-0.009397778660058975
2dc89e0f9c6c4dbab908d341fab020c6,Make a left turn,0.2023855745792389,-0.006482600700110197,0.4422537386417389,-0.003012489527463913,0.6489832997322083,-0.019033588469028473,0.8618881702423096,-0.013368368148803711,1.0519219636917114,-0.007270902395248413,1.25532066822052,-0.006871447898447514,1.4609816074371338,-0.007382660638540983,1.6655666828155518,-0.009566094726324081,1.8594276905059814,-0.006624293047934771,2.062136650085449,-0.010641849599778652,2.2557952404022217,-0.018807046115398407,2.4620752334594727,-0.009397778660058975
a5887dd5d6d947e4af581b915716d51c,,0.4604635536670685,-0.012115571647882462,1.0299478769302368,0.0013890966074541211,1.550077199935913,-0.011215654201805592,2.045482635498047,0.00015679531497880816,2.521087408065796,0.009863422252237797,3.0069501399993896,0.014597178436815739,3.490521192550659,0.024308864027261734,3.9705302715301514,0.022169481962919235,4.433918476104736,0.022459805011749268,4.915032863616943,0.02309921570122242,5.364040851593018,0.01533615030348301,5.813717842102051,0.025375140830874443
6295f0119c5c44d8a75e0016517a172d,,0.412217378616333,-0.012136091478168964,0.9179316759109497,-0.0009667599224485457,1.3772382736206055,-0.016969850286841393,1.8220462799072266,-0.00927458330988884,2.2442333698272705,-0.0007416150183416903,2.676509141921997,-0.002572815865278244,3.1078193187713623,0.0036303172819316387,3.531177043914795,0.00020592327928170562,3.9460697174072266,-0.009180567227303982,4.370699882507324,-0.01157910842448473,4.7676777839660645,-0.026455741375684738,5.158980846405029,-0.021308615803718567
1847e3fc11ab466d95f82e6c7031f33d,,0.5089829564094543,-0.010977037250995636,1.142714023590088,0.0026749682147055864,1.7236366271972656,-0.006526459939777851,2.270810127258301,0.005887707229703665,2.802861213684082,0.015570761635899544,3.343522071838379,0.02301180362701416,3.8782243728637695,0.03428250551223755,4.4150519371032715,0.03066631406545639,4.930477619171143,0.03775672987103462,5.4659929275512695,0.039948008954524994,5.9680891036987305,0.033936284482479095,6.477267265319824,0.04776737838983536
83ffc453d209404781ea4574d77adb22,,0.35262683033943176,-0.011808170937001705,0.7787255048751831,-0.002518379595130682,1.1646579504013062,-0.022814571857452393,1.5420567989349365,-0.01689344458281994,1.8949074745178223,-0.012899722903966904,2.2622697353363037,-0.017505720257759094,2.6275200843811035,-0.01699558086693287,2.9795100688934326,-0.02410290203988552,3.332355260848999,-0.03738711401820183,3.686973810195923,-0.04567364230751991,4.02089262008667,-0.06277120858430862,4.348977088928223,-0.0659673884510994
70c3b2f2b1f3403083fd44d06cc5abe0,,0.09444501996040344,-0.0021744281984865665,0.21557973325252533,-0.00450027035549283,0.3039224445819855,-0.010930861346423626,0.42649757862091064,-0.0075243632309138775,0.509597897529602,0.0052032251842319965,0.6238940358161926,-0.001526708249002695,0.7351791858673096,0.0039409431628882885,0.8501859307289124,0.003553357906639576,0.9492348432540894,-0.003223070641979575,1.0771903991699219,0.007966814562678337,1.1803271770477295,-0.004206252284348011,1.3028488159179688,0.014665921218693256
70c3b2f2b1f3403083fd44d06cc5abe0,proceed slowly to avoid hitting the wheelchair,0.09444505721330643,-0.0021744281984865665,0.2155798375606537,-0.004500273149460554,0.3039226531982422,-0.0109308622777462,0.4264977276325226,-0.007524373009800911,0.5095980167388916,0.005203231703490019,0.6238942742347717,-0.0015267151175066829,0.73517906665802,0.003940925933420658,0.8501859903335571,0.0035533441696316004,0.9492349624633789,-0.003223067382350564,1.077190637588501,0.007966814562678337,1.18032705783844,-0.004206295125186443,1.3028490543365479,0.014665892347693443
c133e78e55ae487c821803a3b183d1ab,,0.3783510625362396,-0.010828077793121338,0.8449732661247253,-0.0013549634022638202,1.2690753936767578,-0.017621159553527832,1.6773664951324463,-0.010917327366769314,2.0691070556640625,-0.0021403504069894552,2.4678094387054443,-0.004873758181929588,2.868851661682129,-0.0007120852242223918,3.2643723487854004,-0.005064624361693859,3.65071964263916,-0.01381665002554655,4.045000076293945,-0.0189968291670084,4.41706657409668,-0.030876142904162407,4.786404132843018,-0.030279792845249176
c133e78e55ae487c821803a3b183d1ab,stop and wait for the pedestrians,0.3783510625362396,-0.010828077793121338,0.8449732661247253,-0.0013549634022638202,1.2690753936767578,-0.017621159553527832,1.6773664951324463,-0.010917327366769314,2.0691070556640625,-0.0021403504069894552,2.4678094387054443,-0.004873758181929588,2.868851661682129,-0.0007120852242223918,3.2643723487854004,-0.005064624361693859,3.65071964263916,-0.01381665002554655,4.045000076293945,-0.0189968291670084,4.41706657409668,-0.030876142904162407,4.786404132843018,-0.030279792845249176
c133e78e55ae487c821803a3b183d1ab,Stop before the stopwalk to allow the pedestrian to cross the road,0.3783510625362396,-0.010828077793121338,0.8449732661247253,-0.0013549634022638202,1.2690753936767578,-0.017621159553527832,1.6773664951324463,-0.010917327366769314,2.0691070556640625,-0.0021403504069894552,2.4678094387054443,-0.004873758181929588,2.868851661682129,-0.0007120852242223918,3.2643723487854004,-0.005064624361693859,3.65071964263916,-0.01381665002554655,4.045000076293945,-0.0189968291670084,4.41706657409668,-0.030876142904162407,4.786404132843018,-0.030279792845249176
c133e78e55ae487c821803a3b183d1ab,Slow and come to a stop if needed to allow the pedestrian to cross,0.3783510625362396,-0.010828077793121338,0.8449732661247253,-0.0013549634022638202,1.2690753936767578,-0.017621159553527832,1.6773664951324463,-0.010917327366769314,2.0691070556640625,-0.0021403504069894552,2.4678094387054443,-0.004873758181929588,2.868851661682129,-0.0007120852242223918,3.2643723487854004,-0.005064624361693859,3.65071964263916,-0.01381665002554655,4.045000076293945,-0.0189968291670084,4.41706657409668,-0.030876142904162407,4.786404132843018,-0.030279792845249176
cd122d67c51c4fa4902486897cad91ad,,0.34449848532676697,-0.011103682219982147,0.758246898651123,-0.0022318195551633835,1.1304651498794556,-0.020109713077545166,1.4930133819580078,-0.014355354942381382,1.832688570022583,-0.010978953912854195,2.184549570083618,-0.012142435647547245,2.536363363265991,-0.011414597742259502,2.8788094520568848,-0.01866638846695423,3.2141165733337402,-0.022585473954677582,3.559471607208252,-0.03229329362511635,3.8838844299316406,-0.045589011162519455,4.210697174072266,-0.042681921273469925
cd122d67c51c4fa4902486897cad91ad,Go on the left side of your lane before appraoching the construction that is on the right side of your lane,0.34449851512908936,-0.011103680357336998,0.7582469582557678,-0.00223181932233274,1.1304651498794556,-0.020109713077545166,1.4930133819580078,-0.014355355873703957,1.832688570022583,-0.01097895298153162,2.184549570083618,-0.01214243471622467,2.536363124847412,-0.011414596810936928,2.8788094520568848,-0.01866638846695423,3.2141165733337402,-0.02258547767996788,3.55947208404541,-0.03229329362511635,3.8838846683502197,-0.045589011162519455,4.210696697235107,-0.042681917548179626
8fe2dd6f533646b39c8e81316597c52b,,0.01442321203649044,-0.0052359262481331825,0.01628279872238636,-0.00492048216983676,0.012729630805552006,-0.0005599966971203685,0.03378665819764137,-0.011873293668031693,0.05519494041800499,-0.0060591320507228374,0.08163677155971527,-0.0141533724963665,0.11481928825378418,-0.005758436396718025,0.1437372863292694,-0.0037747190799564123,0.19069737195968628,0.004183798097074032,0.23190413415431976,0.0004366350476630032,0.2815193831920624,-0.000508368422742933,0.33573487401008606,0.0071884626522660255
599c50b42e294116bd702c9e5cc830a3,stay in the left lane while approaching the roundabout,0.233749121427536,-0.012667716480791569,0.5136376619338989,-0.020536361262202263,0.752912163734436,-0.06141968071460724,1.0092962980270386,-0.08496244251728058,1.2288029193878174,-0.11322923004627228,1.4800338745117188,-0.15705688297748566,1.721609115600586,-0.1983366757631302,1.9515016078948975,-0.2552008032798767,2.181232452392578,-0.3110806345939636,2.4289591312408447,-0.3673434853553772,2.646728992462158,-0.4393104910850525,2.883220911026001,-0.48518842458724976
599c50b42e294116bd702c9e5cc830a3,,0.23374907672405243,-0.012667716480791569,0.5136376619338989,-0.020536359399557114,0.7529122829437256,-0.06141966953873634,1.0092964172363281,-0.08496244251728058,1.228803038597107,-0.11322921514511108,1.4800338745117188,-0.15705689787864685,1.7216086387634277,-0.1983366459608078,1.9515020847320557,-0.2552008330821991,2.181232452392578,-0.31108060479164124,2.4289588928222656,-0.3673435151576996,2.646728992462158,-0.4393104016780853,2.883220672607422,-0.48518842458724976
09f67057dd8346388b28f79d9bb1cf04,continue on this road,0.21212396025657654,-0.008028103969991207,0.4705107510089874,-0.010488223284482956,0.6919293999671936,-0.04265616089105606,0.9295244812965393,-0.056888237595558167,1.1363085508346558,-0.07096756249666214,1.3720252513885498,-0.10098355263471603,1.6011675596237183,-0.12632206082344055,1.8178125619888306,-0.1628190129995346,2.0436198711395264,-0.20215056836605072,2.274841785430908,-0.23965881764888763,2.489064931869507,-0.2842361629009247,2.711911201477051,-0.3135823607444763
09f67057dd8346388b28f79d9bb1cf04,Shift to the right lane,0.21212396025657654,-0.008028103038668633,0.4705107510089874,-0.010488222353160381,0.6919293999671936,-0.04265616089105606,0.9295244812965393,-0.05688822641968727,1.1363085508346558,-0.07096755504608154,1.3720252513885498,-0.10098354518413544,1.6011675596237183,-0.12632204592227936,1.8178125619888306,-0.1628190129995346,2.0436198711395264,-0.20215055346488953,2.2748420238494873,-0.23965875804424286,2.489064931869507,-0.2842361629009247,2.71191143989563,-0.3135823607444763
09f67057dd8346388b28f79d9bb1cf04,Make a right turn,0.21212396025657654,-0.008028103969991207,0.4705107510089874,-0.010488223284482956,0.6919293999671936,-0.04265616089105606,0.9295244812965393,-0.05688823014497757,1.1363085508346558,-0.07096755504608154,1.3720252513885498,-0.10098355263471603,1.6011675596237183,-0.12632206082344055,1.8178125619888306,-0.1628190129995346,2.0436198711395264,-0.20215055346488953,2.2748420238494873,-0.23965881764888763,2.489064931869507,-0.2842361629009247,2.71191143989563,-0.3135823607444763
09f67057dd8346388b28f79d9bb1cf04,,0.21212396025657654,-0.008028103038668633,0.4705107510089874,-0.010488221421837807,0.6919293999671936,-0.04265616089105606,0.9295244812965393,-0.05688822269439697,1.1363085508346558,-0.07096754759550095,1.3720252513885498,-0.10098353028297424,1.6011675596237183,-0.12632204592227936,1.8178125619888306,-0.16281898319721222,2.0436198711395264,-0.20215052366256714,2.2748420238494873,-0.23965875804424286,2.489064931869507,-0.2842361330986023,2.71191143989563,-0.31358227133750916
e12dee10fe2545e4ab88459ed4268bc6,,0.012551845982670784,-0.004682225175201893,0.02935004234313965,-0.005815493408590555,0.050834476947784424,-0.010661778040230274,0.09815961867570877,-0.006288889329880476,0.11735996603965759,-0.01699662022292614,0.18717741966247559,-0.013498909771442413,0.24479228258132935,-0.01084194891154766,0.3026732802391052,-0.017194882035255432,0.3627658486366272,-0.01771499589085579,0.4477018713951111,-0.008398911915719509,0.5099278688430786,-0.010932667180895805,0.5935997366905212,-0.013118302449584007
e12dee10fe2545e4ab88459ed4268bc6,Stop before the crosswalk to allow the pedestrians to cross through. Then proceed forward once it is clear,0.01255186740309,-0.004682222846895456,0.029350100085139275,-0.005815490614622831,0.050834573805332184,-0.0106617771089077,0.09815972298383713,-0.006288888864219189,0.11736011505126953,-0.01699662394821644,0.1871776282787323,-0.013498916290700436,0.24479246139526367,-0.010841960087418556,0.3026735186576843,-0.01719490997493267,0.3627660572528839,-0.01771502010524273,0.44770219922065735,-0.008398943580687046,0.5099281668663025,-0.010932698845863342,0.5936000347137451,-0.013118341565132141
3032b651c72e4b5c86d4dea1b4930689,turn left at the intersection,0.2408536970615387,-0.002705805469304323,0.5323911905288696,0.011911115609109402,0.7955806255340576,0.014930755831301212,1.061038851737976,0.03861600160598755,1.3078999519348145,0.07396147400140762,1.5635607242584229,0.09910067915916443,1.8233840465545654,0.1329728066921234,2.0764107704162598,0.1706201434135437,2.334022283554077,0.1999714970588684,2.581820011138916,0.23581737279891968,2.82879376411438,0.2685907185077667,3.0648193359375,0.3134417235851288
3032b651c72e4b5c86d4dea1b4930689,take a left turn,0.2408536970615387,-0.002705806167796254,0.5323911309242249,0.011911113746464252,0.7955806255340576,0.01493075117468834,1.061038851737976,0.03861599788069725,1.3078999519348145,0.07396146655082703,1.5635607242584229,0.09910066425800323,1.8233840465545654,0.1329728066921234,2.0764107704162598,0.1706201434135437,2.334022283554077,0.1999714970588684,2.581820011138916,0.23581735789775848,2.82879376411438,0.26859065890312195,3.0648193359375,0.3134417235851288
3032b651c72e4b5c86d4dea1b4930689,Make a left turn,0.2408536970615387,-0.002705806167796254,0.5323911309242249,0.011911113746464252,0.7955806255340576,0.01493075117468834,1.061038851737976,0.03861599788069725,1.3078999519348145,0.07396146655082703,1.5635607242584229,0.09910067170858383,1.8233840465545654,0.1329728066921234,2.0764107704162598,0.1706201434135437,2.334022283554077,0.1999714970588684,2.581820011138916,0.23581735789775848,2.82879376411438,0.26859065890312195,3.0648193359375,0.3134417235851288
3032b651c72e4b5c86d4dea1b4930689,Allow the oncoming vehicle to pass before taking a left turn,0.2408536970615387,-0.002705806167796254,0.5323911309242249,0.011911113746464252,0.7955806255340576,0.01493075117468834,1.061038851737976,0.03861599415540695,1.3078999519348145,0.07396146655082703,1.5635607242584229,0.09910066425800323,1.8233840465545654,0.1329728066921234,2.0764107704162598,0.1706201434135437,2.334022283554077,0.1999714970588684,2.581820011138916,0.2358173429965973,2.82879376411438,0.26859065890312195,3.0648193359375,0.3134417235851288
32bae098e2434a09af1e7983e31fbf5c,,0.268587201833725,-0.008662017062306404,0.5823575258255005,0.002941376529633999,0.8697856068611145,-0.017094222828745842,1.1474411487579346,-0.001568635692819953,1.4028366804122925,0.005871407687664032,1.6792551279067993,0.013799811713397503,1.9499783515930176,0.01489550806581974,2.205216884613037,0.018463002517819405,2.4757580757141113,0.018111584708094597,2.7216062545776367,0.015555963851511478,2.9749250411987305,0.020399359986186028,3.2196033000946045,0.01678313873708248
d4d2faa310a748dda508d15c6d5c4244,,0.18908970057964325,-0.005886738654226065,0.4109385311603546,-0.0015787704614922404,0.6062187552452087,-0.01538525428622961,0.8056609630584717,-0.007273511029779911,0.9830918908119202,-0.0001618622918613255,1.1760748624801636,0.0027295281179249287,1.3709691762924194,0.002969116438180208,1.564371109008789,0.004316605161875486,1.751278042793274,0.007475747726857662,1.9399962425231934,0.005981535650789738,2.1255717277526855,0.003025439567863941,2.317422389984131,0.011185173876583576
7bbc6931b39b4ba3834240618fc4a4c2,,0.2306879609823227,-0.007761700078845024,0.49943023920059204,-0.0012797752860933542,0.7415390610694885,-0.018030552193522453,0.9879817366600037,-0.010583505034446716,1.2053217887878418,-0.0049356198869645596,1.4462852478027344,-0.005022397264838219,1.6849894523620605,-0.005671787541359663,1.910398244857788,-0.007957477122545242,2.1425015926361084,-0.013305332511663437,2.370025873184204,-0.01925595849752426,2.5906262397766113,-0.027173258364200592,2.810312509536743,-0.026529114693403244
d9161e521b1644cea4cb9e3f21ef9f79,turn left here,0.020033808425068855,-0.0040147071704268456,0.048372067511081696,-0.005306886974722147,0.07131130993366241,-0.0056222002021968365,0.11865933239459991,-0.008776701986789703,0.15867739915847778,-0.008906958624720573,0.21779868006706238,-0.012531189247965813,0.27829235792160034,-0.006958692334592342,0.3447690010070801,-0.009226216934621334,0.41319891810417175,-0.0030154322739690542,0.49508410692214966,0.0013509616255760193,0.5685134530067444,-0.004323494154959917,0.6581149697303772,0.0018040704308077693
d9161e521b1644cea4cb9e3f21ef9f79,take left and merge onto the left lane,0.020033810287714005,-0.004014706704765558,0.048372067511081696,-0.00530688650906086,0.0713113322854042,-0.005622202530503273,0.1186593696475029,-0.008776698261499405,0.15867742896080017,-0.008906961418688297,0.21779870986938477,-0.012531186453998089,0.27829238772392273,-0.006958694197237492,0.34476903080940247,-0.009226223453879356,0.41319894790649414,-0.00301543902605772,0.49508413672447205,0.0013509587151929736,0.5685134530067444,-0.004323494154959917,0.6581149697303772,0.0018040594877675176
d9161e521b1644cea4cb9e3f21ef9f79,Make the left turn once all cars from the right have passed,0.0200338251888752,-0.004014704842120409,0.04837209731340408,-0.005306883715093136,0.07131139189004898,-0.0056222048588097095,0.11865944415330887,-0.008776688948273659,0.15867750346660614,-0.008906964212656021,0.21779881417751312,-0.012531181797385216,0.2782925069332123,-0.006958700250834227,0.34476912021636963,-0.009226239286363125,0.4131990969181061,-0.0030154515989124775,0.4950842261314392,0.0013509478885680437,0.5685135126113892,-0.004323506727814674,0.658115029335022,0.0018040296854451299
d9161e521b1644cea4cb9e3f21ef9f79,Make a left turn when they're no oncoming vehicles,0.020033808425068855,-0.0040147071704268456,0.048372067511081696,-0.005306886974722147,0.07131130993366241,-0.0056222002021968365,0.11865933239459991,-0.008776701986789703,0.15867739915847778,-0.008906958624720573,0.21779868006706238,-0.012531189247965813,0.27829235792160034,-0.006958692334592342,0.34476903080940247,-0.009226218797266483,0.41319891810417175,-0.0030154322739690542,0.49508410692214966,0.0013509610434994102,0.5685134530067444,-0.004323495086282492,0.6581149697303772,0.0018040675204247236
f634de95cc7043b8b38ceaac67d472cf,follow the car a head into the right turn lane,0.23950478434562683,-0.008630705997347832,0.526414155960083,-0.004015037789940834,0.784058153629303,-0.02295868843793869,1.0499064922332764,-0.018381599336862564,1.2825322151184082,-0.017824646085500717,1.5459142923355103,-0.023181457072496414,1.802419662475586,-0.026856224983930588,2.0454928874969482,-0.03775789588689804,2.293480396270752,-0.04986647889018059,2.547882556915283,-0.058717332780361176,2.7821452617645264,-0.07675537467002869,3.021984577178955,-0.08101100474596024
f634de95cc7043b8b38ceaac67d472cf,,0.23950478434562683,-0.008630705997347832,0.5264140963554382,-0.004015038255602121,0.7840582132339478,-0.02295868843793869,1.0499063730239868,-0.018381597474217415,1.2825323343276978,-0.017824647948145866,1.5459145307540894,-0.023181458935141563,1.802419662475586,-0.026856226846575737,2.0454928874969482,-0.03775789216160774,2.293480634689331,-0.049866482615470886,2.547882556915283,-0.058717336505651474,2.7821452617645264,-0.07675538212060928,3.021984815597534,-0.08101100474596024
4f679c8f8f6d4f5d8466253dda4733ba,,0.014423628337681293,-0.005235875491052866,0.01628337986767292,-0.004920349456369877,0.012731099501252174,-0.0005598757416009903,0.033787988126277924,-0.011873058043420315,0.055196329951286316,-0.0060589928179979324,0.08163882791996002,-0.014153150841593742,0.11482100188732147,-0.005758502054959536,0.1437380015850067,-0.003774885553866625,0.1906985342502594,0.004183909855782986,0.23190447688102722,0.00043658106005750597,0.28151923418045044,-0.0005081332637928426,0.3357336223125458,0.007188054732978344
2175d0e84f224ea69907e5c338bde395,follow the car ahead and turn right into the connecting road,0.17298701405525208,-0.009734070859849453,0.38311588764190674,-0.01921401359140873,0.5814495086669922,-0.05739336460828781,0.782317578792572,-0.08606711775064468,0.979265570640564,-0.11680172383785248,1.1872040033340454,-0.16213379800319672,1.4016082286834717,-0.2092553973197937,1.6142668724060059,-0.2615833580493927,1.8375015258789062,-0.32023823261260986,2.04970645904541,-0.38520348072052,2.263550043106079,-0.4484337568283081,2.4740071296691895,-0.5104781985282898
2175d0e84f224ea69907e5c338bde395,take a right a turn and follow the gray car,0.17298701405525208,-0.009734070859849453,0.38311588764190674,-0.01921401359140873,0.5814495086669922,-0.05739336460828781,0.782317578792572,-0.08606711775064468,0.979265570640564,-0.11680172383785248,1.1872040033340454,-0.16213379800319672,1.4016082286834717,-0.2092553973197937,1.6142668724060059,-0.2615833580493927,1.8375015258789062,-0.32023823261260986,2.04970645904541,-0.38520348072052,2.263550043106079,-0.4484337568283081,2.4740071296691895,-0.5104781985282898
2175d0e84f224ea69907e5c338bde395,Make the right turn,0.17298701405525208,-0.009734070859849453,0.38311588764190674,-0.01921401545405388,0.5814495086669922,-0.05739336833357811,0.782317578792572,-0.08606711775064468,0.979265570640564,-0.11680172383785248,1.1872040033340454,-0.16213379800319672,1.4016082286834717,-0.2092553973197937,1.6142668724060059,-0.2615833580493927,1.8375015258789062,-0.32023823261260986,2.04970645904541,-0.38520348072052,2.263550043106079,-0.4484337568283081,2.4740071296691895,-0.5104781985282898
2175d0e84f224ea69907e5c338bde395,Follow the vehicle directly ahead,0.17298701405525208,-0.009734070859849453,0.38311588764190674,-0.01921401359140873,0.5814495086669922,-0.05739336460828781,0.782317578792572,-0.08606711775064468,0.979265570640564,-0.11680172383785248,1.1872040033340454,-0.16213379800319672,1.4016082286834717,-0.2092553973197937,1.6142668724060059,-0.2615833580493927,1.8375015258789062,-0.32023823261260986,2.04970645904541,-0.38520348072052,2.263550043106079,-0.4484337568283081,2.4740071296691895,-0.5104781985282898
bc5daf905b854dbc8944811c4b7c319d,,0.563714325428009,-0.0021112821996212006,1.2582628726959229,0.004442981909960508,1.897635817527771,0.007216256577521563,2.506129264831543,0.01608872227370739,3.1050238609313965,0.02925560250878334,3.7000515460968018,0.03319491818547249,4.286632537841797,0.0549188107252121,4.877439022064209,0.05538918077945709,5.457699298858643,0.06396123766899109,6.041737079620361,0.07714814692735672,6.600119590759277,0.06511184573173523,7.159063339233398,0.09746910631656647
add2303ca41d445c8339e05769745fc0,,0.34596407413482666,-0.009759841486811638,0.7688637971878052,8.178444659279194e-06,1.1520211696624756,-0.014713658951222897,1.526058316230774,-0.007104481570422649,1.8807168006896973,0.0036806692369282246,2.245832681655884,0.002891614567488432,2.613480806350708,0.009127526544034481,2.971294403076172,0.007489916868507862,3.326183795928955,0.0016129770083352923,3.68607497215271,-0.0025116070173680782,4.0271315574646,-0.009646083228290081,4.364478588104248,-0.005798751953989267
add2303ca41d445c8339e05769745fc0,take a left turn and wait for the car to exit the driveway,0.34596407413482666,-0.009759841486811638,0.7688637971878052,8.178731150110252e-06,1.1520211696624756,-0.014713659882545471,1.526058316230774,-0.007104480639100075,1.8807168006896973,0.003680670401081443,2.245832681655884,0.0028916154988110065,2.613480806350708,0.009127526544034481,2.971294403076172,0.007489919196814299,3.326183795928955,0.0016129793366417289,3.68607497215271,-0.002511602360755205,4.0271315574646,-0.009646078571677208,4.364478588104248,-0.005798747297376394
add2303ca41d445c8339e05769745fc0,Make a left turn and continue down the road,0.34596407413482666,-0.009759841486811638,0.7688637971878052,8.178731150110252e-06,1.1520211696624756,-0.014713659882545471,1.526058316230774,-0.007104480639100075,1.8807168006896973,0.0036806692369282246,2.245832681655884,0.002891614567488432,2.613480806350708,0.009127526544034481,2.971294403076172,0.007489919196814299,3.326183795928955,0.0016129770083352923,3.68607497215271,-0.002511602360755205,4.0271315574646,-0.009646081365644932,4.364478588104248,-0.005798749625682831
add2303ca41d445c8339e05769745fc0,Make a left turn,0.34596407413482666,-0.009759841486811638,0.7688637971878052,8.178301868611015e-06,1.1520211696624756,-0.014713659882545471,1.526058316230774,-0.007104481570422649,1.8807168006896973,0.0036806692369282246,2.245832681655884,0.0028916134033352137,2.613480806350708,0.009127523750066757,2.971294403076172,0.0074899145402014256,3.326183795928955,0.001612972468137741,3.68607497215271,-0.0025116093456745148,4.0271315574646,-0.009646087884902954,4.364478588104248,-0.00579875661060214
6af9b75e439e4811ad3b04dc2220657a,,0.3503159284591675,-0.008995882235467434,0.774690568447113,0.002296647522598505,1.1618685722351074,-0.006885542534291744,1.5374023914337158,0.0039896657690405846,1.893137812614441,0.018312495201826096,2.258345603942871,0.024762120097875595,2.627255439758301,0.036314405500888824,2.9889142513275146,0.04241156205534935,3.343350648880005,0.04651392251253128,3.7049238681793213,0.04933393374085426,4.048853397369385,0.05034033954143524,4.388156414031982,0.06491584330797195
f97bf749746c4c3a8ad9f1c11eab6444,turn right into the connecting road,0.1406688392162323,-0.008566596545279026,0.3327711820602417,-0.01445724070072174,0.5032569766044617,-0.04624529182910919,0.6813822388648987,-0.05550438538193703,0.840015709400177,-0.08645986765623093,1.0280072689056396,-0.11244456470012665,1.2146127223968506,-0.14040660858154297,1.4124481678009033,-0.18012656271457672,1.5905903577804565,-0.22233757376670837,1.8010863065719604,-0.24800565838813782,1.981528401374817,-0.2953164577484131,2.1786012649536133,-0.33653661608695984
f97bf749746c4c3a8ad9f1c11eab6444,stop right before the right turn and wait for the biker to pass and then take the right turn,0.1406688392162323,-0.008566596545279026,0.3327711820602417,-0.014457239769399166,0.5032570958137512,-0.046245284378528595,0.6813822388648987,-0.05550438538193703,0.8400157690048218,-0.08645986020565033,1.0280073881149292,-0.11244456470012665,1.2146129608154297,-0.14040659368038177,1.4124482870101929,-0.18012653291225433,1.5905905961990356,-0.22233755886554718,1.80108642578125,-0.24800564348697662,1.9815285205841064,-0.2953163981437683,2.1786017417907715,-0.33653661608695984
f97bf749746c4c3a8ad9f1c11eab6444,Make the right turn only once all oncoming cars have passed,0.1406688392162323,-0.008566596545279026,0.3327711820602417,-0.014457239769399166,0.5032570958137512,-0.04624529182910919,0.6813822388648987,-0.05550438538193703,0.8400157690048218,-0.08645986020565033,1.0280073881149292,-0.11244456470012665,1.2146128416061401,-0.14040660858154297,1.4124482870101929,-0.18012656271457672,1.5905903577804565,-0.22233757376670837,1.8010865449905396,-0.24800564348697662,1.9815285205841064,-0.2953164279460907,2.1786017417907715,-0.33653661608695984
f97bf749746c4c3a8ad9f1c11eab6444,Allow the oncoming vehicle to pass and then make a right,0.1406688541173935,-0.008566596545279026,0.3327712416648865,-0.014457238838076591,0.5032570958137512,-0.04624529182910919,0.681382417678833,-0.05550438165664673,0.8400160074234009,-0.08645987510681152,1.0280073881149292,-0.11244456470012665,1.2146130800247192,-0.14040660858154297,1.4124484062194824,-0.18012656271457672,1.5905907154083252,-0.22233757376670837,1.801086664199829,-0.24800565838813782,1.9815287590026855,-0.2953163981437683,2.1786019802093506,-0.33653661608695984
6498fce2f38645fc9bf9d4464b159230,turn left at the signal,0.0599956251680851,-0.004502810072153807,0.13526545464992523,-0.0045775785110890865,0.19916200637817383,-0.006044674199074507,0.28756585717201233,-0.012409807182848454,0.372151643037796,-0.00696210004389286,0.46826890110969543,-0.015433876775205135,0.5685809254646301,-0.009763306006789207,0.6685564517974854,-0.012554323300719261,0.7799615859985352,-0.01058686152100563,0.893589437007904,-0.013268948532640934,1.004328966140747,-0.020355449989438057,1.1233327388763428,-0.014968209899961948
6498fce2f38645fc9bf9d4464b159230,Take a left turn at the intersection,0.059995632618665695,-0.00450280774384737,0.13526548445224762,-0.004577575251460075,0.1991620659828186,-0.00604467187076807,0.2875658869743347,-0.01240980438888073,0.3721516728401184,-0.00696210004389286,0.4682689905166626,-0.015433872118592262,0.5685810446739197,-0.009763315320014954,0.6685565114021301,-0.012554336339235306,0.7799617052078247,-0.010586862452328205,0.893589437007904,-0.013268961571156979,1.0043290853500366,-0.020355453714728355,1.1233327388763428,-0.014968231320381165
6498fce2f38645fc9bf9d4464b159230,Make the left turn at the intersection,0.059995632618665695,-0.00450280774384737,0.13526548445224762,-0.004577575251460075,0.1991620659828186,-0.006044671405106783,0.2875658869743347,-0.012409805320203304,0.3721516728401184,-0.00696210004389286,0.4682689905166626,-0.015433872118592262,0.5685810446739197,-0.009763315320014954,0.6685565114021301,-0.012554336339235306,0.7799617052078247,-0.010586859658360481,0.893589437007904,-0.013268960639834404,1.004328966140747,-0.020355453714728355,1.1233327388763428,-0.014968231320381165
6498fce2f38645fc9bf9d4464b159230,Take a left at the light,0.05999564379453659,-0.00450280774384737,0.13526548445224762,-0.0045775738544762135,0.199162095785141,-0.006044670008122921,0.2875659167766571,-0.01240980252623558,0.3721517026424408,-0.0069620986469089985,0.4682689905166626,-0.015433871187269688,0.5685810446739197,-0.009763319045305252,0.6685565114021301,-0.012554341927170753,0.7799617052078247,-0.01058686152100563,0.893589437007904,-0.013268964365124702,1.0043290853500366,-0.020355453714728355,1.1233328580856323,-0.01496824435889721
865c607c8ef44f13b39744a0de110740,,0.6017294526100159,0.006377608515322208,1.3399837017059326,0.007218629587441683,2.020975351333618,0.019321056082844734,2.674715518951416,0.02172178030014038,3.3245720863342285,0.041624948382377625,3.9594197273254395,0.039347093552351,4.582616806030273,0.06981829553842545,5.213877201080322,0.0745391994714737,5.845947742462158,0.08024008572101593,6.464503765106201,0.10282197594642639,7.067984580993652,0.08595621585845947,7.664286136627197,0.1326962411403656
d25718445d89453381c659b9c8734939,,0.5170865058898926,-0.004302881192415953,1.159523844718933,0.009346370585262775,1.7493877410888672,0.01192185003310442,2.310148000717163,0.027878781780600548,2.859687328338623,0.05172907933592796,3.411062717437744,0.0648064836859703,3.957653284072876,0.09299066662788391,4.504242897033691,0.10450327396392822,5.0416741371154785,0.12191658467054367,5.584875583648682,0.14019405841827393,6.105504512786865,0.14968061447143555,6.623201847076416,0.18333008885383606
d25718445d89453381c659b9c8734939,Take a left turn and follow the black car,0.5170865654945374,-0.004302881192415953,1.159523606300354,0.0093463696539402,1.7493876218795776,0.01192184817045927,2.310148239135742,0.027878783643245697,2.859687328338623,0.051729075610637665,3.411062717437744,0.0648064836859703,3.957653045654297,0.09299067407846451,4.504242897033691,0.10450324416160583,5.041674613952637,0.12191659957170486,5.584876537322998,0.14019404351711273,6.105504512786865,0.14968061447143555,6.623201847076416,0.18333011865615845
980ddcb62e294608bd4235b0dfd517f4,turn left at the end of the road and turn left again into the first connecting road,0.21329744160175323,0.0001579099043738097,0.48994719982147217,0.015864236280322075,0.738719642162323,0.023455973714590073,0.9907824397087097,0.05872325226664543,1.2142754793167114,0.09551088511943817,1.4665043354034424,0.13731300830841064,1.7097874879837036,0.1853911131620407,1.950918436050415,0.23105159401893616,2.185863971710205,0.2848185896873474,2.4390928745269775,0.3485560417175293,2.66433048248291,0.3912896513938904,2.906834125518799,0.45282796025276184
980ddcb62e294608bd4235b0dfd517f4,Take a left turn and the take another left turn,0.21329744160175323,0.00015790932229720056,0.48994719982147217,0.015864236280322075,0.738719642162323,0.023455969989299774,0.9907824397087097,0.05872324854135513,1.2142754793167114,0.09551087766885757,1.4665043354034424,0.13731302320957184,1.709787368774414,0.18539109826087952,1.950918436050415,0.23105159401893616,2.185863971710205,0.2848185896873474,2.4390928745269775,0.3485560715198517,2.66433048248291,0.3912896513938904,2.906834125518799,0.45282799005508423
980ddcb62e294608bd4235b0dfd517f4,Make a left turn,0.21329745650291443,0.0001579099043738097,0.48994719982147217,0.015864236280322075,0.738719642162323,0.023455973714590073,0.9907824397087097,0.05872324854135513,1.2142754793167114,0.09551088511943817,1.4665043354034424,0.13731302320957184,1.7097874879837036,0.18539109826087952,1.9509186744689941,0.23105162382125854,2.185863971710205,0.2848185896873474,2.4390928745269775,0.3485560417175293,2.66433048248291,0.3912896513938904,2.906834125518799,0.45282796025276184
980ddcb62e294608bd4235b0dfd517f4,Make the next left turn,0.21329745650291443,0.00015790961333550513,0.48994719982147217,0.015864234417676926,0.7387195825576782,0.023455969989299774,0.9907824397087097,0.05872324854135513,1.2142754793167114,0.09551088511943817,1.4665043354034424,0.13731302320957184,1.7097874879837036,0.18539109826087952,1.9509186744689941,0.23105159401893616,2.185863971710205,0.2848185896873474,2.4390928745269775,0.3485560417175293,2.66433048248291,0.3912896513938904,2.906834125518799,0.45282793045043945
980ddcb62e294608bd4235b0dfd517f4,Make a left turn and after continuing straight for a bit make another left turn,0.21329744160175323,0.00015790932229720056,0.48994719982147217,0.015864236280322075,0.738719642162323,0.023455969989299774,0.9907824397087097,0.05872324854135513,1.2142753601074219,0.09551088511943817,1.4665043354034424,0.13731302320957184,1.7097872495651245,0.18539109826087952,1.950918436050415,0.23105157911777496,2.185863971710205,0.2848185896873474,2.4390928745269775,0.3485560715198517,2.66433048248291,0.3912896513938904,2.906834125518799,0.45282796025276184
d2db9f5df62c4d338d3bed43f616b954,,0.3137906789779663,-0.010001148097217083,0.6869227886199951,-0.00043917482253164053,1.0229111909866333,-0.017172308638691902,1.355276107788086,-0.009637085720896721,1.6613883972167969,-0.0014615976251661777,1.9835798740386963,-0.0020971482153981924,2.3049521446228027,0.0012840812560170889,2.611433744430542,-0.0007156477659009397,2.9217567443847656,-0.006704466883093119,3.23065185546875,-0.012519696727395058,3.5257647037506104,-0.021557562053203583,3.816253423690796,-0.01851911097764969
1be49200788d4e38ae4496b27b233ccb,,0.039600808173418045,-0.004410731606185436,0.08946367353200912,-0.005921609234064817,0.12949055433273315,-0.008542876690626144,0.194319486618042,-0.01344653032720089,0.24987660348415375,-0.012379853054881096,0.3236508071422577,-0.019279327243566513,0.39840129017829895,-0.015623271465301514,0.4759711027145386,-0.01992912031710148,0.5577225089073181,-0.018577419221401215,0.6501007080078125,-0.01855883188545704,0.7345998287200928,-0.026204468682408333,0.8329564332962036,-0.021746085956692696
cfa36eca40364e5bb15f550a077a21c5,when there are no approaching cars turn right,0.2638469636440277,-0.010935189202427864,0.5957103967666626,-0.012764113023877144,0.8989770412445068,-0.04284541308879852,1.1958305835723877,-0.05858859792351723,1.4843449592590332,-0.07855479419231415,1.7839782238006592,-0.10991290956735611,2.086313247680664,-0.1370745450258255,2.3871474266052246,-0.17620991170406342,2.6868221759796143,-0.21683958172798157,2.993730068206787,-0.2575058341026306,3.2822957038879395,-0.30681732296943665,3.572986125946045,-0.3481666147708893
cfa36eca40364e5bb15f550a077a21c5,Take a right turn,0.2638469636440277,-0.010935189202427864,0.5957103967666626,-0.012764114886522293,0.8989770412445068,-0.04284541308879852,1.1958305835723877,-0.05858859792351723,1.484344720840454,-0.07855479419231415,1.7839782238006592,-0.10991290956735611,2.086313247680664,-0.1370745450258255,2.3871474266052246,-0.17620991170406342,2.6868221759796143,-0.21683958172798157,2.993730068206787,-0.2575058341026306,3.2822957038879395,-0.30681732296943665,3.572986125946045,-0.3481665849685669
cfa36eca40364e5bb15f550a077a21c5,Complete the right turn after all cars have passed,0.2638469636440277,-0.010935189202427864,0.5957103967666626,-0.012764114886522293,0.8989770412445068,-0.04284541308879852,1.1958305835723877,-0.05858859792351723,1.484344720840454,-0.07855479419231415,1.7839782238006592,-0.10991290956735611,2.086313247680664,-0.1370745450258255,2.3871474266052246,-0.17620991170406342,2.6868221759796143,-0.21683958172798157,2.993730068206787,-0.2575058341026306,3.2822957038879395,-0.30681732296943665,3.572986125946045,-0.3481665849685669
cfa36eca40364e5bb15f550a077a21c5,Make a right turn at the light when it's safe to do so,0.2638469636440277,-0.010935189202427864,0.5957103967666626,-0.012764114886522293,0.8989770412445068,-0.04284541308879852,1.1958305835723877,-0.05858859792351723,1.484344720840454,-0.07855479419231415,1.7839782238006592,-0.10991290956735611,2.086313247680664,-0.1370745450258255,2.3871474266052246,-0.17620991170406342,2.6868221759796143,-0.21683958172798157,2.993730068206787,-0.2575058341026306,3.2822957038879395,-0.30681732296943665,3.572986125946045,-0.3481665849685669
04e5f089805540a5a9e73c1b7c54ee8c,,0.6276366114616394,0.005536145996302366,1.3968124389648438,0.011975301429629326,2.108978033065796,0.019880618900060654,2.785752534866333,0.007245416287332773,3.4601800441741943,0.02862142212688923,4.123073101043701,0.021997306495904922,4.766021728515625,0.04206351935863495,5.429741382598877,0.046143610030412674,6.088211536407471,0.03745771199464798,6.7363457679748535,0.05640614405274391,7.370401382446289,0.035750385373830795,7.998425483703613,0.07767359167337418
7ed1b613f0ee47ceaf6d19ca3947f825,,0.036531299352645874,-0.004606305155903101,0.07627259194850922,-0.004618461709469557,0.11064639687538147,-0.003681756556034088,0.16773320734500885,-0.009971531108021736,0.22095803916454315,-0.0058231963776052,0.28619372844696045,-0.011654664762318134,0.35566961765289307,-0.005505455192178488,0.42527511715888977,-0.005510732997208834,0.5063923597335815,0.000550596509128809,0.5877552032470703,-0.00011063677811762318,0.6701647639274597,-0.004848799202591181,0.7607446312904358,0.0011925902217626572
e1e664292aa144bc8d0d5d6441df084c,,0.35951656103134155,-0.011743046343326569,0.7933765053749084,-0.0014245237689465284,1.185628890991211,-0.018873225897550583,1.5735585689544678,-0.012203709222376347,1.9341537952423096,-0.0034769566264003515,2.307833433151245,-0.007787016686052084,2.6804420948028564,-0.0023250854574143887,3.0382864475250244,-0.0037600051146000624,3.398961305618286,-0.01778843253850937,3.759727954864502,-0.020002806559205055,4.098571300506592,-0.036757223308086395,4.424801826477051,-0.03318266570568085
c5b36e5275cc4a2285d095e87347c49a,turn right at the signal and merge into the left most lane,0.2206481546163559,-0.01067908015102148,0.5012701153755188,-0.019972972571849823,0.7551636099815369,-0.05900808051228523,1.0154781341552734,-0.08531017601490021,1.2655277252197266,-0.11335824429988861,1.5286210775375366,-0.15968219935894012,1.7954657077789307,-0.2016753852367401,2.061725616455078,-0.255856990814209,2.3277976512908936,-0.3160034418106079,2.6023778915405273,-0.37441766262054443,2.857577085494995,-0.4422461688518524,3.11739182472229,-0.4968377351760864
c5b36e5275cc4a2285d095e87347c49a,"turn right, switch lanes to the right",0.2206481546163559,-0.01067908015102148,0.5012701153755188,-0.019972972571849823,0.7551636099815369,-0.05900808051228523,1.0154781341552734,-0.08531017601490021,1.2655277252197266,-0.11335824429988861,1.5286210775375366,-0.15968219935894012,1.7954657077789307,-0.2016753852367401,2.061725616455078,-0.255856990814209,2.3277976512908936,-0.3160034418106079,2.6023778915405273,-0.37441766262054443,2.857577085494995,-0.4422461688518524,3.1173911094665527,-0.4968377351760864
c5b36e5275cc4a2285d095e87347c49a,Make a right turn,0.2206481546163559,-0.01067908015102148,0.5012701153755188,-0.019972972571849823,0.7551636099815369,-0.05900808051228523,1.0154781341552734,-0.08531017601490021,1.2655277252197266,-0.11335824429988861,1.5286210775375366,-0.15968219935894012,1.7954655885696411,-0.2016753852367401,2.061725378036499,-0.255856990814209,2.3277976512908936,-0.3160034418106079,2.6023778915405273,-0.37441766262054443,2.857577085494995,-0.4422461688518524,3.1173911094665527,-0.4968377351760864
64ca274b5f69458bb5d21e0e2e071902,,0.29301655292510986,-0.007906505838036537,0.6382433176040649,0.005667135119438171,0.949703574180603,-0.0033042551949620247,1.2563509941101074,0.012238572351634502,1.5413163900375366,0.03139039874076843,1.8353173732757568,0.042036183178424835,2.133720874786377,0.058326005935668945,2.4172041416168213,0.07450424879789352,2.707470178604126,0.08215714246034622,2.9876749515533447,0.09230165928602219,3.263882637023926,0.10283157229423523,3.524852991104126,0.12112017720937729
64ca274b5f69458bb5d21e0e2e071902,follow the road,0.29301655292510986,-0.007906505838036537,0.6382433176040649,0.005667135119438171,0.949703574180603,-0.0033042551949620247,1.2563509941101074,0.012238572351634502,1.5413163900375366,0.03139039874076843,1.8353173732757568,0.042036183178424835,2.133720874786377,0.058326005935668945,2.4172041416168213,0.07450424879789352,2.707470178604126,0.08215714246034622,2.9876749515533447,0.09230165928602219,3.263882637023926,0.10283157229423523,3.524852991104126,0.12112017720937729
64ca274b5f69458bb5d21e0e2e071902,After crossing the first intersection stay on the left side of the road,0.29301655292510986,-0.007906505838036537,0.6382433176040649,0.005667135119438171,0.949703574180603,-0.0033042551949620247,1.2563509941101074,0.012238572351634502,1.5413163900375366,0.03139039874076843,1.8353173732757568,0.042036183178424835,2.133720874786377,0.058326005935668945,2.4172041416168213,0.07450424879789352,2.707470178604126,0.08215714246034622,2.9876749515533447,0.09230165928602219,3.263882637023926,0.10283157229423523,3.524852991104126,0.12112017720937729
fd0d4fdda5c04f7eb43ecd2097df56fa,,0.284078985452652,-0.011404739692807198,0.6174697279930115,-0.004783070180565119,0.9178125858306885,-0.02959299460053444,1.2143760919570923,-0.02563166432082653,1.4836875200271606,-0.029786257073283195,1.7739249467849731,-0.03542827069759369,2.059983730316162,-0.04309484735131264,2.3297805786132812,-0.05655330792069435,2.604926109313965,-0.0693470686674118,2.8795409202575684,-0.0858655646443367,3.139141321182251,-0.1055247038602829,3.399575710296631,-0.11655009537935257
23663ff8f4614b8bb005d67e51a69283,,0.014425014145672321,-0.00523569667711854,0.016285346820950508,-0.0049198949709534645,0.012736031785607338,-0.0005594702670350671,0.03379250317811966,-0.01187227200716734,0.055201027542352676,-0.006058528553694487,0.08164583891630173,-0.014152413234114647,0.11482694745063782,-0.0057587274350225925,0.1437402218580246,-0.003775444347411394,0.19070282578468323,0.004184282850474119,0.23190553486347198,0.0004363994812592864,0.2815183997154236,-0.0005073404754512012,0.33572909235954285,0.0071866982616484165
d58468c6097c425e89671a7b3f480acf,,0.2857013940811157,-0.009078403003513813,0.6408070921897888,-0.002430996624752879,0.9644457101821899,-0.02135969139635563,1.2877901792526245,-0.014688195660710335,1.5908851623535156,-0.008880840614438057,1.910308599472046,-0.014394610188901424,2.2290327548980713,-0.013677399605512619,2.5393385887145996,-0.018864959478378296,2.8534905910491943,-0.033594246953725815,3.1662542819976807,-0.03742072731256485,3.461925506591797,-0.053662922233343124,3.7516846656799316,-0.05794743821024895
d58468c6097c425e89671a7b3f480acf,go stright when the signal turns green,0.28570136427879333,-0.009078402072191238,0.6408071517944336,-0.0024309963919222355,0.9644457697868347,-0.02135968953371048,1.2877901792526245,-0.014688197523355484,1.5908851623535156,-0.008880840614438057,1.910308599472046,-0.01439460925757885,2.2290327548980713,-0.013677398674190044,2.5393388271331787,-0.018864957615733147,2.8534910678863525,-0.033594246953725815,3.166254758834839,-0.03742072358727455,3.4619252681732178,-0.05366292968392372,3.7516849040985107,-0.05794743075966835
d58468c6097c425e89671a7b3f480acf,Continue straight when the stpolight turns green,0.28570136427879333,-0.009078402072191238,0.6408071517944336,-0.0024309963919222355,0.9644457697868347,-0.02135968953371048,1.2877901792526245,-0.014688197523355484,1.5908851623535156,-0.008880840614438057,1.910308599472046,-0.01439460925757885,2.2290327548980713,-0.013677398674190044,2.5393388271331787,-0.018864957615733147,2.8534910678863525,-0.033594246953725815,3.166254758834839,-0.03742072358727455,3.4619252681732178,-0.05366292968392372,3.7516849040985107,-0.05794743075966835
3289046b886f4c98a676bd7e6a3c6ef1,,0.2645121216773987,-0.010298212058842182,0.5811940431594849,-0.0037373709492385387,0.8678024411201477,-0.02301301620900631,1.1557306051254272,-0.015502440743148327,1.4145429134368896,-0.016522612422704697,1.6976196765899658,-0.01730065606534481,1.9775911569595337,-0.01694653369486332,2.2482094764709473,-0.022535793483257294,2.5152711868286133,-0.03499433770775795,2.79227876663208,-0.038045477122068405,3.048241138458252,-0.04940571263432503,3.3040897846221924,-0.05168383568525314
3289046b886f4c98a676bd7e6a3c6ef1,stop before the crosswalk when the signal turns red,0.26451218128204346,-0.010298212990164757,0.5811941027641296,-0.0037373711820691824,0.8678025603294373,-0.02301301620900631,1.1557306051254272,-0.015502441674470901,1.4145426750183105,-0.016522612422704697,1.6976195573806763,-0.017300652340054512,1.9775912761688232,-0.016946526244282722,2.2482094764709473,-0.0225357785820961,2.5152711868286133,-0.03499433025717735,2.7922780513763428,-0.038045480847358704,3.04824161529541,-0.04940570145845413,3.3040897846221924,-0.05168381705880165
3014465d5958427aac89c4f15b6050dd,,0.2722269594669342,-0.010173647664487362,0.5904912948608398,-0.0020566934254020452,0.8783238530158997,-0.024512559175491333,1.1612434387207031,-0.016569802537560463,1.4182944297790527,-0.01617603190243244,1.6961517333984375,-0.01682661473751068,1.9698867797851562,-0.021053854376077652,2.228109121322632,-0.027939973399043083,2.4942383766174316,-0.03550109639763832,2.752382755279541,-0.04656403884291649,3.0034048557281494,-0.057340290397405624,3.252573251724243,-0.06450904905796051
65cfdc10a42e499ea704c617e077afe0,turn left into the intersection,0.15763312578201294,-0.0031448903027921915,0.3480091392993927,0.0034201103262603283,0.5248613953590393,0.0007576036732643843,0.6813446283340454,0.017995867878198624,0.8425599336624146,0.033694684505462646,0.995378851890564,0.057361070066690445,1.1592315435409546,0.07669267803430557,1.3363901376724243,0.10472787171602249,1.4925950765609741,0.14008624851703644,1.6536511182785034,0.16748157143592834,1.814448595046997,0.19463525712490082,1.9807862043380737,0.22281375527381897
65cfdc10a42e499ea704c617e077afe0,turn left at the intersection,0.15763314068317413,-0.0031448903027921915,0.3480091691017151,0.0034201110247522593,0.5248613953590393,0.0007576054194942117,0.6813446283340454,0.017995867878198624,0.8425600528717041,0.033694688230752945,0.995378851890564,0.057361070066690445,1.159231424331665,0.07669268548488617,1.3363901376724243,0.10472787916660309,1.4925950765609741,0.14008624851703644,1.6536511182785034,0.16748157143592834,1.814448595046997,0.1946352869272232,1.9807862043380737,0.22281375527381897
65cfdc10a42e499ea704c617e077afe0,turn left,0.15763314068317413,-0.0031448884401470423,0.34800922870635986,0.0034201168455183506,0.5248614549636841,0.0007576191565021873,0.6813446283340454,0.017995890229940414,0.8425601720809937,0.033694714307785034,0.9953790307044983,0.057361118495464325,1.1592316627502441,0.07669273018836975,1.3363901376724243,0.10472793877124786,1.4925951957702637,0.1400863379240036,1.6536513566970825,0.1674816757440567,1.814448595046997,0.19463539123535156,1.9807862043380737,0.2228139042854309
65cfdc10a42e499ea704c617e077afe0,Make a left turn once all of the pedestrians have crossed the crosswalk,0.15763314068317413,-0.0031448903027921915,0.3480091691017151,0.003420109860599041,0.5248613953590393,0.0007576054194942117,0.6813446283340454,0.017995864152908325,0.8425600528717041,0.03369468078017235,0.995378851890564,0.05736106261610985,1.159231424331665,0.07669266313314438,1.3363901376724243,0.1047278642654419,1.4925951957702637,0.14008623361587524,1.6536511182785034,0.16748155653476715,1.814448595046997,0.19463524222373962,1.9807862043380737,0.22281375527381897
727214583a2a478094d4f093d20c7060,,0.18845200538635254,-0.0075627281330525875,0.40484049916267395,-0.003590837586671114,0.5995656251907349,-0.021618086844682693,0.8020536303520203,-0.015371313318610191,0.9702702164649963,-0.017805904150009155,1.174948811531067,-0.01820313185453415,1.3692666292190552,-0.023775234818458557,1.5503127574920654,-0.03328036516904831,1.7382839918136597,-0.03851529210805893,1.9292643070220947,-0.04699305072426796,2.1076676845550537,-0.057216718792915344,2.2957332134246826,-0.06149870157241821
727214583a2a478094d4f093d20c7060,stop behind the bus at the intersection,0.18845199048519135,-0.007562727201730013,0.40484046936035156,-0.0035908380523324013,0.5995655655860901,-0.021618088707327843,0.8020535707473755,-0.015371316112577915,0.9702701568603516,-0.017805906012654305,1.174948811531067,-0.018203137442469597,1.3692665100097656,-0.023775236681103706,1.5503125190734863,-0.033280372619628906,1.7382838726043701,-0.038515303283929825,1.9292640686035156,-0.04699305072426796,2.1076674461364746,-0.05721673741936684,2.2957332134246826,-0.06149871647357941
a7d073bc435b4356a0a9a5ebfb61f229,,0.29151451587677,-0.01046005729585886,0.6418198347091675,-0.0036772829480469227,0.9578338861465454,-0.025490863248705864,1.2684575319290161,-0.020932046696543694,1.5585758686065674,-0.01772719994187355,1.8605624437332153,-0.024313507601618767,2.163294792175293,-0.027116013690829277,2.4545035362243652,-0.03415599837899208,2.748518943786621,-0.04904520884156227,3.0383989810943604,-0.0592058040201664,3.3160557746887207,-0.07551258057355881,3.58786940574646,-0.08336150646209717
85651af9c04945c3a394cf845cb480a6,,0.42426347732543945,-0.012083945795893669,0.946663498878479,-0.0006923076580278575,1.4218254089355469,-0.016438864171504974,1.8795428276062012,-0.008638150990009308,2.316779613494873,0.0004318916762713343,2.7628889083862305,-0.0010309695499017835,3.2086071968078613,0.0052435798570513725,3.6475419998168945,0.0012588056270033121,4.07627534866333,-0.007292337715625763,4.51570463180542,-0.010611752979457378,4.927454471588135,-0.024061111733317375,5.3350019454956055,-0.01963132992386818
112ca771e318478a88cfa692f61ffcac,at the stop sign turn left,0.061737556010484695,-0.0050001321360468864,0.1440936177968979,-0.008075268007814884,0.21049052476882935,-0.018260113894939423,0.3024781346321106,-0.017011987045407295,0.366944819688797,-0.02288242243230343,0.4647790789604187,-0.027654442936182022,0.5594177842140198,-0.029132774099707603,0.6621370911598206,-0.03909045830368996,0.7485990524291992,-0.04489653930068016,0.8678655624389648,-0.040965162217617035,0.9616712927818298,-0.05719864368438721,1.081254243850708,-0.05564288794994354
112ca771e318478a88cfa692f61ffcac,stop at the intersection then turn left,0.061737533658742905,-0.005000132601708174,0.14409354329109192,-0.008075269870460033,0.2104903906583786,-0.01826009899377823,0.30247795581817627,-0.01701199822127819,0.36694464087486267,-0.022882409393787384,0.464778870344162,-0.02765445038676262,0.5594174861907959,-0.02913276106119156,0.6621367335319519,-0.039090435951948166,0.7485986948013306,-0.04489649832248688,0.8678652048110962,-0.04096514359116554,0.961670994758606,-0.057198625057935715,1.081254005432129,-0.05564283952116966
112ca771e318478a88cfa692f61ffcac,turn left,0.061737533658742905,-0.0050001321360468864,0.1440935730934143,-0.008075270801782608,0.21049046516418457,-0.018260112032294273,0.3024780750274658,-0.017011990770697594,0.3669447600841522,-0.022882424294948578,0.46477892994880676,-0.02765444852411747,0.559417724609375,-0.029132775962352753,0.6621369123458862,-0.03909045457839966,0.7485989332199097,-0.044896528124809265,0.8678655028343201,-0.040965158492326736,0.9616712331771851,-0.057198651134967804,1.0812541246414185,-0.05564287677407265
112ca771e318478a88cfa692f61ffcac,Stop at the stopsign and make a left turn once all cars from the right side have passed,0.06173752248287201,-0.005000133533030748,0.14409354329109192,-0.008075271733105183,0.2104903608560562,-0.018260100856423378,0.30247795581817627,-0.01701200008392334,0.36694464087486267,-0.022882409393787384,0.464778870344162,-0.02765445038676262,0.5594174861907959,-0.029132762923836708,0.6621366739273071,-0.039090435951948166,0.7485986948013306,-0.04489649832248688,0.8678652048110962,-0.04096514359116554,0.9616708755493164,-0.05719862878322601,1.0812541246414185,-0.05564283952116966
73030fb67d3c46cfb5e590168088ae39,Turn right and move to the other lane carefully to avoid the trucks on the side of the road. Move back to other lane when the trucks clear up.,0.22924914956092834,-0.006127046421170235,0.5021566152572632,0.0024244484957307577,0.7471742033958435,-0.011032210662961006,0.9933682084083557,0.002284234156832099,1.2168010473251343,0.015615802258253098,1.4578675031661987,0.023594437167048454,1.698060154914856,0.030928969383239746,1.9300799369812012,0.03916642814874649,2.1661548614501953,0.045118190348148346,2.393770933151245,0.05057565122842789,2.6199135780334473,0.055197808891534805,2.8457882404327393,0.06616680324077606
73030fb67d3c46cfb5e590168088ae39,turn right and then slide into the left lane to avoid hitting the trucks,0.22924914956092834,-0.00612704548984766,0.5021566152572632,0.0024244484957307577,0.7471742033958435,-0.011032210662961006,0.9933682084083557,0.0022842364851385355,1.2168010473251343,0.015615802258253098,1.4578675031661987,0.023594437167048454,1.698060154914856,0.030928969383239746,1.9300799369812012,0.03916642814874649,2.1661548614501953,0.045118190348148346,2.393770933151245,0.050575658679008484,2.6199135780334473,0.0551978275179863,2.8457882404327393,0.06616682559251785
73030fb67d3c46cfb5e590168088ae39,"turn left into the road, Drive around road blockages",0.22924910485744476,-0.006127046421170235,0.5021566152572632,0.0024244477972388268,0.7471742033958435,-0.01103221345692873,0.9933682084083557,0.002284234156832099,1.2168010473251343,0.015615797601640224,1.4578675031661987,0.023594437167048454,1.698060154914856,0.030928960070014,1.9300799369812012,0.039166409522295,2.1661548614501953,0.045118171721696854,2.393770933151245,0.05057564005255699,2.6199135780334473,0.055197808891534805,2.8457882404327393,0.06616680324077606
73030fb67d3c46cfb5e590168088ae39,"Turn left, then stay on the right side to avoid hitting the person on the right side of the truck. Go back to left lane once obstructions on left lane are gone.",0.22924914956092834,-0.006127046421170235,0.5021566152572632,0.0024244484957307577,0.7471742033958435,-0.011032210662961006,0.9933682084083557,0.0022842318285256624,1.2168010473251343,0.015615802258253098,1.4578675031661987,0.023594437167048454,1.698060154914856,0.030928969383239746,1.9300799369812012,0.039166416972875595,2.1661548614501953,0.045118171721696854,2.393770933151245,0.05057565122842789,2.6199135780334473,0.055197808891534805,2.8457882404327393,0.06616680324077606
6f5133fe62b240e797bac25aeff8b531,Turn and merge onto the left lane. Follow the yellow car in front.,0.24214136600494385,-0.007853124290704727,0.5207287073135376,0.0008467313018627465,0.7687116265296936,-0.015170806087553501,1.014417052268982,-0.005204823333770037,1.2377861738204956,0.003251655725762248,1.4749878644943237,0.008165826089680195,1.713713526725769,0.0103300204500556,1.9405306577682495,0.012925338931381702,2.1713526248931885,0.01684572361409664,2.3935940265655518,0.011829172261059284,2.6167452335357666,0.01289727259427309,2.8385345935821533,0.01863798312842846
6f5133fe62b240e797bac25aeff8b531,stop at the intersection,0.24214136600494385,-0.007853124290704727,0.5207287073135376,0.0008467313018627465,0.7687116265296936,-0.015170806087553501,1.014417052268982,-0.005204823333770037,1.2377861738204956,0.003251655725762248,1.4749878644943237,0.008165826089680195,1.713713526725769,0.0103300204500556,1.9405306577682495,0.012925338931381702,2.1713526248931885,0.01684572361409664,2.3935940265655518,0.011829172261059284,2.6167452335357666,0.01289727259427309,2.8385345935821533,0.01863798312842846
6f5133fe62b240e797bac25aeff8b531,Follow the cones to merge onto the other lane,0.24214136600494385,-0.007853124290704727,0.5207287073135376,0.0008467313018627465,0.7687116265296936,-0.015170806087553501,1.014417052268982,-0.005204823333770037,1.2377861738204956,0.003251655725762248,1.4749878644943237,0.008165826089680195,1.713713526725769,0.0103300204500556,1.9405306577682495,0.012925338931381702,2.1713526248931885,0.01684572361409664,2.3935940265655518,0.011829172261059284,2.6167452335357666,0.01289727259427309,2.8385345935821533,0.01863798312842846
6f5133fe62b240e797bac25aeff8b531,"Switch to the left lane to avoid the construction on the right lane, and preceed on the right lane after the construction is clear.",0.24214136600494385,-0.007853124290704727,0.5207287073135376,0.0008467313018627465,0.7687116265296936,-0.015170806087553501,1.014417052268982,-0.005204823333770037,1.2377861738204956,0.003251655725762248,1.4749878644943237,0.008165826089680195,1.713713526725769,0.0103300204500556,1.9405306577682495,0.012925338931381702,2.1713526248931885,0.01684572361409664,2.3935940265655518,0.011829172261059284,2.6167452335357666,0.01289727259427309,2.8385345935821533,0.01863798312842846
d1e57234fd6a463d963670938f9f556e,Continue going on the same lane,0.14189904928207397,-0.00806290004402399,0.32476675510406494,-0.011013802140951157,0.489652156829834,-0.03415185585618019,0.6627784371376038,-0.03698115795850754,0.8197749853134155,-0.04991501197218895,1.0012668371200562,-0.06417009234428406,1.1776082515716553,-0.0798603966832161,1.3581976890563965,-0.10284248739480972,1.533590316772461,-0.12164464592933655,1.7205687761306763,-0.1368599236011505,1.8901283740997314,-0.1678251177072525,2.0775668621063232,-0.18916113674640656
d1e57234fd6a463d963670938f9f556e,Follow yellow bus.,0.14189904928207397,-0.00806290004402399,0.32476675510406494,-0.011013802140951157,0.489652156829834,-0.03415185585618019,0.6627784371376038,-0.03698115795850754,0.8197749853134155,-0.04991501569747925,1.0012668371200562,-0.06417009234428406,1.1776082515716553,-0.0798603966832161,1.3581976890563965,-0.10284248739480972,1.5335901975631714,-0.12164464592933655,1.7205687761306763,-0.1368599236011505,1.8901283740997314,-0.1678251177072525,2.0775668621063232,-0.18916113674640656
d1e57234fd6a463d963670938f9f556e,follow the orange bus,0.1418990194797516,-0.008062900975346565,0.32476669549942017,-0.01101380493491888,0.4896521270275116,-0.03415185585618019,0.6627783179283142,-0.036981161683797836,0.819774866104126,-0.04991501569747925,1.0012667179107666,-0.06417009234428406,1.1776080131530762,-0.0798603966832161,1.358197569847107,-0.10284248739480972,1.5335901975631714,-0.12164464592933655,1.7205687761306763,-0.1368599236011505,1.8901280164718628,-0.1678251177072525,2.0775668621063232,-0.18916112184524536
d1e57234fd6a463d963670938f9f556e,continue straight when vehicle in front starts continuing straight,0.1418990194797516,-0.008062900975346565,0.32476675510406494,-0.011013804003596306,0.489652156829834,-0.03415185585618019,0.6627783179283142,-0.036981161683797836,0.8197749257087708,-0.04991501569747925,1.0012667179107666,-0.06417009234428406,1.1776082515716553,-0.0798603966832161,1.358197569847107,-0.10284248739480972,1.5335901975631714,-0.12164464592933655,1.7205687761306763,-0.1368599236011505,1.8901283740997314,-0.1678251177072525,2.0775668621063232,-0.18916112184524536
d1e57234fd6a463d963670938f9f556e,Follow the orange bus.,0.1418990194797516,-0.008062900975346565,0.32476675510406494,-0.011013802140951157,0.489652156829834,-0.03415185585618019,0.6627783179283142,-0.03698115795850754,0.8197749853134155,-0.04991501197218895,1.0012667179107666,-0.06417009234428406,1.1776082515716553,-0.0798603966832161,1.3581976890563965,-0.10284248739480972,1.5335901975631714,-0.12164464592933655,1.7205687761306763,-0.1368599236011505,1.8901283740997314,-0.1678251177072525,2.0775668621063232,-0.18916113674640656
de943e246dad4ad686de98008a634ecf,Take a left turn and then continue going straight. Watch out for people crossing. Start moving to the left.,0.16892319917678833,-0.0005178250139579177,0.37041017413139343,0.008879883214831352,0.5414246320724487,0.013773784041404724,0.7249197363853455,0.03269561007618904,0.8891953229904175,0.06735935807228088,1.0574902296066284,0.08842407166957855,1.236616849899292,0.11710310727357864,1.4193148612976074,0.15138599276542664,1.5906872749328613,0.18240150809288025,1.764509677886963,0.21343141794204712,1.9409149885177612,0.24217942357063293,2.118013858795166,0.2917100489139557
de943e246dad4ad686de98008a634ecf,turn left,0.16892319917678833,-0.0005178251303732395,0.37041017413139343,0.008879885077476501,0.5414246320724487,0.013773784041404724,0.7249197363853455,0.03269561380147934,0.8891953825950623,0.06735935807228088,1.0574902296066284,0.08842407166957855,1.236616849899292,0.11710312962532043,1.4193148612976074,0.15138599276542664,1.5906873941421509,0.18240150809288025,1.764509677886963,0.2134314328432083,1.9409152269363403,0.24217942357063293,2.118014097213745,0.2917100489139557
de943e246dad4ad686de98008a634ecf,"turn left, make another left turn.",0.16892319917678833,-0.0005178254214115441,0.37041017413139343,0.008879885077476501,0.5414246320724487,0.013773784041404724,0.7249197363853455,0.03269561752676964,0.8891953229904175,0.06735935807228088,1.0574902296066284,0.08842407912015915,1.236616849899292,0.11710311472415924,1.4193148612976074,0.15138599276542664,1.5906872749328613,0.18240150809288025,1.764509677886963,0.21343141794204712,1.9409149885177612,0.24217942357063293,2.118013858795166,0.2917100489139557
de943e246dad4ad686de98008a634ecf,Turn left,0.16892319917678833,-0.0005178251303732395,0.37041017413139343,0.008879885077476501,0.5414246320724487,0.013773784041404724,0.7249197363853455,0.03269561752676964,0.8891953825950623,0.06735935807228088,1.0574902296066284,0.08842407166957855,1.236616849899292,0.11710312962532043,1.4193148612976074,0.15138599276542664,1.5906873941421509,0.18240150809288025,1.764509677886963,0.2134314328432083,1.9409152269363403,0.24217942357063293,2.118014097213745,0.2917100489139557
de943e246dad4ad686de98008a634ecf,,0.16892319917678833,-0.0005178250139579177,0.37041017413139343,0.008879885077476501,0.5414246320724487,0.013773784041404724,0.7249197363853455,0.03269561380147934,0.8891953825950623,0.06735935807228088,1.0574902296066284,0.08842407166957855,1.236616849899292,0.11710312962532043,1.4193148612976074,0.15138599276542664,1.5906873941421509,0.18240150809288025,1.764509677886963,0.2134314328432083,1.9409149885177612,0.24217942357063293,2.118013858795166,0.2917100489139557
de943e246dad4ad686de98008a634ecf,Stop when you see the group of people at the stopwalk,0.16892321407794952,-0.0005178251303732395,0.37041017413139343,0.008879885077476501,0.5414246320724487,0.013773788698017597,0.7249197363853455,0.03269561752676964,0.889195442199707,0.06735936552286148,1.0574902296066284,0.08842407912015915,1.236616849899292,0.11710312962532043,1.4193148612976074,0.15138600766658783,1.5906873941421509,0.18240152299404144,1.764509677886963,0.2134314328432083,1.9409152269363403,0.24217946827411652,2.118013858795166,0.2917100787162781
7e3a6bdd6c6f4c8fb018cff404974446,Switch to the left lane and continue going straight. Then take a left turn.,0.40364810824394226,-0.01347250584512949,0.8992076516151428,-0.006230756640434265,1.3495465517044067,-0.02978738397359848,1.7859934568405151,-0.028638187795877457,2.1996586322784424,-0.029378583654761314,2.6260366439819336,-0.04064507037401199,3.048821449279785,-0.046480875462293625,3.464366912841797,-0.06317847967147827,3.871642589569092,-0.08455365151166916,4.288602828979492,-0.10031221807003021,4.676809787750244,-0.1298380196094513,5.064592361450195,-0.13973025977611542
7e3a6bdd6c6f4c8fb018cff404974446,slide into the left lane then turn left at the intersection,0.40364810824394226,-0.01347250584512949,0.8992076516151428,-0.006230756640434265,1.3495465517044067,-0.02978738397359848,1.7859934568405151,-0.028638187795877457,2.1996586322784424,-0.029378583654761314,2.6260366439819336,-0.04064507037401199,3.048821449279785,-0.046480875462293625,3.464366912841797,-0.06317847967147827,3.871642589569092,-0.08455365151166916,4.288602828979492,-0.10031221807003021,4.676809787750244,-0.1298380196094513,5.064592361450195,-0.13973025977611542
7e3a6bdd6c6f4c8fb018cff404974446,"switch to the left lane, make a left turn.",0.40364810824394226,-0.01347250584512949,0.8992076516151428,-0.006230756640434265,1.3495465517044067,-0.02978738397359848,1.7859934568405151,-0.028638187795877457,2.1996586322784424,-0.029378583654761314,2.6260366439819336,-0.04064507037401199,3.048821449279785,-0.046480875462293625,3.464366912841797,-0.06317847967147827,3.871642589569092,-0.08455365151166916,4.288602828979492,-0.10031221807003021,4.676809787750244,-0.1298380196094513,5.064592361450195,-0.13973025977611542
7e3a6bdd6c6f4c8fb018cff404974446,Switch to the left lane,0.40364810824394226,-0.01347250584512949,0.8992076516151428,-0.006230756640434265,1.3495465517044067,-0.02978738397359848,1.7859934568405151,-0.028638187795877457,2.1996586322784424,-0.029378583654761314,2.6260366439819336,-0.04064507037401199,3.048821449279785,-0.046480875462293625,3.464366912841797,-0.06317847967147827,3.871642589569092,-0.08455365151166916,4.288602828979492,-0.10031221807003021,4.676809787750244,-0.1298380196094513,5.064592361450195,-0.13973025977611542
7e3a6bdd6c6f4c8fb018cff404974446,Take the first left,0.40364810824394226,-0.01347250584512949,0.8992076516151428,-0.006230756640434265,1.3495465517044067,-0.02978738397359848,1.7859934568405151,-0.028638187795877457,2.1996586322784424,-0.029378583654761314,2.6260366439819336,-0.04064507037401199,3.048821449279785,-0.046480875462293625,3.464366912841797,-0.06317847967147827,3.871642589569092,-0.08455365151166916,4.288602828979492,-0.10031221807003021,4.676809787750244,-0.1298380196094513,5.064592361450195,-0.13973025977611542
7e3a6bdd6c6f4c8fb018cff404974446,Switch to the right lane when you see the stationary car ahead.,0.40364810824394226,-0.01347250584512949,0.8992076516151428,-0.006230756640434265,1.3495465517044067,-0.02978738397359848,1.7859934568405151,-0.028638187795877457,2.1996586322784424,-0.029378583654761314,2.6260366439819336,-0.04064507037401199,3.048821449279785,-0.046480875462293625,3.464366912841797,-0.06317847967147827,3.871642589569092,-0.08455365151166916,4.288602828979492,-0.10031221807003021,4.676809787750244,-0.1298380196094513,5.064592361450195,-0.13973025977611542
d0880a386b6d434bb5cd13c134af7a3e,Quickly switch lanes to avoid the car in the road and then continue going straight in the same lane.,0.3428409695625305,-0.010502079501748085,0.7600635290145874,-0.00021804847347084433,1.1404945850372314,-0.01815056800842285,1.5111788511276245,-0.00925750657916069,1.8604553937911987,-0.000277088227448985,2.222522020339966,-0.002119495067745447,2.584333658218384,0.002019844949245453,2.934009552001953,0.001036374131217599,3.287135601043701,-0.010533669032156467,3.6353044509887695,-0.013296480290591717,3.9686341285705566,-0.023674098774790764,4.291226387023926,-0.025214631110429764
d0880a386b6d434bb5cd13c134af7a3e,,0.34284093976020813,-0.010502079501748085,0.7600635290145874,-0.00021804858988616616,1.1404948234558105,-0.018150566145777702,1.511178970336914,-0.00925750657916069,1.8604556322097778,-0.000277088227448985,2.222522258758545,-0.002119495067745447,2.584333658218384,0.0020198451820760965,2.934009552001953,0.0010363737819716334,3.2871358394622803,-0.010533667169511318,3.6353046894073486,-0.013296478427946568,3.9686341285705566,-0.023674096912145615,4.291226387023926,-0.025214629247784615
d0880a386b6d434bb5cd13c134af7a3e,Drive around road blockages,0.3428409695625305,-0.010502079501748085,0.7600635290145874,-0.00021804847347084433,1.1404945850372314,-0.01815056800842285,1.5111788511276245,-0.00925750657916069,1.8604553937911987,-0.000277088227448985,2.222522020339966,-0.002119495067745447,2.584333658218384,0.002019844949245453,2.934009552001953,0.001036374131217599,3.287135601043701,-0.010533669032156467,3.6353044509887695,-0.013296480290591717,3.9686341285705566,-0.023674098774790764,4.291226387023926,-0.025214631110429764
d0880a386b6d434bb5cd13c134af7a3e,Go to the left lane after you pass the car,0.3428409695625305,-0.010502079501748085,0.7600635290145874,-0.00021804847347084433,1.1404945850372314,-0.01815056800842285,1.5111788511276245,-0.00925750657916069,1.8604553937911987,-0.000277088227448985,2.222522020339966,-0.002119495067745447,2.584333658218384,0.002019844949245453,2.934009552001953,0.001036374131217599,3.287135601043701,-0.010533669032156467,3.6353044509887695,-0.013296480290591717,3.9686341285705566,-0.023674098774790764,4.291226387023926,-0.025214631110429764
1d4db80d13f342aba4881b38099bc4b7,Wait for the motorcycle person to pass and then take a right turn and go straight.,0.2537178695201874,-0.011582992039620876,0.5684241652488708,-0.018492110073566437,0.8576914072036743,-0.062135934829711914,1.1432429552078247,-0.08451400697231293,1.417148470878601,-0.11443785578012466,1.7051377296447754,-0.15748527646064758,1.9948914051055908,-0.2032325118780136,2.282163619995117,-0.2562465965747833,2.572202205657959,-0.3178771436214447,2.8582887649536133,-0.3781598210334778,3.1341538429260254,-0.443666011095047,3.4081010818481445,-0.5042333006858826
1d4db80d13f342aba4881b38099bc4b7,"when the bike moves out of the way, turn right at the intersection",0.2537178695201874,-0.011582992039620876,0.5684241652488708,-0.018492110073566437,0.8576914072036743,-0.062135934829711914,1.1432429552078247,-0.08451400697231293,1.417148470878601,-0.11443785578012466,1.7051377296447754,-0.15748527646064758,1.9948914051055908,-0.2032325118780136,2.282163619995117,-0.2562465965747833,2.572202205657959,-0.3178771436214447,2.8582887649536133,-0.3781598210334778,3.1341538429260254,-0.443666011095047,3.4081010818481445,-0.5042333006858826
1d4db80d13f342aba4881b38099bc4b7,once vehicle begins to move turn to the right,0.2537178695201874,-0.011582992039620876,0.5684241652488708,-0.018492110073566437,0.8576914072036743,-0.062135934829711914,1.1432429552078247,-0.08451400697231293,1.417148470878601,-0.11443785578012466,1.7051377296447754,-0.15748527646064758,1.9948914051055908,-0.2032325118780136,2.282163619995117,-0.2562465965747833,2.572202205657959,-0.3178771436214447,2.8582887649536133,-0.3781598210334778,3.1341538429260254,-0.443666011095047,3.4081010818481445,-0.5042333006858826
1d4db80d13f342aba4881b38099bc4b7,Turn to the far right lane,0.2537178695201874,-0.011582992039620876,0.5684241652488708,-0.018492110073566437,0.8576914072036743,-0.062135934829711914,1.1432429552078247,-0.08451400697231293,1.417148470878601,-0.11443785578012466,1.7051377296447754,-0.15748527646064758,1.9948914051055908,-0.2032325118780136,2.282163619995117,-0.2562465965747833,2.572202205657959,-0.3178771436214447,2.8582887649536133,-0.3781598210334778,3.1341538429260254,-0.443666011095047,3.4081010818481445,-0.5042333006858826
bb73edb93a0a46c4be997c576e9beb61,Continue on the same lane. Move to the next lane to avoid the truck and then get back onto the previous lane.,0.39274823665618896,-0.011108580976724625,0.869019091129303,0.0011305207153782248,1.3016473054885864,-0.013999208807945251,1.7190399169921875,-0.005888190120458603,2.115877151489258,0.0030471470672637224,2.521183967590332,0.003382911207154393,2.928468942642212,0.009918369352817535,3.3249776363372803,0.008884049952030182,3.7175750732421875,0.0026789505500346422,4.1144328117370605,-0.001650070189498365,4.491615295410156,-0.009596857242286205,4.85894250869751,-0.00431727385148406
bb73edb93a0a46c4be997c576e9beb61,,0.39274823665618896,-0.011108580976724625,0.869019091129303,0.0011305207153782248,1.3016473054885864,-0.013999208807945251,1.7190399169921875,-0.005888190120458603,2.115877151489258,0.0030471470672637224,2.521183967590332,0.003382911207154393,2.928468942642212,0.009918369352817535,3.3249776363372803,0.008884049952030182,3.7175750732421875,0.0026789505500346422,4.1144328117370605,-0.001650070189498365,4.491615295410156,-0.009596857242286205,4.85894250869751,-0.00431727385148406
bb73edb93a0a46c4be997c576e9beb61,Drive around the road obstruction,0.39274823665618896,-0.011108580976724625,0.869019091129303,0.0011305207153782248,1.3016473054885864,-0.013999208807945251,1.7190399169921875,-0.005888190120458603,2.115877151489258,0.0030471470672637224,2.521183967590332,0.003382911207154393,2.928468942642212,0.009918369352817535,3.3249776363372803,0.008884049952030182,3.7175750732421875,0.0026789505500346422,4.1144328117370605,-0.001650070189498365,4.491615295410156,-0.009596857242286205,4.85894250869751,-0.00431727385148406
bb73edb93a0a46c4be997c576e9beb61,"Slightly go on the right lane, across the double marked lines, to avoid hitting the truck in front, then go back to the left lane.",0.39274823665618896,-0.011108580976724625,0.869019091129303,0.0011305207153782248,1.3016473054885864,-0.013999208807945251,1.7190399169921875,-0.005888190120458603,2.115877151489258,0.0030471470672637224,2.521183967590332,0.003382911207154393,2.928468942642212,0.009918369352817535,3.3249776363372803,0.008884049952030182,3.7175750732421875,0.0026789505500346422,4.1144328117370605,-0.001650070189498365,4.491615295410156,-0.009596857242286205,4.85894250869751,-0.00431727385148406
1ecfbad2023f4b17b542801a21375e3f,Slow down for a little bit to avoid the truck and then continue driving down the road,0.22716251015663147,-0.009020863100886345,0.5053861141204834,-0.007633276749402285,0.7652197480201721,-0.030792810022830963,1.0240436792373657,-0.029329312965273857,1.2610487937927246,-0.03762423247098923,1.5252478122711182,-0.04607895389199257,1.7858000993728638,-0.0573614276945591,2.0416455268859863,-0.07386317849159241,2.2961137294769287,-0.09623534977436066,2.5572357177734375,-0.11137191951274872,2.800898313522339,-0.1304265856742859,3.047757387161255,-0.1495894491672516
1ecfbad2023f4b17b542801a21375e3f,"slow down, and let the truck pass, then continue going straight",0.22716251015663147,-0.009020863100886345,0.5053861141204834,-0.007633276749402285,0.7652197480201721,-0.030792810022830963,1.0240436792373657,-0.029329318553209305,1.261048674583435,-0.03762423247098923,1.5252478122711182,-0.04607895389199257,1.7858000993728638,-0.0573614276945591,2.0416455268859863,-0.073863185942173,2.2961137294769287,-0.09623534977436066,2.5572357177734375,-0.11137191951274872,2.800898313522339,-0.1304265856742859,3.047757387161255,-0.14958946406841278
1ecfbad2023f4b17b542801a21375e3f,,0.22716251015663147,-0.00902086403220892,0.5053859949111938,-0.007633276749402285,0.7652197480201721,-0.030792811885476112,1.0240436792373657,-0.029329318553209305,1.261048674583435,-0.037624236196279526,1.5252478122711182,-0.04607895761728287,1.7858000993728638,-0.05736143887042999,2.0416452884674072,-0.0738631933927536,2.2961137294769287,-0.09623535722494125,2.5572357177734375,-0.11137194186449051,2.800898313522339,-0.13042661547660828,3.047757387161255,-0.14958947896957397
1ecfbad2023f4b17b542801a21375e3f,Slow down and move to the right to avoid the front car hitting you when the vehicle in front of you starts to enter your lane from the left side.,0.22716251015663147,-0.009020863100886345,0.5053861141204834,-0.007633276749402285,0.7652198076248169,-0.030792810022830963,1.0240436792373657,-0.029329318553209305,1.2610487937927246,-0.03762423247098923,1.5252480506896973,-0.04607895389199257,1.7858000993728638,-0.0573614276945591,2.0416455268859863,-0.07386317849159241,2.296113967895508,-0.09623534232378006,2.5572357177734375,-0.11137191951274872,2.800898313522339,-0.1304265707731247,3.047757387161255,-0.1495894491672516
bc8f2774ff4946d3965a807a6aa1b64f,,0.016036972403526306,-0.0030050119385123253,0.05742235481739044,-0.006334461271762848,0.0928029716014862,-0.01296519860625267,0.1629990190267563,-0.00790630467236042,0.20314544439315796,-0.018559545278549194,0.29787808656692505,-0.0184837207198143,0.3781965374946594,-0.01588515378534794,0.4647364020347595,-0.028690626844763756,0.5445669889450073,-0.031535983085632324,0.6671574115753174,-0.020452536642551422,0.7512503862380981,-0.02897915244102478,0.8674297332763672,-0.027028879150748253
bc8f2774ff4946d3965a807a6aa1b64f,Stay stopped before the intersection if there are cars approaching from the left and right sides of the road.,0.016037004068493843,-0.0030050098430365324,0.05742242932319641,-0.006334461271762848,0.09280309081077576,-0.012965202331542969,0.16299918293952942,-0.007906302809715271,0.20314566791057587,-0.018559545278549194,0.29787829518318176,-0.01848372258245945,0.3781968057155609,-0.015885157510638237,0.4647367298603058,-0.02869064174592495,0.5445674061775208,-0.03153600916266441,0.6671578288078308,-0.020452560856938362,0.7512508034706116,-0.02897917479276657,0.8674302697181702,-0.027028895914554596
acc29386502047339e1ec6b9c7e512d2,Slow down and wait for the people to cross before turning left,0.09836558252573013,0.003553069429472089,0.2344180792570114,0.01541102770715952,0.36696234345436096,0.03342274948954582,0.4915226697921753,0.06622029095888138,0.6251370906829834,0.10577338188886642,0.7537100911140442,0.15057013928890228,0.8962075114250183,0.19976811110973358,1.0583561658859253,0.260344535112381,1.2037864923477173,0.3185874819755554,1.3525924682617188,0.38483306765556335,1.504965901374817,0.44987738132476807,1.6529768705368042,0.5122464299201965
acc29386502047339e1ec6b9c7e512d2,At the intersection turn left when the pedestrians have finished crossing,0.09836561232805252,0.0035530708264559507,0.2344181388616562,0.015411031432449818,0.3669624328613281,0.03342275694012642,0.4915226995944977,0.06622030586004257,0.6251371502876282,0.10577338933944702,0.7537102103233337,0.15057016909122467,0.8962076306343079,0.19976812601089478,1.0583562850952148,0.260344535112381,1.2037866115570068,0.3185875117778778,1.3525924682617188,0.38483309745788574,1.504966139793396,0.44987741112709045,1.6529769897460938,0.5122465491294861
acc29386502047339e1ec6b9c7e512d2,turn left and wait for pedestrians,0.09836560487747192,0.0035530701279640198,0.2344180941581726,0.015411029569804668,0.36696240305900574,0.03342274948954582,0.4915226697921753,0.06622029840946198,0.6251371502876282,0.10577338933944702,0.7537100911140442,0.15057013928890228,0.8962075710296631,0.19976812601089478,1.0583561658859253,0.260344535112381,1.2037864923477173,0.3185874819755554,1.3525924682617188,0.38483306765556335,1.504965901374817,0.4498773515224457,1.6529768705368042,0.5122464299201965
acc29386502047339e1ec6b9c7e512d2,Make the left turn once the group of individuals have crossed the crosswalk.,0.09836560487747192,0.003553069429472089,0.2344180792570114,0.015411026775836945,0.36696234345436096,0.033422745764255524,0.4915226697921753,0.06622029095888138,0.6251370906829834,0.10577336698770523,0.7537100911140442,0.1505701243877411,0.8962075114250183,0.19976811110973358,1.0583561658859253,0.2603445053100586,1.2037864923477173,0.31858745217323303,1.3525924682617188,0.3848330080509186,1.504965901374817,0.4498773515224457,1.6529768705368042,0.5122464299201965
87a71839e68b46da8e91fb5f21b50c1c,,0.10767325758934021,-0.005731155630201101,0.22867046296596527,-0.005572918802499771,0.33724671602249146,-0.017352955415844917,0.46105003356933594,-0.01323896273970604,0.5517909526824951,-0.01771252043545246,0.6815736293792725,-0.017424289137125015,0.802449643611908,-0.0205732099711895,0.9184447526931763,-0.02775113470852375,1.0326037406921387,-0.03036806918680668,1.1629022359848022,-0.031556177884340286,1.2759251594543457,-0.03949179872870445,1.4049689769744873,-0.03932006284594536
87a71839e68b46da8e91fb5f21b50c1c,stop at the intersection,0.10767322033643723,-0.005731155630201101,0.22867043316364288,-0.005572921130806208,0.3372466564178467,-0.017352961003780365,0.46105003356933594,-0.01323896273970604,0.5517907738685608,-0.01771252602338791,0.6815736293792725,-0.017424294725060463,0.8024494647979736,-0.020573215559124947,0.9184446334838867,-0.027751147747039795,1.0326035022735596,-0.030368080362677574,1.1629019975662231,-0.03155618906021118,1.2759250402450562,-0.03949180617928505,1.4049688577651978,-0.03932006657123566
2ba06ef7b3b44cbfad6d771981d86af9,,0.22705437242984772,-0.00895090401172638,0.5050093531608582,-0.006344321649521589,0.756132185459137,-0.034024059772491455,1.0025599002838135,-0.028993677347898483,1.2306987047195435,-0.03404073789715767,1.4778690338134766,-0.041753094643354416,1.72021484375,-0.055969659239053726,1.9609451293945312,-0.07102622091770172,2.200728178024292,-0.08756653219461441,2.4328269958496094,-0.10230982303619385,2.6609809398651123,-0.12336365133523941,2.8953568935394287,-0.14242221415042877
2ba06ef7b3b44cbfad6d771981d86af9,Follow the truck in front of you while maintaining a safe distance.,0.22705437242984772,-0.00895090401172638,0.5050094127655029,-0.006344321649521589,0.756132185459137,-0.034024063497781754,1.002559781074524,-0.028993675485253334,1.2306987047195435,-0.03404074162244797,1.477868914604187,-0.041753094643354416,1.7202147245407104,-0.05596965551376343,1.9609448909759521,-0.07102622836828232,2.200728178024292,-0.08756653219461441,2.4328272342681885,-0.10230983048677444,2.6609814167022705,-0.12336364388465881,2.8953568935394287,-0.14242221415042877
dc9ef63b61394d3d8effeb51919f2144,,0.12222147732973099,-0.003712942125275731,0.2779790163040161,-0.006829970050603151,0.39683210849761963,-0.018117114901542664,0.542708158493042,-0.018658151850104332,0.6587981581687927,-0.00953602883964777,0.7930236458778381,-0.02094908617436886,0.9297858476638794,-0.021399876102805138,1.073740839958191,-0.0274506825953722,1.1972485780715942,-0.036631178110837936,1.34739351272583,-0.03525429591536522,1.4762994050979614,-0.055042658001184464,1.624849796295166,-0.042545974254608154
28e4134bcd664522907277f1ceec2893,,0.09120022505521774,-0.0051911440677940845,0.19106672704219818,-0.005539554636925459,0.27677518129348755,-0.014389683492481709,0.3866049349308014,-0.012268432416021824,0.45986542105674744,-0.014743615873157978,0.5743883848190308,-0.015527219511568546,0.6804924607276917,-0.01617136411368847,0.7803592681884766,-0.023123688995838165,0.8790566325187683,-0.024984410032629967,0.9987376928329468,-0.025795523077249527,1.098633050918579,-0.03370357304811478,1.2169759273529053,-0.028126753866672516
28e4134bcd664522907277f1ceec2893,stop behind the stopped car,0.09120027720928192,-0.005191142670810223,0.19106683135032654,-0.005539550445973873,0.2767753005027771,-0.014389672316610813,0.38660499453544617,-0.012268430553376675,0.4598655700683594,-0.014743602834641933,0.5743885040283203,-0.015527208335697651,0.680492639541626,-0.016171354800462723,0.7803595066070557,-0.02312367781996727,0.8790568709373474,-0.024984385818243027,0.9987378716468811,-0.02579551562666893,1.0986335277557373,-0.033703554421663284,1.216976284980774,-0.028126725926995277
28e4134bcd664522907277f1ceec2893,Slow down and stop right before approaching the vehicle in front.,0.09120023995637894,-0.0051911440677940845,0.19106675684452057,-0.005539554636925459,0.27677518129348755,-0.014389682561159134,0.38660484552383423,-0.012268434278666973,0.45986539125442505,-0.014743615873157978,0.574388325214386,-0.015527220442891121,0.6804925203323364,-0.01617136225104332,0.7803593277931213,-0.023123685270547867,0.8790565133094788,-0.024984410032629967,0.9987376928329468,-0.025795521214604378,1.0986332893371582,-0.03370357304811478,1.2169760465621948,-0.028126750141382217
c9d654d4279c4efa9745a25ba6b373ee,,0.05025910586118698,-0.0037403074093163013,0.10832841694355011,-0.004465517122298479,0.15931837260723114,-0.010019030421972275,0.23745328187942505,-0.004352292977273464,0.2774660587310791,-0.005395466927438974,0.3671684265136719,-0.003979020286351442,0.443935751914978,-0.0003685109841171652,0.5168716907501221,-0.0028369028586894274,0.5910239815711975,-0.006416741292923689,0.6861814856529236,0.004257091321051121,0.7592862844467163,0.0012591967824846506,0.8495503067970276,0.006177079398185015
c9d654d4279c4efa9745a25ba6b373ee,stop behind the stopped car,0.05025915056467056,-0.00374030414968729,0.10832852870225906,-0.004465512465685606,0.15931850671768188,-0.010019018314778805,0.237453430891037,-0.0043522948399186134,0.2774662971496582,-0.005395443178713322,0.3671686351299286,-0.003979012835770845,0.44393599033355713,-0.00036850193282589316,0.516871988773346,-0.002836891682818532,0.5910242795944214,-0.006416717544198036,0.6861817836761475,0.004257099237293005,0.7592865824699402,0.0012592051643878222,0.8495505452156067,0.006177097093313932
c9d654d4279c4efa9745a25ba6b373ee,Slow down and stop right before approaching the vehicle in front.,0.05025909096002579,-0.0037403081078082323,0.10832838714122772,-0.004465517122298479,0.15931834280490875,-0.010019035078585148,0.23745328187942505,-0.004352291580289602,0.2774660289287567,-0.0053954701870679855,0.3671683669090271,-0.00397901888936758,0.44393572211265564,-0.0003685095871333033,0.5168716907501221,-0.002836903091520071,0.5910239219665527,-0.0064167422242462635,0.6861814856529236,0.004257092718034983,0.7592862844467163,0.001259203883819282,0.8495503067970276,0.006177080795168877
75ebb308bea04317adbc25554d5cd7f5,,0.23920105397701263,-0.00901472382247448,0.5199185609817505,-0.003824076149612665,0.7684906721115112,-0.0250486359000206,1.011712908744812,-0.019901586696505547,1.2375659942626953,-0.019681593403220177,1.472597360610962,-0.021551508456468582,1.710687279701233,-0.02702775038778782,1.9431072473526,-0.033917296677827835,2.1701579093933105,-0.03730522841215134,2.397583484649658,-0.04948754608631134,2.619595766067505,-0.05984032526612282,2.8459835052490234,-0.06335866451263428
75ebb308bea04317adbc25554d5cd7f5,Maintain a safe distance with the car in front of you,0.23920105397701263,-0.009014724753797054,0.5199186205863953,-0.00382407708093524,0.768490731716156,-0.02504863403737545,1.0117127895355225,-0.019901586696505547,1.2375661134719849,-0.019681589677929878,1.472597360610962,-0.021551506593823433,1.710687518119812,-0.02702774479985237,1.9431071281433105,-0.033917296677827835,2.1701581478118896,-0.037305235862731934,2.397583484649658,-0.04948753863573074,2.619595527648926,-0.05984031781554222,2.8459830284118652,-0.06335867196321487
b0be2e24e2234947867c7f555f6f59d2,,0.012058577500283718,-0.005117752589285374,0.016420429572463036,-0.005217355210334063,0.018919913098216057,-0.003442332148551941,0.04497619345784187,-0.010284953750669956,0.06497229635715485,-0.009302771650254726,0.10151539742946625,-0.014133303426206112,0.1398317813873291,-0.0074511743150651455,0.17596791684627533,-0.007506447844207287,0.22549709677696228,-0.0017193236853927374,0.276876837015152,-0.001385555719025433,0.328809916973114,-0.0028123161755502224,0.38965341448783875,0.0012818683171644807
b0be2e24e2234947867c7f555f6f59d2,Stay stopped as long as the vehicle in front of you is stopped.,0.012058601714670658,-0.0051177507266402245,0.016420472413301468,-0.00521734869107604,0.018920008093118668,-0.0034423295874148607,0.04497627913951874,-0.010284938849508762,0.0649723932147026,-0.009302768856287003,0.10151556134223938,-0.014133288525044918,0.13983194530010223,-0.007451180834323168,0.17596806585788727,-0.007506464142352343,0.22549718618392944,-0.001719329273328185,0.2768769860267639,-0.00138556445017457,0.3288099467754364,-0.0028123147785663605,0.38965341448783875,0.001281835837289691
cffc45a1565446fab5014afb3da169e8,,0.2879366874694824,-0.009412494488060474,0.6318110227584839,-0.0031656830105930567,0.9390475153923035,-0.019510267302393913,1.2442466020584106,-0.015644347295165062,1.5264424085617065,-0.01059954334050417,1.8199490308761597,-0.01375443022698164,2.1172993183135986,-0.013453064486384392,2.406580924987793,-0.019132858142256737,2.68852162361145,-0.02380375564098358,2.9808456897735596,-0.03292461857199669,3.2551538944244385,-0.046965163201093674,3.5325353145599365,-0.04307102411985397
cffc45a1565446fab5014afb3da169e8,"Slow down when the vehicle in front of you starts to turn, but proceed to normal speed once the vehicle is out of your lane.",0.28793665766716003,-0.009412494488060474,0.6318110227584839,-0.0031656830105930567,0.9390474557876587,-0.019510267302393913,1.2442467212677002,-0.015644345432519913,1.5264421701431274,-0.010599542409181595,1.8199489116668701,-0.013754432089626789,2.1172993183135986,-0.013453065417706966,2.406580924987793,-0.019132863730192184,2.688521385192871,-0.02380375936627388,2.9808459281921387,-0.03292461857199669,3.2551536560058594,-0.046965163201093674,3.5325353145599365,-0.04307101294398308
8180a1dbbba3479bb0c7f4ff6e9a3f0e,Pass the stopped car and then stop,0.1570405513048172,-0.005649590864777565,0.3530671298503876,-0.006386348977684975,0.5114772319793701,-0.024814702570438385,0.6926209330558777,-0.0254756361246109,0.8378605246543884,-0.027762388810515404,1.014721393585205,-0.04090974107384682,1.185949683189392,-0.049194589257240295,1.3538144826889038,-0.06819578260183334,1.5130090713500977,-0.08118174225091934,1.6973191499710083,-0.0915730893611908,1.8557995557785034,-0.11902616173028946,2.0366787910461426,-0.12107208371162415
8180a1dbbba3479bb0c7f4ff6e9a3f0e,"swerve around the stopped car, then come to a stop behind the orange car",0.1570405513048172,-0.005649591330438852,0.3530671298503876,-0.006386348977684975,0.5114772319793701,-0.024814702570438385,0.6926209330558777,-0.0254756361246109,0.8378605246543884,-0.027762390673160553,1.014721393585205,-0.04090974107384682,1.185949683189392,-0.049194589257240295,1.3538144826889038,-0.06819578260183334,1.5130090713500977,-0.08118174970149994,1.6973191499710083,-0.0915730893611908,1.8557995557785034,-0.11902616173028946,2.0366787910461426,-0.12107208371162415
8180a1dbbba3479bb0c7f4ff6e9a3f0e,go around stationary vehicle and come to a complete stop,0.1570405513048172,-0.005649591330438852,0.3530671298503876,-0.006386348977684975,0.5114772319793701,-0.024814702570438385,0.6926209330558777,-0.02547563798725605,0.8378605246543884,-0.027762390673160553,1.014721393585205,-0.040909748524427414,1.1859498023986816,-0.049194589257240295,1.3538144826889038,-0.06819579005241394,1.5130090713500977,-0.08118175715208054,1.6973191499710083,-0.09157309681177139,1.8557995557785034,-0.11902618408203125,2.0366787910461426,-0.12107209116220474
8180a1dbbba3479bb0c7f4ff6e9a3f0e,"Move around the vehicle in front by slightly going on the right lane, then switch back to the left lane.",0.1570405513048172,-0.005649590864777565,0.3530671298503876,-0.006386348512023687,0.5114772319793701,-0.024814702570438385,0.6926209330558777,-0.025475630536675453,0.8378605246543884,-0.027762388810515404,1.014721393585205,-0.04090973362326622,1.185949683189392,-0.0491945780813694,1.3538144826889038,-0.06819577515125275,1.5130090713500977,-0.08118174225091934,1.6973191499710083,-0.0915730819106102,1.8557995557785034,-0.11902614682912827,2.0366787910461426,-0.12107206135988235
8180a1dbbba3479bb0c7f4ff6e9a3f0e,"Before approaching the next stopped vehicle ahead, stop to let the vehicle approaching you pass by.",0.1570405513048172,-0.005649590864777565,0.3530671298503876,-0.006386348512023687,0.5114772319793701,-0.024814702570438385,0.6926209330558777,-0.0254756361246109,0.8378605246543884,-0.027762388810515404,1.014721393585205,-0.04090974107384682,1.1859498023986816,-0.049194589257240295,1.3538144826889038,-0.06819578260183334,1.5130090713500977,-0.08118174225091934,1.6973191499710083,-0.0915730893611908,1.8557995557785034,-0.11902617663145065,2.0366787910461426,-0.12107207626104355
26540bfbab79463cb1ba76b52ec6013b,,0.2922394573688507,-0.011398760601878166,0.6364709138870239,-0.003083617426455021,0.9502809047698975,-0.028595594689249992,1.2579761743545532,-0.021530495956540108,1.5379555225372314,-0.024151261895895004,1.8425081968307495,-0.027798334136605263,2.139885902404785,-0.03440682590007782,2.418287754058838,-0.04547177627682686,2.70913028717041,-0.0596487931907177,2.9902284145355225,-0.07352017611265182,3.2605762481689453,-0.0895485132932663,3.526918888092041,-0.10353246331214905
26540bfbab79463cb1ba76b52ec6013b,"After almost crossing the intersection, slightly move to the left side of the road to avoid the individual walking toward the vehicle. Go to the right lane after",0.2922394573688507,-0.011398758739233017,0.6364708542823792,-0.003083617426455021,0.9502807259559631,-0.028595589101314545,1.2579760551452637,-0.021530495956540108,1.537955403327942,-0.024151263758540154,1.842508316040039,-0.027798335999250412,2.139885902404785,-0.03440682590007782,2.418287754058838,-0.04547177255153656,2.709129810333252,-0.0596487894654274,2.9902284145355225,-0.07352018356323242,3.2605764865875244,-0.0895485132932663,3.526918888092041,-0.10353246331214905
363bb6c0fdaf465aa54c39f082bb92c6,Take a right and then continue down the road,0.2819869816303253,-0.013154699467122555,0.6287644505500793,-0.01782061904668808,0.9448493123054504,-0.062137171626091,1.2588900327682495,-0.08417939394712448,1.550795316696167,-0.11715854704380035,1.864416241645813,-0.16186921298503876,2.17606520652771,-0.20587529242038727,2.476659059524536,-0.2616097629070282,2.7839441299438477,-0.3264387845993042,3.0942797660827637,-0.3850615322589874,3.382011890411377,-0.45773109793663025,3.665651798248291,-0.5192374587059021
363bb6c0fdaf465aa54c39f082bb92c6,"turn right, then go straight",0.2819869816303253,-0.013154699467122555,0.6287644505500793,-0.01782061904668808,0.9448493123054504,-0.062137171626091,1.2588900327682495,-0.08417939394712448,1.550795316696167,-0.11715854704380035,1.864416241645813,-0.16186921298503876,2.17606520652771,-0.20587529242038727,2.476659059524536,-0.2616097629070282,2.7839441299438477,-0.3264387845993042,3.0942797660827637,-0.3850615322589874,3.382011890411377,-0.45773109793663025,3.665651798248291,-0.5192374587059021
363bb6c0fdaf465aa54c39f082bb92c6,turn right,0.2819869816303253,-0.013154699467122555,0.6287644505500793,-0.01782061904668808,0.9448493123054504,-0.062137171626091,1.2588900327682495,-0.08417939394712448,1.550795316696167,-0.11715854704380035,1.864416241645813,-0.16186921298503876,2.17606520652771,-0.20587529242038727,2.476659059524536,-0.2616097629070282,2.7839441299438477,-0.3264387845993042,3.0942797660827637,-0.3850615322589874,3.382011890411377,-0.45773109793663025,3.665651798248291,-0.5192374587059021
363bb6c0fdaf465aa54c39f082bb92c6,Make a right turn into the middle lane and go straight.,0.2819869816303253,-0.013154699467122555,0.6287644505500793,-0.01782061904668808,0.9448493123054504,-0.062137171626091,1.2588900327682495,-0.08417939394712448,1.550795316696167,-0.11715854704380035,1.864416241645813,-0.16186921298503876,2.17606520652771,-0.20587529242038727,2.476659059524536,-0.2616097629070282,2.7839441299438477,-0.3264387845993042,3.0942797660827637,-0.3850615322589874,3.382011890411377,-0.45773109793663025,3.665651798248291,-0.5192374587059021
9a442b0f6b7a41568b3e4f7b7ba58402,,0.44197943806648254,-0.012083357200026512,0.988507866859436,-4.779762457474135e-05,1.4863065481185913,-0.014995439909398556,1.9628478288650513,-0.006285426672548056,2.4204044342041016,0.0030133144464343786,2.8867478370666504,0.003165983594954014,3.3521230220794678,0.0100760068744421,3.8124327659606934,0.005613395012915134,4.259690284729004,-0.0001519894867669791,4.720370769500732,-0.0033076656982302666,5.151901721954346,-0.014833074063062668,5.582149028778076,-0.009760620072484016
59ff984c3143486da7d2c4ffec023b36,,0.37410423159599304,-0.01178999338299036,0.8264889717102051,-0.0006370561313815415,1.2369648218154907,-0.018321679905056953,1.6384917497634888,-0.00996159017086029,2.0135645866394043,-0.002444831421598792,2.4035985469818115,-0.0039004941936582327,2.7907562255859375,0.0008294538711197674,3.164395332336426,-0.0018215669551864266,3.538980722427368,-0.011999457143247128,3.9147331714630127,-0.01527034118771553,4.269094467163086,-0.02909616380929947,4.6149115562438965,-0.026185736060142517
7f8714d8ca814914bf4ff3ed30123db5,,0.34386709332466125,-0.012455790303647518,0.7586983442306519,-0.00494504626840353,1.1324483156204224,-0.02823452278971672,1.5004671812057495,-0.02516280673444271,1.841719388961792,-0.025799257680773735,2.1995315551757812,-0.03435027226805687,2.553622245788574,-0.0385068878531456,2.894611358642578,-0.05141853913664818,3.23539400100708,-0.06894368678331375,3.5811009407043457,-0.0819561779499054,3.903157949447632,-0.10659874975681305,4.222846031188965,-0.11388922482728958
9a0d2af517ff44f587c93254ee657215,,0.21398308873176575,-0.008411230519413948,0.4651508331298828,-0.006166490260511637,0.6813609600067139,-0.026992077007889748,0.9002872109413147,-0.026006845757365227,1.0981311798095703,-0.02716716192662716,1.3072699308395386,-0.03367336466908455,1.5194127559661865,-0.04172172024846077,1.7281028032302856,-0.05356139317154884,1.9264252185821533,-0.059016864746809006,2.134721040725708,-0.07442174106836319,2.3322865962982178,-0.09151589870452881,2.542112112045288,-0.09373768419027328
9a0d2af517ff44f587c93254ee657215,stop at the intersection behind the truck,0.21398311853408813,-0.008411229588091373,0.46515071392059326,-0.006166490260511637,0.6813609004020691,-0.026992082595825195,0.9002872109413147,-0.026006843894720078,1.0981310606002808,-0.02716716006398201,1.3072699308395386,-0.03367336094379425,1.5194127559661865,-0.04172171652317047,1.7281025648117065,-0.053561389446258545,1.9264253377914429,-0.05901685729622841,2.134721279144287,-0.07442174106836319,2.3322865962982178,-0.09151588380336761,2.542112112045288,-0.09373767673969269
dbe2eceb3e4649289366f674c2ba4274,,0.3275468945503235,-0.012913268990814686,0.7241103053092957,-0.008647930808365345,1.082213282585144,-0.03847910836338997,1.4309803247451782,-0.03952569141983986,1.7566348314285278,-0.04861612617969513,2.1001644134521484,-0.06286028772592545,2.4383842945098877,-0.07796123623847961,2.766474485397339,-0.10205595940351486,3.0926082134246826,-0.12633353471755981,3.423044204711914,-0.1511322408914566,3.7324934005737305,-0.1834990233182907,4.046820163726807,-0.20532743632793427
c74a3a7265ae45f99f65628fbd7cd2a4,,0.35274359583854675,-0.015413491986691952,0.7823548913002014,-0.018859080970287323,1.172916293144226,-0.060092151165008545,1.5514917373657227,-0.07994549721479416,1.9132932424545288,-0.10342749953269958,2.2832717895507812,-0.14260821044445038,2.6537673473358154,-0.17948199808597565,3.0188143253326416,-0.22677923738956451,3.3771793842315674,-0.28333190083503723,3.7407140731811523,-0.33644938468933105,4.081127166748047,-0.4011046886444092,4.421399116516113,-0.4503531754016876
69ee276c40644ddbb7fe21c613cd7689,,0.19222670793533325,-0.0072538163512945175,0.4361993968486786,-0.005194842349737883,0.6547069549560547,-0.017209578305482864,0.8828758001327515,-0.018974876031279564,1.1007698774337769,-0.014996294863522053,1.3298481702804565,-0.025277595967054367,1.5617908239364624,-0.024423927068710327,1.7927637100219727,-0.032643385231494904,2.0246853828430176,-0.042661167681217194,2.2636287212371826,-0.048794202506542206,2.4873225688934326,-0.06539949029684067,2.7155401706695557,-0.06757131963968277
69ee276c40644ddbb7fe21c613cd7689,"when the light turns green, go straight",0.19222667813301086,-0.00725381588563323,0.43619948625564575,-0.005194840021431446,0.6547069549560547,-0.017209574580192566,0.8828759789466858,-0.018974870443344116,1.1007698774337769,-0.014996289275586605,1.3298481702804565,-0.025277595967054367,1.561790943145752,-0.024423927068710327,1.7927639484405518,-0.032643385231494904,2.0246853828430176,-0.04266117140650749,2.2636287212371826,-0.048794206231832504,2.4873225688934326,-0.06539947539567947,2.7155394554138184,-0.06757132709026337
5eaff323af5b4df4b864dbd433aeb75c,,0.11144745349884033,-0.005436645820736885,0.26155468821525574,-0.010854274034500122,0.3931863009929657,-0.03302465379238129,0.5361351370811462,-0.03667454048991203,0.6575499176979065,-0.05133933946490288,0.8106693625450134,-0.06545855104923248,0.9552647471427917,-0.08085518330335617,1.1068334579467773,-0.10427689552307129,1.2471798658370972,-0.12296110391616821,1.4122743606567383,-0.1336243897676468,1.5505667924880981,-0.16220338642597198,1.711811900138855,-0.17940384149551392
5eaff323af5b4df4b864dbd433aeb75c,"urn left and enter the road, continue driving straight onthe road.",0.11144746094942093,-0.005436644423753023,0.26155468821525574,-0.010854270309209824,0.3931863307952881,-0.03302464634180069,0.536135196685791,-0.03667452931404114,0.6575499176979065,-0.05133932828903198,0.8106694221496582,-0.06545853614807129,0.9552648067474365,-0.08085516095161438,1.106833577156067,-0.1042768731713295,1.2471798658370972,-0.12296106666326523,1.4122743606567383,-0.1336243599653244,1.5505667924880981,-0.1622033566236496,1.711811900138855,-0.17940379679203033
5eaff323af5b4df4b864dbd433aeb75c,go around road obstruction,0.11144744604825974,-0.005436646286398172,0.26155465841293335,-0.01085427775979042,0.3931862413883209,-0.033024661242961884,0.5361351370811462,-0.03667454794049263,0.6575498580932617,-0.05133935809135437,0.8106692433357239,-0.06545857340097427,0.9552646279335022,-0.08085521310567856,1.1068334579467773,-0.10427693277597427,1.2471797466278076,-0.12296115607023239,1.4122743606567383,-0.13362444937229156,1.5505667924880981,-0.16220344603061676,1.7118116617202759,-0.17940391600131989
5eaff323af5b4df4b864dbd433aeb75c,Briefly move to the left side of the road to go around the parked vehicle in front of you.,0.11144747585058212,-0.005436644423753023,0.2615547478199005,-0.010854270309209824,0.3931863307952881,-0.03302464634180069,0.536135196685791,-0.03667452931404114,0.6575499773025513,-0.05133932828903198,0.8106694221496582,-0.06545852869749069,0.9552648067474365,-0.08085516095161438,1.106833577156067,-0.1042768731713295,1.2471798658370972,-0.12296106666326523,1.4122744798660278,-0.1336243450641632,1.5505667924880981,-0.1622033566236496,1.7118120193481445,-0.17940378189086914
9d1307e95c524ca4a51e03087bd57c29,Take a left turn and then continue down the road,0.07923759520053864,0.0007317548734135926,0.1813594251871109,0.009071072563529015,0.27138620615005493,0.021467899903655052,0.38665568828582764,0.03760986402630806,0.48736128211021423,0.06577379256486893,0.609348714351654,0.08723033219575882,0.7327461242675781,0.12044059485197067,0.8557488322257996,0.1510234922170639,0.9869195818901062,0.18424300849437714,1.122874140739441,0.21934978663921356,1.255034327507019,0.25291773676872253,1.3917964696884155,0.29797205328941345
9d1307e95c524ca4a51e03087bd57c29,turn right at the intersection once all the vehicles have passed and it is safe to turn,0.07923763245344162,0.0007317587733268738,0.18135951459407806,0.009071079082787037,0.2713863253593445,0.0214679092168808,0.3866558074951172,0.037609878927469254,0.48736143112182617,0.06577382236719131,0.6093489527702332,0.08723035454750061,0.7327463030815125,0.12044060975313187,0.8557489514350891,0.1510235220193863,0.9869197010993958,0.18424303829669952,1.1228742599487305,0.21934981644153595,1.2550345659255981,0.2529177963733673,1.3917967081069946,0.29797208309173584
9d1307e95c524ca4a51e03087bd57c29,,0.07923759520053864,0.000731754582375288,0.1813594251871109,0.00907107163220644,0.27138620615005493,0.0214679017663002,0.38665565848350525,0.03760986402630806,0.48736128211021423,0.06577379256486893,0.609348714351654,0.08723033219575882,0.7327461242675781,0.12044059485197067,0.8557488322257996,0.1510235071182251,0.9869195818901062,0.18424300849437714,1.122874140739441,0.21934978663921356,1.255034327507019,0.25291773676872253,1.3917964696884155,0.29797205328941345
9d1307e95c524ca4a51e03087bd57c29,Pass the intersection once all cars have passed by,0.07923762500286102,0.0007317575509659946,0.18135948479175568,0.009071077220141888,0.2713862955570221,0.02146790735423565,0.3866557776927948,0.037609875202178955,0.48736143112182617,0.06577380746603012,0.6093488931655884,0.08723035454750061,0.7327461838722229,0.12044060230255127,0.8557489514350891,0.1510235220193863,0.9869197010993958,0.18424302339553833,1.1228742599487305,0.21934981644153595,1.2550344467163086,0.25291773676872253,1.3917967081069946,0.29797208309173584
85d5e2548a5e454fa65a739ac0ac55c2,,0.029201466590166092,-0.004732874222099781,0.06004192680120468,-0.005673771724104881,0.08436612039804459,-0.005495625548064709,0.13197071850299835,-0.013134932145476341,0.1762797236442566,-0.010404810309410095,0.23146678507328033,-0.01778440549969673,0.29091888666152954,-0.013174805790185928,0.3522118031978607,-0.014889969490468502,0.4226211905479431,-0.009931528940796852,0.4951031804084778,-0.011887755244970322,0.5683689117431641,-0.018501920625567436,0.6517400145530701,-0.013337350450456142
e60ef590e3614187b7800db3e5284e1a,enter the horseshoe and stop at the gate,0.16106857359409332,-0.007232038304209709,0.3558613061904907,-0.00944084394723177,0.5239162445068359,-0.03095264360308647,0.695551872253418,-0.03327568247914314,0.8475311994552612,-0.040903348475694656,1.0173892974853516,-0.05117707699537277,1.1845442056655884,-0.06338632851839066,1.3537706136703491,-0.08017567545175552,1.5107401609420776,-0.08975036442279816,1.684081792831421,-0.10303737223148346,1.8396780490875244,-0.12598131597042084,2.0142550468444824,-0.13501232862472534
e60ef590e3614187b7800db3e5284e1a,go to the left and stop in front of the building,0.16106857359409332,-0.007232038304209709,0.3558613061904907,-0.00944084394723177,0.5239162445068359,-0.030952641740441322,0.695551872253418,-0.033275678753852844,0.8475311994552612,-0.040903348475694656,1.0173892974853516,-0.05117706209421158,1.184544324874878,-0.06338632851839066,1.3537706136703491,-0.08017566800117493,1.5107401609420776,-0.08975034207105637,1.684081792831421,-0.10303737223148346,1.8396780490875244,-0.12598131597042084,2.0142550468444824,-0.13501232862472534
e60ef590e3614187b7800db3e5284e1a,Take a left and stop at the front of the entrance,0.16106857359409332,-0.0072320373728871346,0.3558613061904907,-0.009440841153264046,0.5239162445068359,-0.030952636152505875,0.695551872253418,-0.033275675028562546,0.8475311994552612,-0.04090333729982376,1.0173892974853516,-0.05117705091834068,1.184544324874878,-0.06338631361722946,1.3537706136703491,-0.08017565310001373,1.5107401609420776,-0.08975032716989517,1.684081792831421,-0.10303734242916107,1.8396780490875244,-0.12598130106925964,2.0142550468444824,-0.13501229882240295
209e9e9c3a2e4a399c44b6aa8be659d6,"turn right at the intersection avoid hitting the traffic cones, reverse back slighly and merge into the left lane",0.04928379878401756,0.0031672348268330097,0.14590953290462494,0.011594876646995544,0.22695280611515045,0.028583966195583344,0.31913676857948303,0.057847313582897186,0.4140673279762268,0.09187711030244827,0.5118931531906128,0.1334930807352066,0.6181318759918213,0.18834303319454193,0.7535046935081482,0.24173766374588013,0.8556951284408569,0.3026283085346222,0.995470404624939,0.3801349401473999,1.1121593713760376,0.432059645652771,1.2560539245605469,0.500734269618988
209e9e9c3a2e4a399c44b6aa8be659d6,"turn left, turn left",0.04928380250930786,0.0031672343611717224,0.14590953290462494,0.011594874784350395,0.22695279121398926,0.028583964332938194,0.31913676857948303,0.057847294956445694,0.4140673279762268,0.09187710285186768,0.5118931531906128,0.1334930658340454,0.6181317567825317,0.18834297358989716,0.7535046935081482,0.24173761904239655,0.8556950688362122,0.3026283085346222,0.995470404624939,0.3801348805427551,1.112159252166748,0.4320595860481262,1.2560539245605469,0.500734269618988
209e9e9c3a2e4a399c44b6aa8be659d6,Make a left turn while avoiding the construction.,0.04928378760814667,0.0031672341283410788,0.14590950310230255,0.011594871990382671,0.22695277631282806,0.028583956882357597,0.31913673877716064,0.0578472875058651,0.4140672981739044,0.09187709540128708,0.511893093585968,0.13349305093288422,0.618131697177887,0.18834297358989716,0.7535045146942139,0.24173760414123535,0.8556950688362122,0.3026282489299774,0.9954703450202942,0.38013485074043274,1.112159252166748,0.43205949664115906,1.2560539245605469,0.5007342100143433
209e9e9c3a2e4a399c44b6aa8be659d6,Make the first left turn possible,0.04928378760814667,0.003167233197018504,0.14590948820114136,0.011594871990382671,0.22695277631282806,0.028583956882357597,0.31913673877716064,0.0578472875058651,0.4140673279762268,0.09187708795070648,0.511893093585968,0.13349303603172302,0.618131697177887,0.18834297358989716,0.7535045146942139,0.24173758924007416,0.8556950688362122,0.3026282489299774,0.9954703450202942,0.38013479113578796,1.1121593713760376,0.43205949664115906,1.2560538053512573,0.5007341504096985
a4fe925930de41489b12b85b77d2f0cb,"stop at the intersection, then proceed",0.0944691151380539,-0.00513572059571743,0.2248075157403946,-0.00891153048723936,0.3269229233264923,-0.027568433433771133,0.4624083340167999,-0.023693352937698364,0.5485735535621643,-0.03364444896578789,0.6940732598304749,-0.04381295293569565,0.8187819719314575,-0.05133545771241188,0.9420864582061768,-0.07408297061920166,1.0549938678741455,-0.09290777146816254,1.2093896865844727,-0.09153412282466888,1.3198659420013428,-0.11785859614610672,1.4649306535720825,-0.12399996072053909
a4fe925930de41489b12b85b77d2f0cb,,0.09446906298398972,-0.005135723389685154,0.22480744123458862,-0.00891153048723936,0.32692286372184753,-0.02756844088435173,0.4624082148075104,-0.023693334311246872,0.54857337474823,-0.033644456416368484,0.6940730214118958,-0.04381292685866356,0.818781852722168,-0.05133543908596039,0.9420861005783081,-0.07408294826745987,1.0549935102462769,-0.09290771931409836,1.209389328956604,-0.09153406322002411,1.3198655843734741,-0.11785849928855896,1.4649301767349243,-0.12399991601705551
a4fe925930de41489b12b85b77d2f0cb,Merge to the left lane and stop before entering the main road.,0.09446907788515091,-0.005135722924023867,0.224807471036911,-0.00891153048723936,0.32692286372184753,-0.027568446472287178,0.46240827441215515,-0.02369333617389202,0.54857337474823,-0.033644452691078186,0.6940730214118958,-0.04381293058395386,0.8187819123268127,-0.051335450261831284,0.9420861601829529,-0.07408295571804047,1.0549935102462769,-0.09290774911642075,1.209389328956604,-0.0915340706706047,1.3198655843734741,-0.11785852164030075,1.4649302959442139,-0.1239999383687973
a4fe925930de41489b12b85b77d2f0cb,Slowly enter the main road after the foll stop,0.0944690853357315,-0.005135722458362579,0.2248074859380722,-0.008911531418561935,0.3269228935241699,-0.027568437159061432,0.46240827441215515,-0.02369333989918232,0.5485734343528748,-0.033644452691078186,0.6940730214118958,-0.043812934309244156,0.8187819123268127,-0.051335446536540985,0.9420863389968872,-0.07408295571804047,1.054993748664856,-0.09290774166584015,1.2093894481658936,-0.0915340855717659,1.3198655843734741,-0.11785852909088135,1.4649302959442139,-0.1239999458193779
555c691be4704ef29559373e031441dd,,0.013203628361225128,-0.005187686998397112,0.015206286683678627,-0.0049988506361842155,0.012653223238885403,-0.0013348027132451534,0.034829024225473404,-0.011307419277727604,0.05491195619106293,-0.007017148658633232,0.08387729525566101,-0.01414711307734251,0.11786793172359467,-0.006400285754352808,0.14831002056598663,-0.0052766744047403336,0.1952756643295288,0.0024964013136923313,0.23907409608364105,-3.5061431844951585e-05,0.2887289524078369,-0.0018849002663046122,0.3450234830379486,0.005011725705116987
df8dfada99a04a81bd1b102eeb84e9bc,turn right,0.300249844789505,-0.013209033757448196,0.6732999086380005,-0.015510426834225655,1.013607144355774,-0.05704386532306671,1.3474924564361572,-0.07201959192752838,1.6592330932617188,-0.1003093346953392,1.9918327331542969,-0.1370217502117157,2.3214914798736572,-0.1739928424358368,2.643660306930542,-0.2218938171863556,2.9663174152374268,-0.27737054228782654,3.2949724197387695,-0.3242450952529907,3.5982489585876465,-0.38994404673576355,3.90010929107666,-0.4429553151130676
df8dfada99a04a81bd1b102eeb84e9bc,,0.300249844789505,-0.013209033757448196,0.6732999086380005,-0.015510426834225655,1.013607144355774,-0.05704386532306671,1.3474924564361572,-0.07201959192752838,1.6592330932617188,-0.1003093346953392,1.9918327331542969,-0.1370217502117157,2.3214914798736572,-0.1739928424358368,2.643660306930542,-0.2218938171863556,2.9663174152374268,-0.27737054228782654,3.2949724197387695,-0.3242450952529907,3.5982489585876465,-0.38994404673576355,3.90010929107666,-0.4429553151130676
df8dfada99a04a81bd1b102eeb84e9bc,Make a right turn,0.300249844789505,-0.013209033757448196,0.6732999086380005,-0.015510426834225655,1.013607144355774,-0.05704386532306671,1.3474924564361572,-0.07201959192752838,1.6592330932617188,-0.1003093346953392,1.9918327331542969,-0.1370217502117157,2.3214914798736572,-0.1739928424358368,2.643660306930542,-0.2218938171863556,2.9663174152374268,-0.27737054228782654,3.2949724197387695,-0.3242450952529907,3.5982489585876465,-0.38994404673576355,3.90010929107666,-0.4429553151130676
2911b04ae82a45f386ad4f79457dd73f,go all the way to the left lane,0.3026200532913208,-0.010366803035140038,0.6614636182785034,-0.0019589397124946117,0.9849826097488403,-0.022013934329152107,1.3011202812194824,-0.015867456793785095,1.594743013381958,-0.014077937230467796,1.9024245738983154,-0.015670374035835266,2.210247278213501,-0.017465563490986824,2.50573468208313,-0.024056535214185715,2.8018858432769775,-0.030611548572778702,3.098367214202881,-0.04162095487117767,3.3822121620178223,-0.05320587381720543,3.663762331008911,-0.055783890187740326
2911b04ae82a45f386ad4f79457dd73f,Switch into the leftmost lane,0.3026200532913208,-0.010366803035140038,0.6614636182785034,-0.0019589397124946117,0.9849826097488403,-0.022013934329152107,1.3011202812194824,-0.015867456793785095,1.594743013381958,-0.014077937230467796,1.9024245738983154,-0.015670374035835266,2.210247278213501,-0.017465563490986824,2.50573468208313,-0.024056535214185715,2.8018858432769775,-0.030611548572778702,3.098367214202881,-0.04162095487117767,3.3822121620178223,-0.05320587381720543,3.663762331008911,-0.055783890187740326
2911b04ae82a45f386ad4f79457dd73f,Shift to the lane on the left,0.3026200532913208,-0.010366803035140038,0.6614636182785034,-0.0019589397124946117,0.9849826097488403,-0.022013934329152107,1.3011202812194824,-0.015867456793785095,1.594743013381958,-0.014077937230467796,1.9024245738983154,-0.015670374035835266,2.210247278213501,-0.017465563490986824,2.50573468208313,-0.024056535214185715,2.8018858432769775,-0.030611548572778702,3.098367214202881,-0.04162095487117767,3.3822121620178223,-0.05320587381720543,3.663762331008911,-0.055783890187740326
dc8302cfccdb4812a0a4a60dde595e18,,0.24663487076759338,-0.009973512962460518,0.532793402671814,-0.004599812440574169,0.7863258719444275,-0.028888355940580368,1.0343601703643799,-0.024300042539834976,1.260892391204834,-0.029448192566633224,1.5033503770828247,-0.03155107796192169,1.7444202899932861,-0.041096583008766174,1.9760539531707764,-0.05405912548303604,2.205193519592285,-0.05760890990495682,2.4361753463745117,-0.07560782134532928,2.6595077514648438,-0.08906714618206024,2.8920176029205322,-0.09699301421642303
dc8302cfccdb4812a0a4a60dde595e18,Keep a safe distance between the individual on the bicycle in front of you,0.2466348260641098,-0.009973512031137943,0.5327934622764587,-0.0045998129062354565,0.7863258719444275,-0.028888355940580368,1.0343600511550903,-0.024300040677189827,1.260892629623413,-0.029448194429278374,1.5033503770828247,-0.03155107796192169,1.7444199323654175,-0.04109658673405647,1.9760539531707764,-0.05405912920832634,2.205193281173706,-0.057608917355537415,2.4361751079559326,-0.07560782134532928,2.6595077514648438,-0.08906714618206024,2.8920176029205322,-0.09699301421642303
078e6d7a3d4a429bba404bf12c7a98f2,,0.25193315744400024,-0.009593652561306953,0.5504118800163269,-0.004116008523851633,0.8213021755218506,-0.026791982352733612,1.0912419557571411,-0.021149825304746628,1.3342946767807007,-0.022292712703347206,1.6007671356201172,-0.026685604825615883,1.862989902496338,-0.03342399746179581,2.112826347351074,-0.043445274233818054,2.3678927421569824,-0.05599503964185715,2.6194379329681396,-0.06773210316896439,2.859922170639038,-0.08451278507709503,3.101257801055908,-0.09458447247743607
078e6d7a3d4a429bba404bf12c7a98f2,"Slightly go onto the left lane, if it is safe, to avoid the parked vehicle on the right side of your lane.",0.25193315744400024,-0.009593652561306953,0.5504118800163269,-0.004116008523851633,0.8213021755218506,-0.026791982352733612,1.0912419557571411,-0.021149827167391777,1.3342946767807007,-0.022292710840702057,1.6007672548294067,-0.026685604825615883,1.862989902496338,-0.03342399746179581,2.112826347351074,-0.043445274233818054,2.3678927421569824,-0.05599502846598625,2.6194379329681396,-0.06773210316896439,2.859922170639038,-0.08451279252767563,3.101257801055908,-0.09458447247743607
078e6d7a3d4a429bba404bf12c7a98f2,Go around the stopped vehicle on the road by going in the left lane only if it's safe to do so,0.25193315744400024,-0.009593652561306953,0.5504118800163269,-0.004116008523851633,0.8213021755218506,-0.026791982352733612,1.0912419557571411,-0.021149827167391777,1.3342946767807007,-0.02229270711541176,1.6007672548294067,-0.026685604825615883,1.862989902496338,-0.03342399746179581,2.112826347351074,-0.043445274233818054,2.3678927421569824,-0.05599502846598625,2.6194379329681396,-0.06773210316896439,2.859922170639038,-0.08451279252767563,3.101257801055908,-0.09458446502685547
1e9283d1ce98428aaa3b851487eb4f58,"turn right, go around the vehicle",0.21862618625164032,-0.01196944247931242,0.47687748074531555,-0.0194544680416584,0.7032070159912109,-0.06638117879629135,0.9279290437698364,-0.09111719578504562,1.1340606212615967,-0.12958520650863647,1.358398199081421,-0.17297765612602234,1.581565260887146,-0.22494763135910034,1.7988812923431396,-0.28550222516059875,2.0156731605529785,-0.3415907323360443,2.2364580631256104,-0.4101584255695343,2.447679042816162,-0.477413535118103,2.668337106704712,-0.5392206311225891
1e9283d1ce98428aaa3b851487eb4f58,Make a right turn at the intersection,0.21862618625164032,-0.01196944247931242,0.47687748074531555,-0.0194544680416584,0.7032070159912109,-0.06638117879629135,0.9279290437698364,-0.09111719578504562,1.1340606212615967,-0.12958520650863647,1.358398199081421,-0.17297765612602234,1.581565260887146,-0.22494763135910034,1.7988812923431396,-0.28550222516059875,2.0156731605529785,-0.3415907323360443,2.2364580631256104,-0.4101584255695343,2.447679042816162,-0.477413535118103,2.668337106704712,-0.5392206311225891
1e9283d1ce98428aaa3b851487eb4f58,Make a right turn at the light. Go around the stopped vehicle by going in the opposite lane only if it's safe to do so,0.21862618625164032,-0.01196944247931242,0.47687748074531555,-0.0194544680416584,0.7032070159912109,-0.06638117879629135,0.9279290437698364,-0.09111719578504562,1.1340606212615967,-0.12958520650863647,1.358398199081421,-0.17297765612602234,1.581565260887146,-0.22494763135910034,1.7988812923431396,-0.28550222516059875,2.0156731605529785,-0.3415907323360443,2.2364580631256104,-0.4101584255695343,2.447679042816162,-0.477413535118103,2.668337106704712,-0.5392206311225891
02e484442a2f411b971edcf96ebbe885,,0.16462421417236328,-0.007730909623205662,0.3765091598033905,-0.010411574505269527,0.5627947449684143,-0.03542857989668846,0.7593370676040649,-0.0364794097840786,0.9342712759971619,-0.04756594076752663,1.135948657989502,-0.06128586083650589,1.3318818807601929,-0.07682548463344574,1.5312905311584473,-0.10062243044376373,1.7211723327636719,-0.12011150270700455,1.9282913208007812,-0.1356983184814453,2.1136362552642822,-0.16587010025978088,2.3194777965545654,-0.1835426539182663
02e484442a2f411b971edcf96ebbe885,"When the light turns green, proceed straight",0.16462422907352448,-0.0077309082262218,0.3765091896057129,-0.010411574505269527,0.5627947449684143,-0.03542857617139816,0.7593370676040649,-0.036479417234659195,0.9342712759971619,-0.04756593704223633,1.1359487771987915,-0.061285872012376785,1.3318818807601929,-0.07682548463344574,1.5312905311584473,-0.10062244534492493,1.7211724519729614,-0.12011150270700455,1.9282914400100708,-0.1356983333826065,2.1136362552642822,-0.16587011516094208,2.3194780349731445,-0.1835426539182663
02e484442a2f411b971edcf96ebbe885,Come to a stop when you appraoch the parked vehicle in front,0.16462422907352448,-0.007730906829237938,0.3765091896057129,-0.010411573573946953,0.5627948045730591,-0.03542857617139816,0.7593371272087097,-0.03647942095994949,0.9342713952064514,-0.04756593331694603,1.1359487771987915,-0.061285875737667084,1.3318818807601929,-0.07682549208402634,1.5312905311584473,-0.10062245279550552,1.7211724519729614,-0.12011151015758514,1.9282914400100708,-0.1356983482837677,2.1136364936828613,-0.16587013006210327,2.3194780349731445,-0.1835426688194275
5a2aac9df32945d183fc81924ff148b6,,0.22122623026371002,-0.014408992603421211,0.4722312092781067,-0.029087889939546585,0.7054857015609741,-0.08863773941993713,0.9383055567741394,-0.13420061767101288,1.1490288972854614,-0.19425208866596222,1.3880304098129272,-0.2628384232521057,1.6249040365219116,-0.34182146191596985,1.8452610969543457,-0.43146562576293945,2.081754684448242,-0.5253152251243591,2.3141157627105713,-0.6320446729660034,2.5371651649475098,-0.7307194471359253,2.7588865756988525,-0.8312938213348389
5a2aac9df32945d183fc81924ff148b6,Switch to the right lane when you see the parked vehicle ahead.,0.22122623026371002,-0.01440899446606636,0.4722312092781067,-0.029087889939546585,0.7054857015609741,-0.08863773941993713,0.9383055567741394,-0.13420061767101288,1.1490287780761719,-0.19425208866596222,1.3880304098129272,-0.2628384232521057,1.6249040365219116,-0.34182146191596985,1.8452610969543457,-0.43146562576293945,2.081754684448242,-0.5253152251243591,2.3141157627105713,-0.6320446729660034,2.5371651649475098,-0.7307194471359253,2.7588865756988525,-0.8312938213348389
