sample_token,instruction,x1,y1,x2,y2,x3,y3,x4,y4,x5,y5,x6,y6,x7,y7,x8,y8,x9,y9,x10,y10,x11,y11,x12,y12
c6c092a66329470f836714f46b92d59b,"go straight, move away slightly from parked vehicles",5.6805901527404785,0.6291019916534424,11.483017921447754,-0.6192956566810608,16.489185333251953,-0.4693368375301361,21.399473190307617,-0.02093316614627838,26.494144439697266,0.1052246168255806,31.429283142089844,0.11068612337112427,36.595550537109375,0.4635591506958008,41.12619400024414,0.28727924823760986,45.86805725097656,0.40482279658317566,50.40869903564453,0.5890418887138367,55.017024993896484,0.6467804908752441,59.68702697753906,0.8639281988143921
c6c092a66329470f836714f46b92d59b,Continue going straight and move slightly right to avoid the truck on your left.,5.6805901527404785,0.6291019916534424,11.483017921447754,-0.6192956566810608,16.489185333251953,-0.4693368375301361,21.399473190307617,-0.02093316614627838,26.494144439697266,0.1052246168255806,31.429283142089844,0.11068612337112427,36.595550537109375,0.4635591506958008,41.12619400024414,0.28727924823760986,45.86805725097656,0.40482279658317566,50.40869903564453,0.5890418887138367,55.017024993896484,0.6467804908752441,59.68702697753906,0.8639281988143921
c6c092a66329470f836714f46b92d59b,,5.6805901527404785,0.6291020512580872,11.483016967773438,-0.6192956566810608,16.489185333251953,-0.4693368375301361,21.399473190307617,-0.020933164283633232,26.494144439697266,0.1052246242761612,31.42928695678711,0.11068611592054367,36.595550537109375,0.4635591506958008,41.12619400024414,0.28727924823760986,45.868064880371094,0.40482276678085327,50.40870666503906,0.5890418887138367,55.01701736450195,0.6467804908752441,59.68702697753906,0.8639281392097473
c6c092a66329470f836714f46b92d59b,Stay on the right side of the lane to avoid hitting the car on your left side of the lane,5.6805901527404785,0.6291019916534424,11.483017921447754,-0.6192956566810608,16.489185333251953,-0.4693368375301361,21.399473190307617,-0.02093316614627838,26.494144439697266,0.1052246168255806,31.429283142089844,0.11068612337112427,36.595550537109375,0.4635591506958008,41.12619400024414,0.28727924823760986,45.86805725097656,0.40482279658317566,50.40869903564453,0.5890418887138367,55.017024993896484,0.6467804908752441,59.68702697753906,0.8639281988143921
c6c092a66329470f836714f46b92d59b,Keep staying on the right side to avoid hitting the second car on the left side of your lane,5.6805901527404785,0.6291019916534424,11.483017921447754,-0.6192956566810608,16.489185333251953,-0.4693368375301361,21.399473190307617,-0.02093316614627838,26.494144439697266,0.1052246168255806,31.429283142089844,0.11068612337112427,36.595550537109375,0.4635591506958008,41.12619400024414,0.28727924823760986,45.86805725097656,0.40482279658317566,50.40869903564453,0.5890418887138367,55.017024993896484,0.6467804908752441,59.68702697753906,0.8639281988143921
c6c092a66329470f836714f46b92d59b,Go back onto the left lane,5.6805901527404785,0.6291019916534424,11.483017921447754,-0.6192956566810608,16.489185333251953,-0.4693368375301361,21.399473190307617,-0.02093316614627838,26.494144439697266,0.1052246168255806,31.429283142089844,0.11068612337112427,36.595550537109375,0.4635591506958008,41.12619400024414,0.28727924823760986,45.86805725097656,0.40482279658317566,50.40869903564453,0.5890418887138367,55.017024993896484,0.6467804908752441,59.68702697753906,0.8639281988143921
8758419c03ab47a59ea6d6620176f3a3,slow down at the intersection and wait for the white truck to turn then continue,4.572686195373535,0.45637714862823486,8.943042755126953,-0.4044664204120636,12.939553260803223,-0.28659725189208984,16.893524169921875,0.0777902752161026,20.761701583862305,0.15552011132240295,24.48518180847168,0.30986666679382324,28.5377197265625,0.5403046607971191,32.02320098876953,0.5416808724403381,35.61903762817383,0.6648971438407898,39.12125778198242,0.7653946280479431,42.590023040771484,0.9266936779022217,46.134490966796875,1.1199605464935303
8758419c03ab47a59ea6d6620176f3a3,Keep going straight and follow the same lane.,4.572686195373535,0.45637714862823486,8.943042755126953,-0.4044664204120636,12.939553260803223,-0.28659725189208984,16.893524169921875,0.0777902752161026,20.761701583862305,0.15552011132240295,24.48518180847168,0.30986666679382324,28.5377197265625,0.5403046607971191,32.02320098876953,0.5416808724403381,35.61903762817383,0.6648971438407898,39.12125778198242,0.7653946280479431,42.590023040771484,0.9266936779022217,46.134490966796875,1.1199605464935303
8758419c03ab47a59ea6d6620176f3a3,go straight,4.572686195373535,0.45637714862823486,8.943042755126953,-0.4044664204120636,12.939553260803223,-0.28659725189208984,16.893524169921875,0.0777902752161026,20.761701583862305,0.15552011132240295,24.48518180847168,0.30986666679382324,28.5377197265625,0.5403046607971191,32.02320098876953,0.5416808724403381,35.61903762817383,0.6648971438407898,39.12125778198242,0.7653946280479431,42.590023040771484,0.9266936779022217,46.134490966796875,1.1199605464935303
8758419c03ab47a59ea6d6620176f3a3,,4.572686195373535,0.45637714862823486,8.943042755126953,-0.4044664204120636,12.939553260803223,-0.28659725189208984,16.893524169921875,0.0777902752161026,20.761701583862305,0.15552011132240295,24.48518180847168,0.30986666679382324,28.5377197265625,0.5403046607971191,32.02320098876953,0.5416808724403381,35.61903762817383,0.6648971438407898,39.12125778198242,0.7653946280479431,42.590023040771484,0.9266936779022217,46.134490966796875,1.1199605464935303
8758419c03ab47a59ea6d6620176f3a3,Slow down when the white truck turns left,4.572686195373535,0.45637714862823486,8.943042755126953,-0.4044664204120636,12.939553260803223,-0.28659725189208984,16.893524169921875,0.0777902752161026,20.761701583862305,0.15552011132240295,24.48518180847168,0.30986666679382324,28.5377197265625,0.5403046607971191,32.02320098876953,0.5416808724403381,35.61903762817383,0.6648971438407898,39.12125778198242,0.7653946280479431,42.590023040771484,0.9266936779022217,46.134490966796875,1.1199605464935303
4047f251c21a475abb49518e0fa6fa9e,continue straight at the intersection,5.63629674911499,0.6254531145095825,11.456377983093262,-0.6514827013015747,16.45909309387207,-0.5543639659881592,21.37128448486328,-0.16074909269809723,26.481504440307617,-0.11869878321886063,31.43767547607422,-0.17606520652770996,36.61446762084961,0.11097965389490128,41.13180923461914,-0.18852904438972473,45.93777847290039,-0.15161721408367157,50.45811080932617,-0.05897539108991623,55.078399658203125,-0.12050708383321762,59.76552963256836,-0.013380911201238632
4047f251c21a475abb49518e0fa6fa9e,,5.636296272277832,0.6254531741142273,11.456378936767578,-0.6514827609062195,16.459095001220703,-0.5543639659881592,21.37128448486328,-0.16074909269809723,26.48150634765625,-0.11869878321886063,31.43767547607422,-0.17606520652770996,36.614463806152344,0.11097968369722366,41.131797790527344,-0.18852905929088593,45.93777847290039,-0.15161722898483276,50.45811462402344,-0.05897539108991623,55.07839584350586,-0.12050708383321762,59.76553726196289,-0.013380921445786953
cf550d9670274ac1a7f274fbacb39c48,"at the end of the construction turn right at the intersection, merge onto the left lane",3.8943405151367188,0.3388577997684479,7.724532127380371,-0.557363748550415,11.246338844299316,-0.8589566349983215,14.75631332397461,-0.9521645307540894,18.08990478515625,-1.3962620496749878,21.274438858032227,-1.8143668174743652,24.672470092773438,-2.0987775325775146,27.847700119018555,-2.854200601577759,30.926076889038086,-3.253390073776245,34.00230407714844,-3.899935722351074,37.08340072631836,-4.645603179931641,40.00495147705078,-5.103672504425049
cf550d9670274ac1a7f274fbacb39c48,Slow down and watch the pedestrian and the turn right and continue going straight,3.8943405151367188,0.3388577997684479,7.724532127380371,-0.557363748550415,11.246338844299316,-0.8589566349983215,14.75631332397461,-0.9521645307540894,18.08990478515625,-1.3962620496749878,21.274438858032227,-1.8143668174743652,24.672470092773438,-2.0987775325775146,27.847700119018555,-2.854200601577759,30.926076889038086,-3.253390073776245,34.00230407714844,-3.899935722351074,37.08340072631836,-4.645603179931641,40.00495147705078,-5.103672504425049
cf550d9670274ac1a7f274fbacb39c48,"turn right on the T-junction, then slide into the leftmost lane",3.8943405151367188,0.3388577997684479,7.724532127380371,-0.557363748550415,11.246338844299316,-0.8589566349983215,14.75631332397461,-0.9521645307540894,18.08990478515625,-1.3962620496749878,21.274438858032227,-1.8143668174743652,24.672470092773438,-2.0987775325775146,27.847700119018555,-2.854200601577759,30.926076889038086,-3.253390073776245,34.00230407714844,-3.899935722351074,37.08340072631836,-4.645603179931641,40.00495147705078,-5.103672504425049
cf550d9670274ac1a7f274fbacb39c48,"make a right turn, switch to the left lane",3.8943405151367188,0.3388577997684479,7.724532127380371,-0.557363748550415,11.246338844299316,-0.8589566349983215,14.75631332397461,-0.9521645307540894,18.08990478515625,-1.3962620496749878,21.274438858032227,-1.8143668174743652,24.672470092773438,-2.0987775325775146,27.847700119018555,-2.854200601577759,30.926076889038086,-3.253390073776245,34.00230407714844,-3.899935722351074,37.08340072631836,-4.645603179931641,40.00495147705078,-5.103672504425049
cf550d9670274ac1a7f274fbacb39c48,Slow down when the person crosses the road,3.8943405151367188,0.3388577997684479,7.724532127380371,-0.557363748550415,11.246338844299316,-0.8589566349983215,14.75631332397461,-0.9521645307540894,18.08990478515625,-1.3962620496749878,21.274438858032227,-1.8143668174743652,24.672470092773438,-2.0987775325775146,27.847700119018555,-2.854200601577759,30.926076889038086,-3.253390073776245,34.00230407714844,-3.899935722351074,37.08340072631836,-4.645603179931641,40.00495147705078,-5.103672504425049
cf550d9670274ac1a7f274fbacb39c48,Turn right at the intersection,3.8943405151367188,0.3388577997684479,7.724532127380371,-0.557363748550415,11.246338844299316,-0.8589566349983215,14.75631332397461,-0.9521645307540894,18.08990478515625,-1.3962620496749878,21.274438858032227,-1.8143668174743652,24.672470092773438,-2.0987775325775146,27.847700119018555,-2.854200601577759,30.926076889038086,-3.253390073776245,34.00230407714844,-3.899935722351074,37.08340072631836,-4.645603179931641,40.00495147705078,-5.103672504425049
095d9b93b583425f910ae2afaf1d017d,turn left at the intersection and continue straight,5.219539642333984,0.5997032523155212,10.585543632507324,-0.5108506083488464,15.15869140625,-0.21212275326251984,19.710237503051758,0.38126838207244873,24.396718978881836,0.6656607389450073,28.875648498535156,0.8912563323974609,33.57130432128906,1.3938480615615845,37.855712890625,1.6578515768051147,42.08692169189453,1.9494446516036987,46.33397674560547,2.462618827819824,50.611637115478516,2.751112699508667,54.90082550048828,3.1865124702453613
095d9b93b583425f910ae2afaf1d017d,Keeping going straight then at the next turn take a left,5.219539642333984,0.5997032523155212,10.585543632507324,-0.5108506083488464,15.15869140625,-0.21212275326251984,19.710237503051758,0.38126838207244873,24.396718978881836,0.6656607389450073,28.875648498535156,0.8912563323974609,33.57130432128906,1.3938480615615845,37.855712890625,1.6578515768051147,42.08692169189453,1.9494446516036987,46.33397674560547,2.462618827819824,50.611637115478516,2.751112699508667,54.90082550048828,3.1865124702453613
095d9b93b583425f910ae2afaf1d017d,turn left at the intersection,5.219539642333984,0.5997032523155212,10.585543632507324,-0.5108506083488464,15.15869140625,-0.21212275326251984,19.710237503051758,0.38126838207244873,24.396718978881836,0.6656607389450073,28.875648498535156,0.8912563323974609,33.57130432128906,1.3938480615615845,37.855712890625,1.6578515768051147,42.08692169189453,1.9494446516036987,46.33397674560547,2.462618827819824,50.611637115478516,2.751112699508667,54.90082550048828,3.1865124702453613
095d9b93b583425f910ae2afaf1d017d,turn left,5.219539642333984,0.5997032523155212,10.585543632507324,-0.5108506083488464,15.15869140625,-0.21212275326251984,19.710237503051758,0.38126838207244873,24.396718978881836,0.6656607389450073,28.875648498535156,0.8912563323974609,33.57130432128906,1.3938480615615845,37.855712890625,1.6578515768051147,42.08692169189453,1.9494446516036987,46.33397674560547,2.462618827819824,50.611637115478516,2.751112699508667,54.90082550048828,3.1865124702453613
095d9b93b583425f910ae2afaf1d017d,Take the very first left and stay on the leftmost lane,5.219539642333984,0.5997032523155212,10.585543632507324,-0.5108506083488464,15.15869140625,-0.21212275326251984,19.710237503051758,0.38126838207244873,24.396718978881836,0.6656607389450073,28.875648498535156,0.8912563323974609,33.57130432128906,1.3938480615615845,37.855712890625,1.6578515768051147,42.08692169189453,1.9494446516036987,46.33397674560547,2.462618827819824,50.611637115478516,2.751112699508667,54.90082550048828,3.1865124702453613
8b43539a55374b6c8ed60c95a42d63a2,turn left at the end of the intersection and drive around avoiding parked trucks on the road,4.403225421905518,0.5195865631103516,8.635491371154785,-0.20631322264671326,12.406184196472168,0.18645310401916504,16.340620040893555,0.7630040645599365,20.04407501220703,1.2335774898529053,23.60274887084961,1.7547839879989624,27.645973205566406,2.2869975566864014,31.08643341064453,2.9186835289001465,34.5888671875,3.4209108352661133,38.063621520996094,3.980482816696167,41.59722137451172,4.613394737243652,45.12355041503906,5.234017372131348
8b43539a55374b6c8ed60c95a42d63a2,Take a left turn and aviad the cars and trucks  to the left. Split the lane until the trucks clear up.,4.403223514556885,0.519585907459259,8.635489463806152,-0.20631298422813416,12.406182289123535,0.1864534169435501,16.340618133544922,0.7630050182342529,20.0440731048584,1.2335768938064575,23.602745056152344,1.7547850608825684,27.64596939086914,2.2869999408721924,31.08642578125,2.918686628341675,34.58885955810547,3.4209156036376953,38.063621520996094,3.9804868698120117,41.59721374511719,4.613399982452393,45.12354278564453,5.23402214050293
8b43539a55374b6c8ed60c95a42d63a2,turn right at the intersection,4.403223037719727,0.5195854902267456,8.635488510131836,-0.20631290972232819,12.406182289123535,0.1864536851644516,16.340618133544922,0.7630054354667664,20.044069290161133,1.2335764169692993,23.602745056152344,1.7547856569290161,27.645965576171875,2.287001371383667,31.08642578125,2.9186880588531494,34.58885955810547,3.4209177494049072,38.06361389160156,3.9804887771606445,41.59721374511719,4.613401889801025,45.12354278564453,5.2340240478515625
8b43539a55374b6c8ed60c95a42d63a2,"turn left, avoid road obstruction",4.403223037719727,0.5195857286453247,8.635488510131836,-0.20631292462348938,12.406182289123535,0.1864534169435501,16.340618133544922,0.7630051970481873,20.044071197509766,1.2335766553878784,23.602745056152344,1.754785180091858,27.645965576171875,2.2870004177093506,31.08642578125,2.918687343597412,34.58885955810547,3.420916795730591,38.06361389160156,3.980487823486328,41.59721374511719,4.613400936126709,45.12354278564453,5.234022617340088
8b43539a55374b6c8ed60c95a42d63a2,Make a left turn,4.403219223022461,0.5195838212966919,8.63548469543457,-0.20631234347820282,12.406180381774902,0.18645422160625458,16.340614318847656,0.7630075216293335,20.04405975341797,1.2335752248764038,23.602739334106445,1.7547879219055176,27.645952224731445,2.2870068550109863,31.08641242980957,2.9186949729919434,34.58884811401367,3.4209282398223877,38.063602447509766,3.980497121810913,41.597198486328125,4.613413333892822,45.12351989746094,5.234035015106201
8b43539a55374b6c8ed60c95a42d63a2,"Stay in the middle of the lane to avoid the vehicles on the left and right sides of the road, but then proceed to switching to the left lanes ones the cars on the left clear.",4.403223991394043,0.5195860266685486,8.635489463806152,-0.2063130885362625,12.406182289123535,0.18645331263542175,16.340618133544922,0.7630049586296082,20.0440731048584,1.233577013015747,23.60274887084961,1.7547850608825684,27.64596939086914,2.2869997024536133,31.08642578125,2.9186863899230957,34.5888671875,3.420914649963379,38.063621520996094,3.9804861545562744,41.59721374511719,4.613399028778076,45.12354278564453,5.2340216636657715
30e77a3561ce4f1bb4fd90e322ea29d7,wait until there are no vehicles approaching from behind,0.2977854609489441,-0.03610105812549591,0.46022626757621765,-0.10942459851503372,0.8251302242279053,-0.02773813158273697,1.2875536680221558,0.006674792151898146,1.7983362674713135,-0.06074678152799606,2.3257598876953125,-0.11443640291690826,2.6872286796569824,-0.13200177252292633,3.4258599281311035,-0.16578058898448944,4.041418075561523,-0.04932131990790367,4.7031331062316895,-0.20123222470283508,5.4984450340271,-0.2157813310623169,6.062924385070801,-0.19109991192817688
30e77a3561ce4f1bb4fd90e322ea29d7,,0.2977854609489441,-0.03610105812549591,0.46022626757621765,-0.10942459106445312,0.8251302242279053,-0.02773813158273697,1.2875535488128662,0.006674792617559433,1.7983362674713135,-0.06074678897857666,2.3257601261138916,-0.11443640291690826,2.6872284412384033,-0.13200177252292633,3.4258599281311035,-0.16578058898448944,4.041418075561523,-0.04932131990790367,4.703133583068848,-0.2012322098016739,5.4984450340271,-0.2157813310623169,6.062924385070801,-0.19109991192817688
30e77a3561ce4f1bb4fd90e322ea29d7,check for incoming vehicles on left lane,0.2977854609489441,-0.03610105812549591,0.46022626757621765,-0.10942459851503372,0.8251302242279053,-0.02773813158273697,1.2875536680221558,0.006674792151898146,1.7983362674713135,-0.06074678152799606,2.3257598876953125,-0.11443640291690826,2.6872286796569824,-0.13200177252292633,3.4258599281311035,-0.16578058898448944,4.041418075561523,-0.04932131990790367,4.7031331062316895,-0.20123222470283508,5.4984450340271,-0.2157813310623169,6.062924385070801,-0.19109991192817688
30e77a3561ce4f1bb4fd90e322ea29d7,"Slowly move forward when there are no cars approaching from behind, but stop once cars are nearby.",0.2977854609489441,-0.03610105812549591,0.46022626757621765,-0.10942459851503372,0.8251302242279053,-0.02773813158273697,1.2875536680221558,0.006674792151898146,1.7983362674713135,-0.06074678152799606,2.3257598876953125,-0.11443640291690826,2.6872286796569824,-0.13200177252292633,3.4258599281311035,-0.16578058898448944,4.041418075561523,-0.04932131990790367,4.7031331062316895,-0.20123222470283508,5.4984450340271,-0.2157813310623169,6.062924385070801,-0.19109991192817688
a5d7cc4bf3404cccb89932d94ccb9da6,turn left here continue straight,3.7222959995269775,0.38682126998901367,7.221842288970947,-0.16424760222434998,10.46524429321289,0.20573705434799194,13.873058319091797,0.7197043895721436,17.04181480407715,1.0765109062194824,20.129634857177734,1.6371681690216064,23.501108169555664,2.130847454071045,26.532459259033203,2.6987242698669434,29.50395965576172,3.1551554203033447,32.499637603759766,3.647660255432129,35.44132995605469,4.336082458496094,38.50383377075195,4.8408098220825195
a5d7cc4bf3404cccb89932d94ccb9da6,,3.7222959995269775,0.3868212401866913,7.221843242645264,-0.16424760222434998,10.46524429321289,0.20573703944683075,13.87305736541748,0.7197043895721436,17.04181480407715,1.0765107870101929,20.129634857177734,1.6371681690216064,23.50110626220703,2.130847454071045,26.532459259033203,2.6987242698669434,29.50395965576172,3.1551554203033447,32.499637603759766,3.6476597785949707,35.44132995605469,4.336082458496094,38.50383377075195,4.8408098220825195
a5d7cc4bf3404cccb89932d94ccb9da6,turn left at the intersection,3.7222959995269775,0.38682126998901367,7.221842288970947,-0.16424760222434998,10.46524429321289,0.20573705434799194,13.873058319091797,0.7197043895721436,17.04181480407715,1.0765109062194824,20.129634857177734,1.6371681690216064,23.501108169555664,2.130847454071045,26.532459259033203,2.6987242698669434,29.50395965576172,3.1551554203033447,32.499637603759766,3.647660255432129,35.44132995605469,4.336082458496094,38.50383377075195,4.8408098220825195
a5d7cc4bf3404cccb89932d94ccb9da6,turn left,3.7222959995269775,0.38682126998901367,7.221842288970947,-0.16424760222434998,10.46524429321289,0.20573705434799194,13.873058319091797,0.7197043895721436,17.04181480407715,1.0765109062194824,20.129634857177734,1.6371681690216064,23.501108169555664,2.130847454071045,26.532459259033203,2.6987242698669434,29.50395965576172,3.1551554203033447,32.499637603759766,3.647660255432129,35.44132995605469,4.336082458496094,38.50383377075195,4.8408098220825195
fbf27198b3424e28ab1de2a12eb3dc4a,turn right at the intersection when no vehicles are approaching,0.21536724269390106,-0.03509630635380745,0.3531539738178253,-0.12019578367471695,0.6527480483055115,-0.029833488166332245,1.0584248304367065,0.03270374983549118,1.554692029953003,0.01169685460627079,1.9862529039382935,-0.03918984904885292,2.2896106243133545,-0.04617393761873245,3.0099027156829834,-0.09350892901420593,3.568389892578125,0.05939873680472374,4.212424278259277,-0.07724802941083908,4.949875831604004,-0.09627032279968262,5.447018146514893,-0.01946616731584072
fbf27198b3424e28ab1de2a12eb3dc4a,Take a right turn and then continue.,0.21536724269390106,-0.03509630635380745,0.3531539738178253,-0.12019578367471695,0.6527480483055115,-0.029833488166332245,1.0584248304367065,0.03270374983549118,1.554692029953003,0.01169685460627079,1.9862529039382935,-0.03918984904885292,2.2896106243133545,-0.04617393761873245,3.0099027156829834,-0.09350892901420593,3.568389892578125,0.05939873680472374,4.212424278259277,-0.07724802941083908,4.949875831604004,-0.09627032279968262,5.447018146514893,-0.01946616731584072
fbf27198b3424e28ab1de2a12eb3dc4a,stop at the intersection then turn right,0.21536724269390106,-0.03509630635380745,0.3531539738178253,-0.12019578367471695,0.6527480483055115,-0.029833488166332245,1.0584248304367065,0.03270374983549118,1.554692029953003,0.01169685460627079,1.9862529039382935,-0.03918984904885292,2.2896106243133545,-0.04617393761873245,3.0099027156829834,-0.09350892901420593,3.568389892578125,0.05939873680472374,4.212424278259277,-0.07724802941083908,4.949875831604004,-0.09627032279968262,5.447018146514893,-0.01946616731584072
fbf27198b3424e28ab1de2a12eb3dc4a,wait for incoming traffic then turn right,0.21536724269390106,-0.03509630635380745,0.3531539738178253,-0.12019578367471695,0.6527480483055115,-0.029833488166332245,1.0584248304367065,0.03270374983549118,1.554692029953003,0.01169685460627079,1.9862529039382935,-0.03918984904885292,2.2896106243133545,-0.04617393761873245,3.0099027156829834,-0.09350892901420593,3.568389892578125,0.05939873680472374,4.212424278259277,-0.07724802941083908,4.949875831604004,-0.09627032279968262,5.447018146514893,-0.01946616731584072
fbf27198b3424e28ab1de2a12eb3dc4a,Make a right turn when the white vehicle passes you from the left.,0.21536724269390106,-0.03509630635380745,0.3531539738178253,-0.12019578367471695,0.6527480483055115,-0.029833488166332245,1.0584248304367065,0.03270374983549118,1.554692029953003,0.01169685460627079,1.9862529039382935,-0.03918984904885292,2.2896106243133545,-0.04617393761873245,3.0099027156829834,-0.09350892901420593,3.568389892578125,0.05939873680472374,4.212424278259277,-0.07724802941083908,4.949875831604004,-0.09627032279968262,5.447018146514893,-0.01946616731584072
cba3ddd5c3664a43b6a08e586e094900,turn right and continue straight,4.241980075836182,0.4003991186618805,8.423961639404297,-0.6646037101745605,12.193132400512695,-0.9480661749839783,15.945556640625,-1.0163668394088745,19.71038246154785,-1.4895997047424316,23.233736038208008,-1.940713882446289,27.22529411315918,-2.342660665512085,30.67960548400879,-3.077023506164551,34.34058380126953,-3.600101947784424,37.81167984008789,-4.3402299880981445,41.42576599121094,-5.074116230010986,44.884239196777344,-5.665449142456055
cba3ddd5c3664a43b6a08e586e094900,Take a right turn and then continue going straight.,4.241980075836182,0.4003991186618805,8.423961639404297,-0.6646037101745605,12.193132400512695,-0.9480661749839783,15.945556640625,-1.0163668394088745,19.71038246154785,-1.4895997047424316,23.233736038208008,-1.940713882446289,27.22529411315918,-2.342660665512085,30.67960548400879,-3.077023506164551,34.34058380126953,-3.600101947784424,37.81167984008789,-4.3402299880981445,41.42576599121094,-5.074116230010986,44.884239196777344,-5.665449142456055
cba3ddd5c3664a43b6a08e586e094900,turn right at the intersection,4.241980075836182,0.4003991186618805,8.423961639404297,-0.6646037101745605,12.193132400512695,-0.9480661749839783,15.945556640625,-1.0163668394088745,19.71038246154785,-1.4895997047424316,23.233736038208008,-1.940713882446289,27.22529411315918,-2.342660665512085,30.67960548400879,-3.077023506164551,34.34058380126953,-3.600101947784424,37.81167984008789,-4.3402299880981445,41.42576599121094,-5.074116230010986,44.884239196777344,-5.665449142456055
cba3ddd5c3664a43b6a08e586e094900,turn right,4.241980075836182,0.4003991186618805,8.423961639404297,-0.6646037101745605,12.193132400512695,-0.9480661749839783,15.945556640625,-1.0163668394088745,19.71038246154785,-1.4895997047424316,23.233736038208008,-1.940713882446289,27.22529411315918,-2.342660665512085,30.67960548400879,-3.077023506164551,34.34058380126953,-3.600101947784424,37.81167984008789,-4.3402299880981445,41.42576599121094,-5.074116230010986,44.884239196777344,-5.665449142456055
cba3ddd5c3664a43b6a08e586e094900,Make a right turn into the middle lane and go straight,4.241980075836182,0.4003991186618805,8.423961639404297,-0.6646037101745605,12.193132400512695,-0.9480661749839783,15.945556640625,-1.0163668394088745,19.71038246154785,-1.4895997047424316,23.233736038208008,-1.940713882446289,27.22529411315918,-2.342660665512085,30.67960548400879,-3.077023506164551,34.34058380126953,-3.600101947784424,37.81167984008789,-4.3402299880981445,41.42576599121094,-5.074116230010986,44.884239196777344,-5.665449142456055
91c071bcc1ad4fa1b555399e1cfbab79,,4.014712810516357,0.3534480333328247,7.7049384117126465,-0.3373846709728241,11.228705406188965,-0.3824683129787445,14.695929527282715,-0.10660656541585922,17.92731285095215,-0.15750207006931305,21.009477615356445,-0.13006561994552612,24.340435028076172,0.013076080940663815,27.335603713989258,-0.186711385846138,30.26375961303711,-0.11826501786708832,33.21147918701172,-0.19146908819675446,36.02433776855469,-0.23968107998371124,38.919334411621094,-0.10081323236227036
91c071bcc1ad4fa1b555399e1cfbab79,stop at the intersection behind the car,4.014713287353516,0.3534480333328247,7.7049384117126465,-0.3373846709728241,11.228707313537598,-0.3824682831764221,14.695929527282715,-0.10660657286643982,17.92731475830078,-0.15750208497047424,21.009475708007812,-0.13006561994552612,24.34043312072754,0.01307607814669609,27.335603713989258,-0.186711385846138,30.26375961303711,-0.11826501786708832,33.21147918701172,-0.19146908819675446,36.02433776855469,-0.23968107998371124,38.919342041015625,-0.10081323236227036
91c071bcc1ad4fa1b555399e1cfbab79,slow down,4.014713287353516,0.3534480333328247,7.7049384117126465,-0.3373846709728241,11.228707313537598,-0.3824682831764221,14.695929527282715,-0.10660657286643982,17.92731475830078,-0.15750208497047424,21.009475708007812,-0.13006561994552612,24.34043312072754,0.01307607814669609,27.335603713989258,-0.186711385846138,30.26375961303711,-0.11826501786708832,33.21147918701172,-0.19146908819675446,36.02433776855469,-0.23968107998371124,38.919342041015625,-0.10081323236227036
91c071bcc1ad4fa1b555399e1cfbab79,Stop behind the vehicle in front of you.,4.014713287353516,0.3534480333328247,7.7049384117126465,-0.3373846709728241,11.228707313537598,-0.3824682831764221,14.695929527282715,-0.10660657286643982,17.92731475830078,-0.15750208497047424,21.009475708007812,-0.13006561994552612,24.34043312072754,0.01307607814669609,27.335603713989258,-0.186711385846138,30.26375961303711,-0.11826501786708832,33.21147918701172,-0.19146908819675446,36.02433776855469,-0.23968107998371124,38.919342041015625,-0.10081323236227036
b4b82c4d338a4b6d86835388ce076345,,0.006111951544880867,-0.029895439743995667,-3.1298259273171425e-05,-0.10179492831230164,0.17313247919082642,-0.0431600846350193,0.4714440703392029,0.06286656111478806,0.7707774043083191,0.05003054812550545,1.1315693855285645,-0.023398734629154205,1.351502776145935,-0.04490058496594429,2.0187902450561523,-0.09173329919576645,2.438431739807129,0.007547720335423946,2.9413957595825195,-0.0329117588698864,3.442049026489258,-0.0897887572646141,3.9108965396881104,0.010144459083676338
b4b82c4d338a4b6d86835388ce076345,"once vehicle in front moves, continue straight",0.006111953407526016,-0.029895445331931114,-3.1298259273171425e-05,-0.10179489850997925,0.1731325089931488,-0.0431600846350193,0.47144392132759094,0.06286656111478806,0.7707774639129639,0.050030533224344254,1.131569743156433,-0.023398734629154205,1.351502537727356,-0.04490059241652489,2.018789529800415,-0.09173329174518585,2.438432455062866,0.00754771800711751,2.9413950443267822,-0.0329117476940155,3.442049264907837,-0.08978874236345291,3.9108967781066895,0.010144457221031189
b4b82c4d338a4b6d86835388ce076345,Start moving forward when the vehicle in front of you starts to go forward.,0.006111953407526016,-0.029895445331931114,-3.1298259273171425e-05,-0.10179489850997925,0.1731325089931488,-0.0431600846350193,0.47144392132759094,0.06286656111478806,0.7707774639129639,0.050030533224344254,1.131569743156433,-0.023398734629154205,1.351502537727356,-0.04490059241652489,2.018789529800415,-0.09173329174518585,2.438432455062866,0.00754771800711751,2.9413950443267822,-0.0329117476940155,3.442049264907837,-0.08978874236345291,3.9108967781066895,0.010144457221031189
68e79a88244f447f993a72da444b29ba,follow the white car ahead,4.189835548400879,0.3790041506290436,8.075358390808105,-0.38008227944374084,11.805633544921875,-0.3447633385658264,15.50040340423584,-0.12395666539669037,19.045278549194336,-0.12771408259868622,22.459129333496094,-0.04608011618256569,26.10670280456543,0.04729948937892914,29.395774841308594,-0.06399776041507721,32.66691207885742,-0.03213394805788994,35.912864685058594,-0.11140910536050797,39.06997299194336,-0.07855448126792908,42.29525375366211,-0.036307480186223984
68e79a88244f447f993a72da444b29ba,,4.189835071563721,0.3790041208267212,8.075359344482422,-0.38008227944374084,11.805632591247559,-0.3447633385658264,15.50040340423584,-0.12395664304494858,19.045278549194336,-0.12771406769752502,22.459129333496094,-0.04608011618256569,26.106700897216797,0.047299474477767944,29.39577293395996,-0.0639977753162384,32.66691589355469,-0.03213395178318024,35.91286087036133,-0.11140909790992737,39.069976806640625,-0.07855448126792908,42.295249938964844,-0.03630749136209488
01452fbfbf4543af8acdfd3e8a1ee806,follow the car ahead and go straight,2.0870563983917236,0.16006328165531158,3.92962908744812,-0.2496790885925293,5.885496616363525,-0.24272015690803528,7.836049556732178,-0.12610039114952087,9.70396900177002,-0.21349146962165833,11.576542854309082,-0.2452564537525177,13.461734771728516,-0.2741177976131439,15.335597038269043,-0.4299115836620331,17.113683700561523,-0.41556820273399353,18.952573776245117,-0.5931858420372009,20.822843551635742,-0.6920138001441956,22.574424743652344,-0.6907424330711365
01452fbfbf4543af8acdfd3e8a1ee806,Turn right and then continue going left.,2.0870563983917236,0.16006328165531158,3.92962908744812,-0.2496790885925293,5.885496616363525,-0.24272015690803528,7.836049556732178,-0.12610039114952087,9.70396900177002,-0.21349146962165833,11.576542854309082,-0.2452564537525177,13.461734771728516,-0.2741177976131439,15.335597038269043,-0.4299115836620331,17.113683700561523,-0.41556820273399353,18.952573776245117,-0.5931858420372009,20.822843551635742,-0.6920138001441956,22.574424743652344,-0.6907424330711365
01452fbfbf4543af8acdfd3e8a1ee806,"Wait untill the signal turns green, let the car in front of you start moving, once you have started moving slide into the right lane while avoiding collision with the construction equipment on the side of the road",2.0870563983917236,0.16006328165531158,3.92962908744812,-0.2496790885925293,5.885496616363525,-0.24272015690803528,7.836049556732178,-0.12610039114952087,9.70396900177002,-0.21349146962165833,11.576542854309082,-0.2452564537525177,13.461734771728516,-0.2741177976131439,15.335597038269043,-0.4299115836620331,17.113683700561523,-0.41556820273399353,18.952573776245117,-0.5931858420372009,20.822843551635742,-0.6920138001441956,22.574424743652344,-0.6907424330711365
01452fbfbf4543af8acdfd3e8a1ee806,"once vehicle in front moves, continue straight",2.0870563983917236,0.16006328165531158,3.92962908744812,-0.2496790885925293,5.885496616363525,-0.24272015690803528,7.836049556732178,-0.12610039114952087,9.70396900177002,-0.21349146962165833,11.576542854309082,-0.2452564537525177,13.461734771728516,-0.2741177976131439,15.335597038269043,-0.4299115836620331,17.113683700561523,-0.41556820273399353,18.952573776245117,-0.5931858420372009,20.822843551635742,-0.6920138001441956,22.574424743652344,-0.6907424330711365
01452fbfbf4543af8acdfd3e8a1ee806,Switch to the right lane once you pass all objstructions on the right side of the road.,2.0870563983917236,0.16006328165531158,3.92962908744812,-0.2496790885925293,5.885496616363525,-0.24272015690803528,7.836049556732178,-0.12610039114952087,9.70396900177002,-0.21349146962165833,11.576542854309082,-0.2452564537525177,13.461734771728516,-0.2741177976131439,15.335597038269043,-0.4299115836620331,17.113683700561523,-0.41556820273399353,18.952573776245117,-0.5931858420372009,20.822843551635742,-0.6920138001441956,22.574424743652344,-0.6907424330711365
2ed0fcbfc214478ca3b3ce013e7723ba,continue following the white car ahead,4.301136016845703,0.428361713886261,8.299015045166016,-0.30700910091400146,12.055339813232422,-0.17662988603115082,15.7596435546875,0.20912852883338928,19.345842361450195,0.37007197737693787,22.72149658203125,0.6207308173179626,26.485288619995117,0.8786823749542236,29.710262298583984,0.9781535267829895,33.00355911254883,1.1871445178985596,36.282142639160156,1.3511085510253906,39.449153900146484,1.5859872102737427,42.717464447021484,1.899372935295105
2ed0fcbfc214478ca3b3ce013e7723ba,,4.301136016845703,0.428361713886261,8.299015998840332,-0.30700910091400146,12.055340766906738,-0.17662988603115082,15.759642601013184,0.20912854373455048,19.345842361450195,0.3700719475746155,22.721494674682617,0.6207309365272522,26.485286712646484,0.8786826133728027,29.710264205932617,0.9781534671783447,33.00355911254883,1.1871445178985596,36.28214645385742,1.3511085510253906,39.44915008544922,1.5859873294830322,42.717464447021484,1.899373173713684
2ed0fcbfc214478ca3b3ce013e7723ba,slide into the left-most lane and coninue driving in that lane,4.301136016845703,0.428361713886261,8.299015045166016,-0.30700910091400146,12.055339813232422,-0.17662988603115082,15.7596435546875,0.20912852883338928,19.345842361450195,0.37007197737693787,22.72149658203125,0.6207308173179626,26.485288619995117,0.8786823749542236,29.710262298583984,0.9781535267829895,33.00355911254883,1.1871445178985596,36.282142639160156,1.3511085510253906,39.449153900146484,1.5859872102737427,42.717464447021484,1.899372935295105
2ed0fcbfc214478ca3b3ce013e7723ba,Keep a distance between the car in front of you.,4.301136016845703,0.428361713886261,8.299015045166016,-0.30700910091400146,12.055339813232422,-0.17662988603115082,15.7596435546875,0.20912852883338928,19.345842361450195,0.37007197737693787,22.72149658203125,0.6207308173179626,26.485288619995117,0.8786823749542236,29.710262298583984,0.9781535267829895,33.00355911254883,1.1871445178985596,36.282142639160156,1.3511085510253906,39.449153900146484,1.5859872102737427,42.717464447021484,1.899372935295105
bed67ef03c4a4066a74f6c0117d512ee,,3.7502458095550537,0.31157517433166504,7.050256729125977,-0.26645639538764954,10.347851753234863,-0.2508452236652374,13.605533599853516,-0.011425391770899296,16.628684997558594,0.0007279455312527716,19.43141746520996,0.18073168396949768,22.56144905090332,0.2750256359577179,25.37152671813965,0.27224302291870117,28.07393455505371,0.34621942043304443,30.88262176513672,0.30820369720458984,33.45640563964844,0.39313650131225586,36.157493591308594,0.5362858772277832
bed67ef03c4a4066a74f6c0117d512ee,"continue driving in the leftmost lane, when the car in front of you begins to slowdown, you slowdown as well",3.7502458095550537,0.31157517433166504,7.050257682800293,-0.26645636558532715,10.347851753234863,-0.25084519386291504,13.605533599853516,-0.01142539270222187,16.628684997558594,0.0007279473938979208,19.431415557861328,0.1807316541671753,22.561450958251953,0.2750256359577179,25.371524810791016,0.2722429931163788,28.073936462402344,0.34621942043304443,30.882625579833984,0.3082038164138794,33.45640563964844,0.3931364119052887,36.15748977661133,0.5362858176231384
3b2ee26cb8484f77895bc336663df502,continue straight,4.333042621612549,0.3893435597419739,8.472063064575195,-0.5099215507507324,12.340746879577637,-0.5900012850761414,16.228374481201172,-0.5257986783981323,19.955257415771484,-0.737781286239624,23.544761657714844,-0.8595888018608093,27.413463592529297,-0.9378047585487366,30.871788024902344,-1.32066011428833,34.38160705566406,-1.5253742933273315,37.78903579711914,-1.8757035732269287,41.14056396484375,-2.1423308849334717,44.51295852661133,-2.3913803100585938
3b2ee26cb8484f77895bc336663df502,Slow down a little to allow the bus to merge,4.333042621612549,0.3893435597419739,8.472063064575195,-0.5099215507507324,12.340746879577637,-0.5900012850761414,16.228374481201172,-0.5257986783981323,19.955257415771484,-0.737781286239624,23.544761657714844,-0.8595888018608093,27.413463592529297,-0.9378047585487366,30.871788024902344,-1.32066011428833,34.38160705566406,-1.5253742933273315,37.78903579711914,-1.8757035732269287,41.14056396484375,-2.1423308849334717,44.51295852661133,-2.3913803100585938
3b2ee26cb8484f77895bc336663df502,go straight,4.333042621612549,0.3893435597419739,8.472063064575195,-0.5099215507507324,12.340746879577637,-0.5900012850761414,16.228374481201172,-0.5257986783981323,19.955257415771484,-0.737781286239624,23.544761657714844,-0.8595888018608093,27.413463592529297,-0.9378047585487366,30.871788024902344,-1.32066011428833,34.38160705566406,-1.5253742933273315,37.78903579711914,-1.8757035732269287,41.14056396484375,-2.1423308849334717,44.51295852661133,-2.3913803100585938
3b2ee26cb8484f77895bc336663df502,,4.333043098449707,0.3893435597419739,8.472062110900879,-0.5099214911460876,12.340746879577637,-0.5900013446807861,16.228376388549805,-0.5257986187934875,19.955257415771484,-0.7377812266349792,23.544761657714844,-0.8595888018608093,27.413463592529297,-0.9378047585487366,30.871788024902344,-1.32066011428833,34.38160705566406,-1.525374174118042,37.789039611816406,-1.8757035732269287,41.14056396484375,-2.1423306465148926,44.51295471191406,-2.391380548477173
fb73d1a6c16147ee9416faf6b310fadb,enter the roundabout and exit out the first turn,3.2205586433410645,0.262246698141098,6.107657432556152,-0.29769623279571533,8.95213794708252,-0.27535566687583923,11.824384689331055,-0.0906781405210495,14.400639533996582,-0.17221511900424957,16.871389389038086,-0.05478876829147339,19.64264678955078,-0.02501448057591915,22.121870040893555,-0.12144456803798676,24.515798568725586,-0.06805923581123352,27.020397186279297,-0.2199554145336151,29.460432052612305,-0.2455616593360901,31.796058654785156,-0.20608274638652802
fb73d1a6c16147ee9416faf6b310fadb,Keep going straight around the roundabout,3.2205586433410645,0.262246698141098,6.107657432556152,-0.29769623279571533,8.95213794708252,-0.27535566687583923,11.824384689331055,-0.0906781405210495,14.400639533996582,-0.17221511900424957,16.871389389038086,-0.05478876829147339,19.64264678955078,-0.02501448057591915,22.121870040893555,-0.12144456803798676,24.515798568725586,-0.06805923581123352,27.020397186279297,-0.2199554145336151,29.460432052612305,-0.2455616593360901,31.796058654785156,-0.20608274638652802
fb73d1a6c16147ee9416faf6b310fadb,Enter the round about and keep going straight,3.2205586433410645,0.262246698141098,6.107657432556152,-0.29769623279571533,8.95213794708252,-0.27535566687583923,11.824384689331055,-0.0906781405210495,14.400639533996582,-0.17221511900424957,16.871389389038086,-0.05478876829147339,19.64264678955078,-0.02501448057591915,22.121870040893555,-0.12144456803798676,24.515798568725586,-0.06805923581123352,27.020397186279297,-0.2199554145336151,29.460432052612305,-0.2455616593360901,31.796058654785156,-0.20608274638652802
fb73d1a6c16147ee9416faf6b310fadb,,3.2205586433410645,0.262246698141098,6.107657432556152,-0.29769623279571533,8.95213794708252,-0.27535566687583923,11.824384689331055,-0.0906781405210495,14.400639533996582,-0.17221511900424957,16.871389389038086,-0.05478876829147339,19.64264678955078,-0.02501448057591915,22.121870040893555,-0.12144456803798676,24.515798568725586,-0.06805923581123352,27.020397186279297,-0.2199554145336151,29.460432052612305,-0.2455616593360901,31.796058654785156,-0.20608274638652802
fb73d1a6c16147ee9416faf6b310fadb,Go about the roundabout and keep going straight,3.2205586433410645,0.262246698141098,6.107657432556152,-0.29769623279571533,8.95213794708252,-0.27535566687583923,11.824384689331055,-0.0906781405210495,14.400639533996582,-0.17221511900424957,16.871389389038086,-0.05478876829147339,19.64264678955078,-0.02501448057591915,22.121870040893555,-0.12144456803798676,24.515798568725586,-0.06805923581123352,27.020397186279297,-0.2199554145336151,29.460432052612305,-0.2455616593360901,31.796058654785156,-0.20608274638652802
e6cb595f6df44b3999db28c65f2244ac,turn right when no vehicles are approaching,2.106414318084717,0.13908757269382477,4.0026445388793945,-0.19289930164813995,5.824195384979248,-0.2670566439628601,7.685151100158691,-0.2362366020679474,9.375656127929688,-0.27423393726348877,11.061259269714355,-0.3555361032485962,12.87717342376709,-0.3782908022403717,14.471030235290527,-0.5142588019371033,16.164630889892578,-0.5553834438323975,17.716163635253906,-0.7088161706924438,19.560710906982422,-0.8117254972457886,21.130741119384766,-0.9821854829788208
e6cb595f6df44b3999db28c65f2244ac,Keep going straight and wait for the other vehicles to pass before turning right,2.106414318084717,0.13908757269382477,4.0026445388793945,-0.19289930164813995,5.824195384979248,-0.2670566439628601,7.685151100158691,-0.2362366020679474,9.375656127929688,-0.27423393726348877,11.061259269714355,-0.3555361032485962,12.87717342376709,-0.3782908022403717,14.471030235290527,-0.5142588019371033,16.164630889892578,-0.5553834438323975,17.716163635253906,-0.7088161706924438,19.560710906982422,-0.8117254972457886,21.130741119384766,-0.9821854829788208
e6cb595f6df44b3999db28c65f2244ac,"Stop at the intersection, turn right",2.106414318084717,0.13908757269382477,4.0026445388793945,-0.19289930164813995,5.824195384979248,-0.2670566439628601,7.685151100158691,-0.2362366020679474,9.375656127929688,-0.27423393726348877,11.061259269714355,-0.3555361032485962,12.87717342376709,-0.3782908022403717,14.471030235290527,-0.5142588019371033,16.164630889892578,-0.5553834438323975,17.716163635253906,-0.7088161706924438,19.560710906982422,-0.8117254972457886,21.130741119384766,-0.9821854829788208
e6cb595f6df44b3999db28c65f2244ac,"stop for incoming traffic, turn right",2.106414318084717,0.13908757269382477,4.0026445388793945,-0.19289930164813995,5.824195384979248,-0.2670566439628601,7.685151100158691,-0.2362366020679474,9.375656127929688,-0.27423393726348877,11.061259269714355,-0.3555361032485962,12.87717342376709,-0.3782908022403717,14.471030235290527,-0.5142588019371033,16.164630889892578,-0.5553834438323975,17.716163635253906,-0.7088161706924438,19.560710906982422,-0.8117254972457886,21.130741119384766,-0.9821854829788208
e6cb595f6df44b3999db28c65f2244ac,,2.106414318084717,0.13908757269382477,4.0026445388793945,-0.19289930164813995,5.824195384979248,-0.2670566439628601,7.685151100158691,-0.2362366020679474,9.375656127929688,-0.27423393726348877,11.061259269714355,-0.3555361032485962,12.87717342376709,-0.3782908022403717,14.471030235290527,-0.5142588019371033,16.164630889892578,-0.5553834438323975,17.716163635253906,-0.7088161706924438,19.560710906982422,-0.8117254972457886,21.130741119384766,-0.9821854829788208
e6cb595f6df44b3999db28c65f2244ac,Make a right turn.,2.106414318084717,0.13908757269382477,4.0026445388793945,-0.19289930164813995,5.824195384979248,-0.2670566439628601,7.685151100158691,-0.2362366020679474,9.375656127929688,-0.27423393726348877,11.061259269714355,-0.3555361032485962,12.87717342376709,-0.3782908022403717,14.471030235290527,-0.5142588019371033,16.164630889892578,-0.5553834438323975,17.716163635253906,-0.7088161706924438,19.560710906982422,-0.8117254972457886,21.130741119384766,-0.9821854829788208
4f28b42169f4404cbab4b43476e13885,turn left after the speedbump,2.5489718914031982,0.17608709633350372,4.674302577972412,-0.1738882064819336,6.893401145935059,-0.16320255398750305,9.088104248046875,-0.038901977241039276,11.132143020629883,-0.06372047960758209,13.151590347290039,0.02522853948175907,15.290739059448242,0.10366494208574295,17.180633544921875,0.09934817254543304,19.16570281982422,0.1948423832654953,21.094545364379883,0.08226571977138519,23.190378189086914,0.12867148220539093,25.087358474731445,0.13324658572673798
4f28b42169f4404cbab4b43476e13885,Slow down before take a left turn,2.5489718914031982,0.17608709633350372,4.674302577972412,-0.1738882064819336,6.893401145935059,-0.16320255398750305,9.088104248046875,-0.038901977241039276,11.132143020629883,-0.06372047960758209,13.151590347290039,0.02522853948175907,15.290739059448242,0.10366494208574295,17.180633544921875,0.09934817254543304,19.16570281982422,0.1948423832654953,21.094545364379883,0.08226571977138519,23.190378189086914,0.12867148220539093,25.087358474731445,0.13324658572673798
4f28b42169f4404cbab4b43476e13885,"stop at the intersection, turn left",2.5489718914031982,0.17608709633350372,4.674302577972412,-0.1738882064819336,6.893401145935059,-0.16320255398750305,9.088104248046875,-0.038901977241039276,11.132143020629883,-0.06372047960758209,13.151590347290039,0.02522853948175907,15.290739059448242,0.10366494208574295,17.180633544921875,0.09934817254543304,19.16570281982422,0.1948423832654953,21.094545364379883,0.08226571977138519,23.190378189086914,0.12867148220539093,25.087358474731445,0.13324658572673798
4f28b42169f4404cbab4b43476e13885,turn left,2.5489718914031982,0.17608709633350372,4.674302577972412,-0.1738882064819336,6.893401145935059,-0.16320255398750305,9.088104248046875,-0.038901977241039276,11.132143020629883,-0.06372047960758209,13.151590347290039,0.02522853948175907,15.290739059448242,0.10366494208574295,17.180633544921875,0.09934817254543304,19.16570281982422,0.1948423832654953,21.094545364379883,0.08226571977138519,23.190378189086914,0.12867148220539093,25.087358474731445,0.13324658572673798
4f28b42169f4404cbab4b43476e13885,Take the left turn that is right after the speed bump and stay on the left side to allow the oncoming car to pass.,2.5489718914031982,0.17608709633350372,4.674302577972412,-0.1738882064819336,6.893401145935059,-0.16320255398750305,9.088104248046875,-0.038901977241039276,11.132143020629883,-0.06372047960758209,13.151590347290039,0.02522853948175907,15.290739059448242,0.10366494208574295,17.180633544921875,0.09934817254543304,19.16570281982422,0.1948423832654953,21.094545364379883,0.08226571977138519,23.190378189086914,0.12867148220539093,25.087358474731445,0.13324658572673798
ba76f4185aa34ed3bff467ac640da902,follow the gray car ahead and turn right,2.6746926307678223,0.1550728678703308,5.306492805480957,-0.5800726413726807,7.711780071258545,-0.953536331653595,10.210831642150879,-1.1645472049713135,12.385120391845703,-1.827527403831482,14.700661659240723,-2.4543213844299316,16.956809997558594,-2.896397829055786,19.274852752685547,-3.932488441467285,21.432050704956055,-4.472158432006836,23.533916473388672,-5.262048721313477,25.92923355102539,-6.413629531860352,27.91371726989746,-7.166947364807129
ba76f4185aa34ed3bff467ac640da902,Take right turn and continue down the road,2.6746926307678223,0.1550728678703308,5.306492805480957,-0.5800726413726807,7.711780071258545,-0.953536331653595,10.210831642150879,-1.1645472049713135,12.385120391845703,-1.827527403831482,14.700661659240723,-2.4543213844299316,16.956809997558594,-2.896397829055786,19.274852752685547,-3.932488441467285,21.432050704956055,-4.472158432006836,23.533916473388672,-5.262048721313477,25.92923355102539,-6.413629531860352,27.91371726989746,-7.166947364807129
ba76f4185aa34ed3bff467ac640da902,turn right at the intersection and stay in the right lane,2.6746926307678223,0.1550728678703308,5.306492805480957,-0.5800726413726807,7.711780071258545,-0.953536331653595,10.210831642150879,-1.1645472049713135,12.385120391845703,-1.827527403831482,14.700661659240723,-2.4543213844299316,16.956809997558594,-2.896397829055786,19.274852752685547,-3.932488441467285,21.432050704956055,-4.472158432006836,23.533916473388672,-5.262048721313477,25.92923355102539,-6.413629531860352,27.91371726989746,-7.166947364807129
ba76f4185aa34ed3bff467ac640da902,turn right,2.6746926307678223,0.1550728678703308,5.306492805480957,-0.5800726413726807,7.711780071258545,-0.953536331653595,10.210831642150879,-1.1645472049713135,12.385120391845703,-1.827527403831482,14.700661659240723,-2.4543213844299316,16.956809997558594,-2.896397829055786,19.274852752685547,-3.932488441467285,21.432050704956055,-4.472158432006836,23.533916473388672,-5.262048721313477,25.92923355102539,-6.413629531860352,27.91371726989746,-7.166947364807129
ba76f4185aa34ed3bff467ac640da902,Make a right turn and enter the first lane,2.6746926307678223,0.1550728678703308,5.306492805480957,-0.5800726413726807,7.711780071258545,-0.953536331653595,10.210831642150879,-1.1645472049713135,12.385120391845703,-1.827527403831482,14.700661659240723,-2.4543213844299316,16.956809997558594,-2.896397829055786,19.274852752685547,-3.932488441467285,21.432050704956055,-4.472158432006836,23.533916473388672,-5.262048721313477,25.92923355102539,-6.413629531860352,27.91371726989746,-7.166947364807129
ba76f4185aa34ed3bff467ac640da902,,2.6746926307678223,0.1550728678703308,5.306492805480957,-0.5800726413726807,7.711780071258545,-0.953536331653595,10.210831642150879,-1.1645472049713135,12.385120391845703,-1.827527403831482,14.700661659240723,-2.4543213844299316,16.956809997558594,-2.896397829055786,19.274852752685547,-3.932488441467285,21.432050704956055,-4.472158432006836,23.533916473388672,-5.262048721313477,25.92923355102539,-6.413629531860352,27.91371726989746,-7.166947364807129
ba76f4185aa34ed3bff467ac640da902,"Before reaching the vehicle in front, switch to the right lane.",2.6746926307678223,0.1550728678703308,5.306492805480957,-0.5800726413726807,7.711780071258545,-0.953536331653595,10.210831642150879,-1.1645472049713135,12.385120391845703,-1.827527403831482,14.700661659240723,-2.4543213844299316,16.956809997558594,-2.896397829055786,19.274852752685547,-3.932488441467285,21.432050704956055,-4.472158432006836,23.533916473388672,-5.262048721313477,25.92923355102539,-6.413629531860352,27.91371726989746,-7.166947364807129
bd210a5bc7004d8c94b68cf6366612a2,continue straight change lanes to avoid parked buses,4.6205668449401855,0.4410395324230194,9.06022834777832,-0.45546817779541016,13.15317440032959,-0.4495868682861328,17.21466827392578,-0.24504362046718597,21.17190170288086,-0.2805068790912628,24.945112228393555,-0.27423179149627686,29.03881072998047,-0.17274850606918335,32.64345169067383,-0.3989168405532837,36.33255386352539,-0.42165449261665344,39.90025329589844,-0.5246644616127014,43.409671783447266,-0.6171107292175293,47.000125885009766,-0.6189259886741638
bd210a5bc7004d8c94b68cf6366612a2,Move to the right lane to avoid the bus,4.6205668449401855,0.4410395324230194,9.06022834777832,-0.45546817779541016,13.15317440032959,-0.4495868682861328,17.21466827392578,-0.24504362046718597,21.17190170288086,-0.2805068790912628,24.945112228393555,-0.27423179149627686,29.03881072998047,-0.17274850606918335,32.64345169067383,-0.3989168405532837,36.33255386352539,-0.42165449261665344,39.90025329589844,-0.5246644616127014,43.409671783447266,-0.6171107292175293,47.000125885009766,-0.6189259886741638
bd210a5bc7004d8c94b68cf6366612a2,slide into the right lane in order to avoid hitting parked busses,4.6205668449401855,0.4410395324230194,9.06022834777832,-0.45546817779541016,13.15317440032959,-0.4495868682861328,17.21466827392578,-0.24504362046718597,21.17190170288086,-0.2805068790912628,24.945112228393555,-0.27423179149627686,29.03881072998047,-0.17274850606918335,32.64345169067383,-0.3989168405532837,36.33255386352539,-0.42165449261665344,39.90025329589844,-0.5246644616127014,43.409671783447266,-0.6171107292175293,47.000125885009766,-0.6189259886741638
bd210a5bc7004d8c94b68cf6366612a2,switch to the right lane,4.6205668449401855,0.4410395324230194,9.06022834777832,-0.45546817779541016,13.15317440032959,-0.4495868682861328,17.21466827392578,-0.24504362046718597,21.17190170288086,-0.2805068790912628,24.945112228393555,-0.27423179149627686,29.03881072998047,-0.17274850606918335,32.64345169067383,-0.3989168405532837,36.33255386352539,-0.42165449261665344,39.90025329589844,-0.5246644616127014,43.409671783447266,-0.6171107292175293,47.000125885009766,-0.6189259886741638
bd210a5bc7004d8c94b68cf6366612a2,,4.6205668449401855,0.4410395324230194,9.06022834777832,-0.45546817779541016,13.15317440032959,-0.4495868682861328,17.21466827392578,-0.24504362046718597,21.17190170288086,-0.2805068790912628,24.945112228393555,-0.27423179149627686,29.03881072998047,-0.17274850606918335,32.64345169067383,-0.3989168405532837,36.33255386352539,-0.42165449261665344,39.90025329589844,-0.5246644616127014,43.409671783447266,-0.6171107292175293,47.000125885009766,-0.6189259886741638
bc4fd5a05a004333b9411754630f4cba,exit the parking lot and turn right,0.9675140380859375,0.03178922086954117,1.776773452758789,0.02909962274134159,2.8138532638549805,0.25992855429649353,3.8724288940429688,0.6623895764350891,4.871633529663086,0.6902305483818054,6.016744613647461,1.0017056465148926,6.898245811462402,1.578220009803772,8.074337005615234,1.7827341556549072,9.166378021240234,2.3362197875976562,10.36064624786377,2.7302753925323486,11.388346672058105,3.1078996658325195,12.53236198425293,3.7292392253875732
bc4fd5a05a004333b9411754630f4cba,Turn left and then turn right,0.9675140380859375,0.03178922086954117,1.776773452758789,0.02909962274134159,2.8138532638549805,0.25992855429649353,3.8724288940429688,0.6623895764350891,4.871633529663086,0.6902305483818054,6.016744613647461,1.0017056465148926,6.898245811462402,1.578220009803772,8.074337005615234,1.7827341556549072,9.166378021240234,2.3362197875976562,10.36064624786377,2.7302753925323486,11.388346672058105,3.1078996658325195,12.53236198425293,3.7292392253875732
bc4fd5a05a004333b9411754630f4cba,"turn right, then turn right agai to merge into the street.",0.9675140380859375,0.03178922086954117,1.776773452758789,0.02909962274134159,2.8138532638549805,0.25992855429649353,3.8724288940429688,0.6623895764350891,4.871633529663086,0.6902305483818054,6.016744613647461,1.0017056465148926,6.898245811462402,1.578220009803772,8.074337005615234,1.7827341556549072,9.166378021240234,2.3362197875976562,10.36064624786377,2.7302753925323486,11.388346672058105,3.1078996658325195,12.53236198425293,3.7292392253875732
bc4fd5a05a004333b9411754630f4cba,"turn left, wait for incoming traffic once clear turn right.",0.9675140380859375,0.03178922086954117,1.776773452758789,0.02909962274134159,2.8138532638549805,0.25992855429649353,3.8724288940429688,0.6623895764350891,4.871633529663086,0.6902305483818054,6.016744613647461,1.0017056465148926,6.898245811462402,1.578220009803772,8.074337005615234,1.7827341556549072,9.166378021240234,2.3362197875976562,10.36064624786377,2.7302753925323486,11.388346672058105,3.1078996658325195,12.53236198425293,3.7292392253875732
bc4fd5a05a004333b9411754630f4cba,Make a left turn and stop right before the intersection.,0.9675140380859375,0.03178922086954117,1.776773452758789,0.02909962274134159,2.8138532638549805,0.25992855429649353,3.8724288940429688,0.6623895764350891,4.871633529663086,0.6902305483818054,6.016744613647461,1.0017056465148926,6.898245811462402,1.578220009803772,8.074337005615234,1.7827341556549072,9.166378021240234,2.3362197875976562,10.36064624786377,2.7302753925323486,11.388346672058105,3.1078996658325195,12.53236198425293,3.7292392253875732
bc4fd5a05a004333b9411754630f4cba,Make a right turn if no cars are coming from the left side.,0.9675140380859375,0.03178922086954117,1.776773452758789,0.02909962274134159,2.8138532638549805,0.25992855429649353,3.8724288940429688,0.6623895764350891,4.871633529663086,0.6902305483818054,6.016744613647461,1.0017056465148926,6.898245811462402,1.578220009803772,8.074337005615234,1.7827341556549072,9.166378021240234,2.3362197875976562,10.36064624786377,2.7302753925323486,11.388346672058105,3.1078996658325195,12.53236198425293,3.7292392253875732
634a8c5835e44aec912604a9a1972a5d,drive around the blue parked bus and turn left at the end of the road,2.372499704360962,0.16767928004264832,4.608578205108643,-0.2842293381690979,6.724834442138672,-0.326069176197052,8.96015453338623,-0.2512301206588745,11.024544715881348,-0.3178909122943878,13.04226016998291,-0.4092891812324524,15.19225025177002,-0.49881595373153687,17.190143585205078,-0.6743589043617249,19.168855667114258,-0.6701651215553284,21.100358963012695,-0.9361805319786072,23.26306915283203,-1.015514850616455,25.17237091064453,-1.1957199573516846
634a8c5835e44aec912604a9a1972a5d,Stop right before the bus and then turn at the incoming left,2.372499704360962,0.16767928004264832,4.608578205108643,-0.2842293381690979,6.724834442138672,-0.326069176197052,8.96015453338623,-0.2512301206588745,11.024544715881348,-0.3178909122943878,13.04226016998291,-0.4092891812324524,15.19225025177002,-0.49881595373153687,17.190143585205078,-0.6743589043617249,19.168855667114258,-0.6701651215553284,21.100358963012695,-0.9361805319786072,23.26306915283203,-1.015514850616455,25.17237091064453,-1.1957199573516846
634a8c5835e44aec912604a9a1972a5d,"slow down ans stop for the stopped bus, once its safe to go, continue going straight and then make a left turn.",2.372499704360962,0.16767928004264832,4.608578205108643,-0.2842293381690979,6.724834442138672,-0.326069176197052,8.96015453338623,-0.2512301206588745,11.024544715881348,-0.3178909122943878,13.04226016998291,-0.4092891812324524,15.19225025177002,-0.49881595373153687,17.190143585205078,-0.6743589043617249,19.168855667114258,-0.6701651215553284,21.100358963012695,-0.9361805319786072,23.26306915283203,-1.015514850616455,25.17237091064453,-1.1957199573516846
634a8c5835e44aec912604a9a1972a5d,"go around vehicle , turn left",2.372499704360962,0.16767928004264832,4.608578205108643,-0.2842293381690979,6.724834442138672,-0.326069176197052,8.96015453338623,-0.2512301206588745,11.024544715881348,-0.3178909122943878,13.04226016998291,-0.4092891812324524,15.19225025177002,-0.49881595373153687,17.190143585205078,-0.6743589043617249,19.168855667114258,-0.6701651215553284,21.100358963012695,-0.9361805319786072,23.26306915283203,-1.015514850616455,25.17237091064453,-1.1957199573516846
634a8c5835e44aec912604a9a1972a5d,"Stop right before the blue bus, then after a brief moment continue driving.",2.372499704360962,0.16767928004264832,4.608578205108643,-0.2842293381690979,6.724834442138672,-0.326069176197052,8.96015453338623,-0.2512301206588745,11.024544715881348,-0.3178909122943878,13.04226016998291,-0.4092891812324524,15.19225025177002,-0.49881595373153687,17.190143585205078,-0.6743589043617249,19.168855667114258,-0.6701651215553284,21.100358963012695,-0.9361805319786072,23.26306915283203,-1.015514850616455,25.17237091064453,-1.1957199573516846
634a8c5835e44aec912604a9a1972a5d,Take a left,2.372499704360962,0.16767928004264832,4.608578205108643,-0.2842293381690979,6.724834442138672,-0.326069176197052,8.96015453338623,-0.2512301206588745,11.024544715881348,-0.3178909122943878,13.04226016998291,-0.4092891812324524,15.19225025177002,-0.49881595373153687,17.190143585205078,-0.6743589043617249,19.168855667114258,-0.6701651215553284,21.100358963012695,-0.9361805319786072,23.26306915283203,-1.015514850616455,25.17237091064453,-1.1957199573516846
fcb40dc8514444c49b1fdc06f80a123b,,1.1997843980789185,0.048802610486745834,2.2687880992889404,-0.1796947717666626,3.3688507080078125,-0.2655380964279175,4.606133460998535,-0.23708200454711914,5.704177379608154,-0.31575772166252136,6.809511661529541,-0.47769880294799805,7.909056663513184,-0.5904294848442078,9.162689208984375,-0.766674816608429,10.297039031982422,-0.7821905612945557,11.387554168701172,-1.0272793769836426,12.690069198608398,-1.171044945716858,13.770197868347168,-1.3739235401153564
fcb40dc8514444c49b1fdc06f80a123b,Stop at the gate and then continue once the gate opens,1.1997846364974976,0.048802606761455536,2.2687880992889404,-0.1796947717666626,3.3688509464263916,-0.2655380964279175,4.606132984161377,-0.23708197474479675,5.704176425933838,-0.31575775146484375,6.809511184692383,-0.47769880294799805,7.909055709838867,-0.590429425239563,9.162690162658691,-0.7666747570037842,10.297039031982422,-0.7821905612945557,11.387554168701172,-1.0272793769836426,12.690067291259766,-1.1710448265075684,13.770197868347168,-1.3739235401153564
fcb40dc8514444c49b1fdc06f80a123b,"stop at the gate, move slowly when the arm rises up.",1.1997846364974976,0.048802606761455536,2.2687880992889404,-0.1796947717666626,3.3688509464263916,-0.2655380964279175,4.606132984161377,-0.23708197474479675,5.704176425933838,-0.31575775146484375,6.809511184692383,-0.47769880294799805,7.909055709838867,-0.590429425239563,9.162690162658691,-0.7666747570037842,10.297039031982422,-0.7821905612945557,11.387554168701172,-1.0272793769836426,12.690067291259766,-1.1710448265075684,13.770197868347168,-1.3739235401153564
fcb40dc8514444c49b1fdc06f80a123b,Stop before you reach the toll gate.,1.1997846364974976,0.048802606761455536,2.2687880992889404,-0.1796947717666626,3.3688509464263916,-0.2655380964279175,4.606132984161377,-0.23708197474479675,5.704176425933838,-0.31575775146484375,6.809511184692383,-0.47769880294799805,7.909055709838867,-0.590429425239563,9.162690162658691,-0.7666747570037842,10.297039031982422,-0.7821905612945557,11.387554168701172,-1.0272793769836426,12.690067291259766,-1.1710448265075684,13.770197868347168,-1.3739235401153564
fcb40dc8514444c49b1fdc06f80a123b,"Slowly approach the gate until it opens, then proceed forward.",1.1997846364974976,0.048802606761455536,2.2687880992889404,-0.1796947717666626,3.3688509464263916,-0.2655380964279175,4.606132984161377,-0.23708197474479675,5.704176425933838,-0.31575775146484375,6.809511184692383,-0.47769880294799805,7.909055709838867,-0.590429425239563,9.162690162658691,-0.7666747570037842,10.297039031982422,-0.7821905612945557,11.387554168701172,-1.0272793769836426,12.690067291259766,-1.1710448265075684,13.770197868347168,-1.3739235401153564
f4395dd8e4004f12a8dec3079a93d804,follow the road to the right at the fork in the road,3.1445705890655518,0.224443256855011,6.089963912963867,-0.4944837987422943,8.95047664642334,-0.83738112449646,11.81558609008789,-1.0115818977355957,14.405643463134766,-1.5440843105316162,16.904129028320312,-1.9692102670669556,19.53235626220703,-2.35951828956604,22.13778305053711,-3.1429944038391113,24.527114868164062,-3.5829756259918213,27.002254486083984,-4.345978260040283,29.482126235961914,-5.1480536460876465,31.728939056396484,-5.7101922035217285
f4395dd8e4004f12a8dec3079a93d804,Keep going straight and then take right down hill,3.1445705890655518,0.224443256855011,6.089963912963867,-0.4944837987422943,8.95047664642334,-0.83738112449646,11.81558609008789,-1.0115818977355957,14.405643463134766,-1.5440843105316162,16.904129028320312,-1.9692102670669556,19.53235626220703,-2.35951828956604,22.13778305053711,-3.1429944038391113,24.527114868164062,-3.5829756259918213,27.002254486083984,-4.345978260040283,29.482126235961914,-5.1480536460876465,31.728939056396484,-5.7101922035217285
f4395dd8e4004f12a8dec3079a93d804,"continue driving on the road, stay on the right side.",3.1445705890655518,0.224443256855011,6.089963912963867,-0.4944837987422943,8.95047664642334,-0.83738112449646,11.81558609008789,-1.0115818977355957,14.405643463134766,-1.5440843105316162,16.904129028320312,-1.9692102670669556,19.53235626220703,-2.35951828956604,22.13778305053711,-3.1429944038391113,24.527114868164062,-3.5829756259918213,27.002254486083984,-4.345978260040283,29.482126235961914,-5.1480536460876465,31.728939056396484,-5.7101922035217285
f4395dd8e4004f12a8dec3079a93d804,turn right,3.1445705890655518,0.224443256855011,6.089963912963867,-0.4944837987422943,8.95047664642334,-0.83738112449646,11.81558609008789,-1.0115818977355957,14.405643463134766,-1.5440843105316162,16.904129028320312,-1.9692102670669556,19.53235626220703,-2.35951828956604,22.13778305053711,-3.1429944038391113,24.527114868164062,-3.5829756259918213,27.002254486083984,-4.345978260040283,29.482126235961914,-5.1480536460876465,31.728939056396484,-5.7101922035217285
f4395dd8e4004f12a8dec3079a93d804,Make the second right turn and stay on the left lane.,3.1445705890655518,0.224443256855011,6.089963912963867,-0.4944837987422943,8.95047664642334,-0.83738112449646,11.81558609008789,-1.0115818977355957,14.405643463134766,-1.5440843105316162,16.904129028320312,-1.9692102670669556,19.53235626220703,-2.35951828956604,22.13778305053711,-3.1429944038391113,24.527114868164062,-3.5829756259918213,27.002254486083984,-4.345978260040283,29.482126235961914,-5.1480536460876465,31.728939056396484,-5.7101922035217285
93032908bafd484ea10a39b0d5d3fff6,continue driving up the hill,2.9341464042663574,0.2323688119649887,5.454990386962891,-0.19444161653518677,8.010363578796387,-0.14234888553619385,10.629229545593262,0.03452340140938759,13.027436256408691,0.0826210305094719,15.368340492248535,0.23627789318561554,17.96880531311035,0.2748987674713135,20.19575309753418,0.4043063819408417,22.505149841308594,0.5107543468475342,24.76648712158203,0.4354272484779358,27.154155731201172,0.6621553897857666,29.435787200927734,0.6151381731033325
93032908bafd484ea10a39b0d5d3fff6,,2.9341464042663574,0.2323688268661499,5.454989433288574,-0.19444161653518677,8.01036262512207,-0.14234888553619385,10.629228591918945,0.03452340140938759,13.027437210083008,0.08262103796005249,15.368340492248535,0.23627789318561554,17.96880531311035,0.2748987674713135,20.19575309753418,0.4043063819408417,22.505149841308594,0.5107542872428894,24.766490936279297,0.4354272782802582,27.154157638549805,0.6621553897857666,29.435791015625,0.6151382327079773
93032908bafd484ea10a39b0d5d3fff6,continue along the road,2.9341464042663574,0.2323688119649887,5.454990386962891,-0.19444161653518677,8.010363578796387,-0.14234888553619385,10.629229545593262,0.03452340140938759,13.027436256408691,0.0826210305094719,15.368340492248535,0.23627789318561554,17.96880531311035,0.2748987674713135,20.19575309753418,0.4043063819408417,22.505149841308594,0.5107543468475342,24.76648712158203,0.4354272484779358,27.154155731201172,0.6621553897857666,29.435787200927734,0.6151381731033325
c04cdbbe744c4da08d3df61c47d5cc94,,1.3916518688201904,0.04502018168568611,2.45698881149292,-0.1272401362657547,3.552523612976074,-0.1565009206533432,4.722202301025391,-0.22078204154968262,5.792340278625488,-0.3053416907787323,6.976788520812988,-0.44234392046928406,8.100081443786621,-0.4464714229106903,9.129276275634766,-0.5873284339904785,10.316679000854492,-0.6089940667152405,11.252487182617188,-0.8056565523147583,12.805187225341797,-0.903411865234375,13.860849380493164,-1.2322266101837158
c04cdbbe744c4da08d3df61c47d5cc94,Go straight and then stop behind the grey car,1.39165198802948,0.04502018168568611,2.45698881149292,-0.1272401362657547,3.5525240898132324,-0.1565009206533432,4.722201824188232,-0.22078204154968262,5.792340278625488,-0.3053416907787323,6.976788520812988,-0.44234389066696167,8.100081443786621,-0.4464714229106903,9.129276275634766,-0.5873284339904785,10.316678047180176,-0.6089940667152405,11.252486228942871,-0.8056564927101135,12.80518627166748,-0.9034117460250854,13.860849380493164,-1.2322264909744263
c04cdbbe744c4da08d3df61c47d5cc94,stop behind the stopped car,1.39165198802948,0.04502018168568611,2.45698881149292,-0.1272401362657547,3.5525240898132324,-0.1565009206533432,4.722201824188232,-0.22078204154968262,5.792340278625488,-0.3053416907787323,6.976788520812988,-0.44234389066696167,8.100081443786621,-0.4464714229106903,9.129276275634766,-0.5873284339904785,10.316678047180176,-0.6089940667152405,11.252486228942871,-0.8056564927101135,12.80518627166748,-0.9034117460250854,13.860849380493164,-1.2322264909744263
c04cdbbe744c4da08d3df61c47d5cc94,Stop right behind the vehicle in front of you.,1.39165198802948,0.04502018168568611,2.45698881149292,-0.1272401362657547,3.5525240898132324,-0.1565009206533432,4.722201824188232,-0.22078204154968262,5.792340278625488,-0.3053416907787323,6.976788520812988,-0.44234389066696167,8.100081443786621,-0.4464714229106903,9.129276275634766,-0.5873284339904785,10.316678047180176,-0.6089940667152405,11.252486228942871,-0.8056564927101135,12.80518627166748,-0.9034117460250854,13.860849380493164,-1.2322264909744263
1fa63d31aaa7459383b4414715cd12db,turn left when there are no vehicles approaching,0.06728838384151459,-0.035586073994636536,0.13454437255859375,-0.11833222955465317,0.35995447635650635,-0.03867507725954056,0.6771155595779419,0.05500047281384468,1.1019984483718872,0.03791075944900513,1.4435572624206543,-0.014275461435317993,1.6967711448669434,-0.015365272760391235,2.3810389041900635,-0.09181184321641922,2.8495163917541504,0.06690721958875656,3.4508771896362305,-0.034001898020505905,4.047273635864258,-0.09476014971733093,4.507755279541016,0.04934762045741081
1fa63d31aaa7459383b4414715cd12db,Wait for the cars to pass and then turn left and merge onto the road,0.06728838384151459,-0.035586073994636536,0.13454437255859375,-0.11833222955465317,0.35995447635650635,-0.03867507725954056,0.6771155595779419,0.05500047281384468,1.1019984483718872,0.03791075944900513,1.4435572624206543,-0.014275461435317993,1.6967711448669434,-0.015365272760391235,2.3810389041900635,-0.09181184321641922,2.8495163917541504,0.06690721958875656,3.4508771896362305,-0.034001898020505905,4.047273635864258,-0.09476014971733093,4.507755279541016,0.04934762045741081
1fa63d31aaa7459383b4414715cd12db,turn left when it is safe to do so.,0.06728838384151459,-0.035586073994636536,0.13454437255859375,-0.11833222955465317,0.35995447635650635,-0.03867507725954056,0.6771155595779419,0.05500047281384468,1.1019984483718872,0.03791075944900513,1.4435572624206543,-0.014275461435317993,1.6967711448669434,-0.015365272760391235,2.3810389041900635,-0.09181184321641922,2.8495163917541504,0.06690721958875656,3.4508771896362305,-0.034001898020505905,4.047273635864258,-0.09476014971733093,4.507755279541016,0.04934762045741081
1fa63d31aaa7459383b4414715cd12db,wait till the road is clear of moving cars and turn left,0.06728838384151459,-0.035586073994636536,0.13454437255859375,-0.11833222955465317,0.35995447635650635,-0.03867507725954056,0.6771155595779419,0.05500047281384468,1.1019984483718872,0.03791075944900513,1.4435572624206543,-0.014275461435317993,1.6967711448669434,-0.015365272760391235,2.3810389041900635,-0.09181184321641922,2.8495163917541504,0.06690721958875656,3.4508771896362305,-0.034001898020505905,4.047273635864258,-0.09476014971733093,4.507755279541016,0.04934762045741081
1fa63d31aaa7459383b4414715cd12db,Make a left turn when all vehicles from the right pass.,0.06728838384151459,-0.035586073994636536,0.13454437255859375,-0.11833222955465317,0.35995447635650635,-0.03867507725954056,0.6771155595779419,0.05500047281384468,1.1019984483718872,0.03791075944900513,1.4435572624206543,-0.014275461435317993,1.6967711448669434,-0.015365272760391235,2.3810389041900635,-0.09181184321641922,2.8495163917541504,0.06690721958875656,3.4508771896362305,-0.034001898020505905,4.047273635864258,-0.09476014971733093,4.507755279541016,0.04934762045741081
53c92676ef334011bd4689494ac11fa0,stay on the right lane when ap[racing the stop sign,1.6602208614349365,0.0016310521168634295,3.2816474437713623,-0.47801849246025085,4.69053316116333,-0.7241469621658325,6.208714485168457,-1.0512951612472534,7.503575801849365,-1.6664869785308838,8.926020622253418,-2.27531361579895,10.172840118408203,-2.6286725997924805,11.586067199707031,-3.5146849155426025,13.019022941589355,-3.8655760288238525,14.221108436584473,-4.637777328491211,16.08433723449707,-5.604815483093262,17.20903968811035,-6.417776107788086
53c92676ef334011bd4689494ac11fa0,,1.6602208614349365,0.0016310500213876367,3.2816474437713623,-0.47801849246025085,4.690533638000488,-0.7241469025611877,6.208714485168457,-1.051295280456543,7.503575801849365,-1.6664868593215942,8.926020622253418,-2.275313377380371,10.172839164733887,-2.6286725997924805,11.586065292358398,-3.5146849155426025,13.019021987915039,-3.8655755519866943,14.221109390258789,-4.637777328491211,16.084335327148438,-5.604815483093262,17.209041595458984,-6.417776584625244
53c92676ef334011bd4689494ac11fa0,"turn right, stop at the stop sign, then continue driving",1.6602208614349365,0.0016310521168634295,3.2816474437713623,-0.47801849246025085,4.69053316116333,-0.7241469621658325,6.208714485168457,-1.0512951612472534,7.503575801849365,-1.6664869785308838,8.926020622253418,-2.27531361579895,10.172840118408203,-2.6286725997924805,11.586067199707031,-3.5146849155426025,13.019022941589355,-3.8655760288238525,14.221108436584473,-4.637777328491211,16.08433723449707,-5.604815483093262,17.20903968811035,-6.417776107788086
53c92676ef334011bd4689494ac11fa0,Stop at the stopsign. After a full stop proceed through the intersection.,1.6602208614349365,0.0016310521168634295,3.2816474437713623,-0.47801849246025085,4.69053316116333,-0.7241469621658325,6.208714485168457,-1.0512951612472534,7.503575801849365,-1.6664869785308838,8.926020622253418,-2.27531361579895,10.172840118408203,-2.6286725997924805,11.586067199707031,-3.5146849155426025,13.019022941589355,-3.8655760288238525,14.221108436584473,-4.637777328491211,16.08433723449707,-5.604815483093262,17.20903968811035,-6.417776107788086
8e1f7ff7dc9940da8eeca3c06ae1aa4d,"turn right here, wait for pedestrian to cross the road and continue straight",0.9248549938201904,0.0035419936757534742,1.8513319492340088,-0.25125476717948914,2.737565040588379,-0.3285151720046997,3.869022846221924,-0.42981597781181335,4.834230422973633,-0.7065759301185608,5.91246223449707,-1.0716922283172607,6.770818710327148,-1.2299057245254517,8.011124610900879,-1.5830674171447754,9.005390167236328,-1.7119035720825195,10.036274909973145,-2.1135075092315674,11.310908317565918,-2.5096914768218994,12.23947525024414,-2.897657871246338
8e1f7ff7dc9940da8eeca3c06ae1aa4d,Drive to the left and wait for the pedestrian to pass before continuing to drive,0.9248549938201904,0.0035419936757534742,1.8513319492340088,-0.25125476717948914,2.737565040588379,-0.3285151720046997,3.869022846221924,-0.42981597781181335,4.834230422973633,-0.7065759301185608,5.91246223449707,-1.0716922283172607,6.770818710327148,-1.2299057245254517,8.011124610900879,-1.5830674171447754,9.005390167236328,-1.7119035720825195,10.036274909973145,-2.1135075092315674,11.310908317565918,-2.5096914768218994,12.23947525024414,-2.897657871246338
8e1f7ff7dc9940da8eeca3c06ae1aa4d,"stop at the zebra crossing wait for the pedestrian to cross, then continue driving",0.9248549938201904,0.0035419936757534742,1.8513319492340088,-0.25125476717948914,2.737565040588379,-0.3285151720046997,3.869022846221924,-0.42981597781181335,4.834230422973633,-0.7065759301185608,5.91246223449707,-1.0716922283172607,6.770818710327148,-1.2299057245254517,8.011124610900879,-1.5830674171447754,9.005390167236328,-1.7119035720825195,10.036274909973145,-2.1135075092315674,11.310908317565918,-2.5096914768218994,12.23947525024414,-2.897657871246338
8e1f7ff7dc9940da8eeca3c06ae1aa4d,turn right wait for incoming pedestrian,0.9248549938201904,0.0035419936757534742,1.8513319492340088,-0.25125476717948914,2.737565040588379,-0.3285151720046997,3.869022846221924,-0.42981597781181335,4.834230422973633,-0.7065759301185608,5.91246223449707,-1.0716922283172607,6.770818710327148,-1.2299057245254517,8.011124610900879,-1.5830674171447754,9.005390167236328,-1.7119035720825195,10.036274909973145,-2.1135075092315674,11.310908317565918,-2.5096914768218994,12.23947525024414,-2.897657871246338
8e1f7ff7dc9940da8eeca3c06ae1aa4d,Stop right before the crosswalk to let the individual pass through. Then proceed forward as normal.,0.9248549938201904,0.0035419936757534742,1.8513319492340088,-0.25125476717948914,2.737565040588379,-0.3285151720046997,3.869022846221924,-0.42981597781181335,4.834230422973633,-0.7065759301185608,5.91246223449707,-1.0716922283172607,6.770818710327148,-1.2299057245254517,8.011124610900879,-1.5830674171447754,9.005390167236328,-1.7119035720825195,10.036274909973145,-2.1135075092315674,11.310908317565918,-2.5096914768218994,12.23947525024414,-2.897657871246338
1959c8f440a340fda3ea2cac0ac528ec,wait  until there are no approaching cars and pedestrians,0.005049643572419882,-0.029425131157040596,-0.0003789633046835661,-0.10082144290208817,0.17442648112773895,-0.04435258358716965,0.47466427087783813,0.06385398656129837,0.7752947807312012,0.05205215886235237,1.1329623460769653,-0.023585263639688492,1.3528236150741577,-0.04386570304632187,2.0222349166870117,-0.09240476042032242,2.441071033477783,0.009116541594266891,2.94592022895813,-0.030323412269353867,3.4475080966949463,-0.08816446363925934,3.9145359992980957,0.012378542684018612
1959c8f440a340fda3ea2cac0ac528ec,Wait for the cars to merge onto the street before going straight,0.005049643572419882,-0.029425131157040596,-0.0003789633046835661,-0.10082144290208817,0.17442648112773895,-0.04435258358716965,0.47466427087783813,0.06385398656129837,0.7752947807312012,0.05205215886235237,1.1329623460769653,-0.023585263639688492,1.3528236150741577,-0.04386570304632187,2.0222349166870117,-0.09240476042032242,2.441071033477783,0.009116541594266891,2.94592022895813,-0.030323412269353867,3.4475080966949463,-0.08816446363925934,3.9145359992980957,0.012378542684018612
1959c8f440a340fda3ea2cac0ac528ec,"wait for all the cars on the left side to pass, then continue driving.",0.005049643572419882,-0.029425131157040596,-0.0003789633046835661,-0.10082144290208817,0.17442648112773895,-0.04435258358716965,0.47466427087783813,0.06385398656129837,0.7752947807312012,0.05205215886235237,1.1329623460769653,-0.023585263639688492,1.3528236150741577,-0.04386570304632187,2.0222349166870117,-0.09240476042032242,2.441071033477783,0.009116541594266891,2.94592022895813,-0.030323412269353867,3.4475080966949463,-0.08816446363925934,3.9145359992980957,0.012378542684018612
1959c8f440a340fda3ea2cac0ac528ec,,0.005049643572419882,-0.029425131157040596,-0.0003789633046835661,-0.10082144290208817,0.17442648112773895,-0.04435258358716965,0.47466427087783813,0.06385398656129837,0.7752947807312012,0.05205215886235237,1.1329623460769653,-0.023585263639688492,1.3528236150741577,-0.04386570304632187,2.0222349166870117,-0.09240476042032242,2.441071033477783,0.009116541594266891,2.94592022895813,-0.030323412269353867,3.4475080966949463,-0.08816446363925934,3.9145359992980957,0.012378542684018612
1959c8f440a340fda3ea2cac0ac528ec,Cross the crosswalk once all cars have merged onto the road,0.005049643572419882,-0.029425131157040596,-0.0003789633046835661,-0.10082144290208817,0.17442648112773895,-0.04435258358716965,0.47466427087783813,0.06385398656129837,0.7752947807312012,0.05205215886235237,1.1329623460769653,-0.023585263639688492,1.3528236150741577,-0.04386570304632187,2.0222349166870117,-0.09240476042032242,2.441071033477783,0.009116541594266891,2.94592022895813,-0.030323412269353867,3.4475080966949463,-0.08816446363925934,3.9145359992980957,0.012378542684018612
034256c9639044f98da7562ef3de3646,turn left here and continue,3.0030534267425537,0.2677023410797119,5.5490546226501465,-0.18346458673477173,8.166121482849121,-0.08795437216758728,10.822699546813965,0.20997241139411926,13.174745559692383,0.25433149933815,15.53708553314209,0.4975232481956482,18.06062889099121,0.6922595500946045,20.342134475708008,0.8398283123970032,22.574413299560547,0.9856884479522705,24.837831497192383,1.0756115913391113,27.07698631286621,1.3027167320251465,29.29371452331543,1.4708024263381958
034256c9639044f98da7562ef3de3646,,3.0030534267425537,0.2677023112773895,5.5490546226501465,-0.18346460163593292,8.166121482849121,-0.08795437961816788,10.822700500488281,0.20997244119644165,13.1747465133667,0.25433146953582764,15.537083625793457,0.4975232481956482,18.06062889099121,0.6922595500946045,20.34213638305664,0.8398282527923584,22.574413299560547,0.9856884479522705,24.83782958984375,1.0756118297576904,27.076988220214844,1.3027167320251465,29.29371452331543,1.4708023071289062
034256c9639044f98da7562ef3de3646,Take a left turn and then continue on the road,3.0030534267425537,0.2677023410797119,5.5490546226501465,-0.18346458673477173,8.166121482849121,-0.08795437216758728,10.822699546813965,0.20997241139411926,13.174745559692383,0.25433149933815,15.53708553314209,0.4975232481956482,18.06062889099121,0.6922595500946045,20.342134475708008,0.8398283123970032,22.574413299560547,0.9856884479522705,24.837831497192383,1.0756115913391113,27.07698631286621,1.3027167320251465,29.29371452331543,1.4708024263381958
034256c9639044f98da7562ef3de3646,complete the left turn,3.0030534267425537,0.2677023410797119,5.5490546226501465,-0.18346458673477173,8.166121482849121,-0.08795437216758728,10.822699546813965,0.20997241139411926,13.174745559692383,0.25433149933815,15.53708553314209,0.4975232481956482,18.06062889099121,0.6922595500946045,20.342134475708008,0.8398283123970032,22.574413299560547,0.9856884479522705,24.837831497192383,1.0756115913391113,27.07698631286621,1.3027167320251465,29.29371452331543,1.4708024263381958
034256c9639044f98da7562ef3de3646,turn left,3.0030534267425537,0.2677023410797119,5.5490546226501465,-0.18346458673477173,8.166121482849121,-0.08795437216758728,10.822699546813965,0.20997241139411926,13.174745559692383,0.25433149933815,15.53708553314209,0.4975232481956482,18.06062889099121,0.6922595500946045,20.342134475708008,0.8398283123970032,22.574413299560547,0.9856884479522705,24.837831497192383,1.0756115913391113,27.07698631286621,1.3027167320251465,29.29371452331543,1.4708024263381958
a2e3c0a763c04e56a5e26611eb69395b,,3.6999664306640625,0.30137819051742554,6.925875186920166,-0.29056039452552795,10.186656951904297,-0.29191282391548157,13.435169219970703,-0.10183759778738022,16.415000915527344,-0.15371482074260712,19.217554092407227,-0.01389166247099638,22.34426498413086,0.02937818504869938,25.157804489135742,-0.01298939436674118,27.870084762573242,-0.004996263887733221,30.662094116210938,-0.14355137944221497,33.247928619384766,-0.08084503561258316,35.93363571166992,-0.04916580393910408
ae643c14ded14e6ea74f8c8605200ed1,turn left and turn left again at the intersection,3.381589412689209,0.38414865732192993,6.407903671264648,-0.056970663368701935,9.242424011230469,0.3759301006793976,12.346613883972168,0.960179328918457,15.121512413024902,1.4044636487960815,17.770490646362305,2.114145040512085,20.68012809753418,2.6143276691436768,23.375164031982422,3.4625279903411865,25.918020248413086,4.009682655334473,28.587141036987305,4.66198205947876,31.130868911743164,5.450870037078857,33.72378921508789,6.034664154052734
ae643c14ded14e6ea74f8c8605200ed1,turn left at the intersection and left again at the next intersection,3.381589412689209,0.38414865732192993,6.407903671264648,-0.056970663368701935,9.242424011230469,0.3759301006793976,12.346613883972168,0.960179328918457,15.121512413024902,1.4044636487960815,17.770490646362305,2.114145040512085,20.68012809753418,2.6143276691436768,23.375164031982422,3.4625279903411865,25.918020248413086,4.009682655334473,28.587141036987305,4.66198205947876,31.130868911743164,5.450870037078857,33.72378921508789,6.034664154052734
ae643c14ded14e6ea74f8c8605200ed1,Turn left and then take the next left,3.381589412689209,0.38414865732192993,6.407903671264648,-0.056970663368701935,9.242424011230469,0.3759301006793976,12.346613883972168,0.960179328918457,15.121512413024902,1.4044636487960815,17.770490646362305,2.114145040512085,20.68012809753418,2.6143276691436768,23.375164031982422,3.4625279903411865,25.918020248413086,4.009682655334473,28.587141036987305,4.66198205947876,31.130868911743164,5.450870037078857,33.72378921508789,6.034664154052734
ae643c14ded14e6ea74f8c8605200ed1,"make a left turn at the intersection, then make another left turn at the next intersection",3.381589412689209,0.38414865732192993,6.407903671264648,-0.056970663368701935,9.242424011230469,0.3759301006793976,12.346613883972168,0.960179328918457,15.121512413024902,1.4044636487960815,17.770490646362305,2.114145040512085,20.68012809753418,2.6143276691436768,23.375164031982422,3.4625279903411865,25.918020248413086,4.009682655334473,28.587141036987305,4.66198205947876,31.130868911743164,5.450870037078857,33.72378921508789,6.034664154052734
ae643c14ded14e6ea74f8c8605200ed1,"turn left, turn left",3.381589412689209,0.38414865732192993,6.407903671264648,-0.056970663368701935,9.242424011230469,0.3759301006793976,12.346613883972168,0.960179328918457,15.121512413024902,1.4044636487960815,17.770490646362305,2.114145040512085,20.68012809753418,2.6143276691436768,23.375164031982422,3.4625279903411865,25.918020248413086,4.009682655334473,28.587141036987305,4.66198205947876,31.130868911743164,5.450870037078857,33.72378921508789,6.034664154052734
ae643c14ded14e6ea74f8c8605200ed1,Make a left turn at the intersection,3.381589412689209,0.38414865732192993,6.407903671264648,-0.056970663368701935,9.242424011230469,0.3759301006793976,12.346613883972168,0.960179328918457,15.121512413024902,1.4044636487960815,17.770490646362305,2.114145040512085,20.68012809753418,2.6143276691436768,23.375164031982422,3.4625279903411865,25.918020248413086,4.009682655334473,28.587141036987305,4.66198205947876,31.130868911743164,5.450870037078857,33.72378921508789,6.034664154052734
ae643c14ded14e6ea74f8c8605200ed1,Make the next left turn possible,3.381589412689209,0.38414865732192993,6.407903671264648,-0.056970663368701935,9.242424011230469,0.3759301006793976,12.346613883972168,0.960179328918457,15.121512413024902,1.4044636487960815,17.770490646362305,2.114145040512085,20.68012809753418,2.6143276691436768,23.375164031982422,3.4625279903411865,25.918020248413086,4.009682655334473,28.587141036987305,4.66198205947876,31.130868911743164,5.450870037078857,33.72378921508789,6.034664154052734
9f3c8453d03d4df5946444757376b826,turn right here,4.624422073364258,0.4488915205001831,9.14725399017334,-0.580851137638092,13.25223159790039,-0.7097961902618408,17.314132690429688,-0.5971815586090088,21.368412017822266,-0.8206393718719482,25.234333038330078,-1.064399242401123,29.422664642333984,-1.1754087209701538,33.12086486816406,-1.6619352102279663,36.9482421875,-1.9180870056152344,40.61588668823242,-2.286431074142456,44.309932708740234,-2.659653425216675,48.020591735839844,-2.9118704795837402
9f3c8453d03d4df5946444757376b826,turn right at the intersection,4.624422073364258,0.4488915205001831,9.147252082824707,-0.5808511972427368,13.25223159790039,-0.709796130657196,17.314130783081055,-0.5971815586090088,21.368410110473633,-0.820639431476593,25.234333038330078,-1.0643993616104126,29.42266845703125,-1.1754086017608643,33.1208610534668,-1.6619350910186768,36.948246002197266,-1.9180870056152344,40.61588668823242,-2.286431312561035,44.30992889404297,-2.659653425216675,48.02058792114258,-2.9118704795837402
9f3c8453d03d4df5946444757376b826,Take a right turn and then continue down the road,4.624422073364258,0.4488915205001831,9.14725399017334,-0.580851137638092,13.25223159790039,-0.7097961902618408,17.314132690429688,-0.5971815586090088,21.368412017822266,-0.8206393718719482,25.234333038330078,-1.064399242401123,29.422664642333984,-1.1754087209701538,33.12086486816406,-1.6619352102279663,36.9482421875,-1.9180870056152344,40.61588668823242,-2.286431074142456,44.309932708740234,-2.659653425216675,48.020591735839844,-2.9118704795837402
9f3c8453d03d4df5946444757376b826,turn right,4.624422073364258,0.4488915205001831,9.14725399017334,-0.580851137638092,13.25223159790039,-0.7097961902618408,17.314132690429688,-0.5971815586090088,21.368412017822266,-0.8206393718719482,25.234333038330078,-1.064399242401123,29.422664642333984,-1.1754087209701538,33.12086486816406,-1.6619352102279663,36.9482421875,-1.9180870056152344,40.61588668823242,-2.286431074142456,44.309932708740234,-2.659653425216675,48.020591735839844,-2.9118704795837402
9f3c8453d03d4df5946444757376b826,,4.624422073364258,0.4488915205001831,9.14725399017334,-0.580851137638092,13.25223159790039,-0.7097961902618408,17.314132690429688,-0.5971815586090088,21.368412017822266,-0.8206393718719482,25.234333038330078,-1.064399242401123,29.422664642333984,-1.1754087209701538,33.12086486816406,-1.6619352102279663,36.9482421875,-1.9180870056152344,40.61588668823242,-2.286431074142456,44.309932708740234,-2.659653425216675,48.020591735839844,-2.9118704795837402
e0b14a8e11994763acba690bbcc3f56a,turn right here,1.0146631002426147,0.013284511864185333,1.9199049472808838,-0.2921622395515442,2.834749460220337,-0.541480302810669,3.873650074005127,-0.6097933650016785,4.778591632843018,-0.9499964118003845,5.739212512969971,-1.3806729316711426,6.710885047912598,-1.7154743671417236,7.829839706420898,-2.226249933242798,8.894159317016602,-2.4998388290405273,9.83554458618164,-3.0087385177612305,11.158482551574707,-3.61350154876709,12.156574249267578,-4.078978061676025
e0b14a8e11994763acba690bbcc3f56a,,1.0146631002426147,0.013284511864185333,1.9199049472808838,-0.2921622395515442,2.834749460220337,-0.541480302810669,3.873650074005127,-0.6097933650016785,4.778591632843018,-0.9499964118003845,5.739212512969971,-1.3806729316711426,6.710885047912598,-1.7154743671417236,7.829839706420898,-2.226249933242798,8.894159317016602,-2.4998388290405273,9.83554458618164,-3.0087385177612305,11.158482551574707,-3.61350154876709,12.156574249267578,-4.078978061676025
e0b14a8e11994763acba690bbcc3f56a,Turn to the right and stop at the stop signs,1.0146631002426147,0.013284511864185333,1.9199049472808838,-0.2921622395515442,2.834749460220337,-0.541480302810669,3.873650074005127,-0.6097933650016785,4.778591632843018,-0.9499964118003845,5.739212512969971,-1.3806729316711426,6.710885047912598,-1.7154743671417236,7.829839706420898,-2.226249933242798,8.894159317016602,-2.4998388290405273,9.83554458618164,-3.0087385177612305,11.158482551574707,-3.61350154876709,12.156574249267578,-4.078978061676025
e0b14a8e11994763acba690bbcc3f56a,trn right and stop at the intersection,1.0146631002426147,0.013284511864185333,1.9199049472808838,-0.2921622395515442,2.834749460220337,-0.541480302810669,3.873650074005127,-0.6097933650016785,4.778591632843018,-0.9499964118003845,5.739212512969971,-1.3806729316711426,6.710885047912598,-1.7154743671417236,7.829839706420898,-2.226249933242798,8.894159317016602,-2.4998388290405273,9.83554458618164,-3.0087385177612305,11.158482551574707,-3.61350154876709,12.156574249267578,-4.078978061676025
e0b14a8e11994763acba690bbcc3f56a,turn right,1.0146631002426147,0.013284511864185333,1.9199049472808838,-0.2921622395515442,2.834749460220337,-0.541480302810669,3.873650074005127,-0.6097933650016785,4.778591632843018,-0.9499964118003845,5.739212512969971,-1.3806729316711426,6.710885047912598,-1.7154743671417236,7.829839706420898,-2.226249933242798,8.894159317016602,-2.4998388290405273,9.83554458618164,-3.0087385177612305,11.158482551574707,-3.61350154876709,12.156574249267578,-4.078978061676025
e0b14a8e11994763acba690bbcc3f56a,Sop at the stopsign,1.0146631002426147,0.013284511864185333,1.9199049472808838,-0.2921622395515442,2.834749460220337,-0.541480302810669,3.873650074005127,-0.6097933650016785,4.778591632843018,-0.9499964118003845,5.739212512969971,-1.3806729316711426,6.710885047912598,-1.7154743671417236,7.829839706420898,-2.226249933242798,8.894159317016602,-2.4998388290405273,9.83554458618164,-3.0087385177612305,11.158482551574707,-3.61350154876709,12.156574249267578,-4.078978061676025
e0b14a8e11994763acba690bbcc3f56a,Make a left turn once all cars have passed the intersection,1.0146631002426147,0.013284511864185333,1.9199049472808838,-0.2921622395515442,2.834749460220337,-0.541480302810669,3.873650074005127,-0.6097933650016785,4.778591632843018,-0.9499964118003845,5.739212512969971,-1.3806729316711426,6.710885047912598,-1.7154743671417236,7.829839706420898,-2.226249933242798,8.894159317016602,-2.4998388290405273,9.83554458618164,-3.0087385177612305,11.158482551574707,-3.61350154876709,12.156574249267578,-4.078978061676025
b0c4f9a7680142d8add66f69e5f20ecb,turn left at the stop sign continue straight and drive away from the stopped truck and pedestrian,3.7874765396118164,0.44523102045059204,7.243688106536865,-0.07590391486883163,10.429950714111328,0.35150519013404846,13.963346481323242,0.9654412865638733,17.12320899963379,1.3972331285476685,20.30000877380371,2.0104568004608154,23.50469970703125,2.6402783393859863,26.707918167114258,3.3983004093170166,29.68565559387207,4.023740768432617,32.724788665771484,4.639129638671875,35.73273468017578,5.467116832733154,38.713592529296875,6.061192035675049
b0c4f9a7680142d8add66f69e5f20ecb,turn left at the stop sign,3.7874765396118164,0.44523102045059204,7.243688106536865,-0.07590391486883163,10.429950714111328,0.35150519013404846,13.963346481323242,0.9654412865638733,17.12320899963379,1.3972331285476685,20.30000877380371,2.0104568004608154,23.50469970703125,2.6402783393859863,26.707918167114258,3.3983004093170166,29.68565559387207,4.023740768432617,32.724788665771484,4.639129638671875,35.73273468017578,5.467116832733154,38.713592529296875,6.061192035675049
b0c4f9a7680142d8add66f69e5f20ecb,Turn to the left and the continue straight,3.7874765396118164,0.44523102045059204,7.243688106536865,-0.07590391486883163,10.429950714111328,0.35150519013404846,13.963346481323242,0.9654412865638733,17.12320899963379,1.3972331285476685,20.30000877380371,2.0104568004608154,23.50469970703125,2.6402783393859863,26.707918167114258,3.3983004093170166,29.68565559387207,4.023740768432617,32.724788665771484,4.639129638671875,35.73273468017578,5.467116832733154,38.713592529296875,6.061192035675049
b0c4f9a7680142d8add66f69e5f20ecb,"turn left, go straight",3.7874765396118164,0.44523102045059204,7.243688106536865,-0.07590391486883163,10.429950714111328,0.35150519013404846,13.963346481323242,0.9654412865638733,17.12320899963379,1.3972331285476685,20.30000877380371,2.0104568004608154,23.50469970703125,2.6402783393859863,26.707918167114258,3.3983004093170166,29.68565559387207,4.023740768432617,32.724788665771484,4.639129638671875,35.73273468017578,5.467116832733154,38.713592529296875,6.061192035675049
b0c4f9a7680142d8add66f69e5f20ecb,turn left,3.7874765396118164,0.44523102045059204,7.243688106536865,-0.07590391486883163,10.429950714111328,0.35150519013404846,13.963346481323242,0.9654412865638733,17.12320899963379,1.3972331285476685,20.30000877380371,2.0104568004608154,23.50469970703125,2.6402783393859863,26.707918167114258,3.3983004093170166,29.68565559387207,4.023740768432617,32.724788665771484,4.639129638671875,35.73273468017578,5.467116832733154,38.713592529296875,6.061192035675049
b0c4f9a7680142d8add66f69e5f20ecb,,3.7874765396118164,0.44523102045059204,7.243688106536865,-0.07590391486883163,10.429950714111328,0.35150519013404846,13.963346481323242,0.9654412865638733,17.12320899963379,1.3972331285476685,20.30000877380371,2.0104568004608154,23.50469970703125,2.6402783393859863,26.707918167114258,3.3983004093170166,29.68565559387207,4.023740768432617,32.724788665771484,4.639129638671875,35.73273468017578,5.467116832733154,38.713592529296875,6.061192035675049
2c96ff6afc9e4cf7bc8b107fce955c1f,,3.778765916824341,0.3012739419937134,7.082699298858643,-0.28690770268440247,10.443032264709473,-0.2910971939563751,13.746801376342773,-0.12806837260723114,16.81481170654297,-0.14085562527179718,19.655183792114258,0.013441509567201138,22.80814552307129,0.05878162011504173,25.69752311706543,0.00547806266695261,28.437253952026367,0.030627261847257614,31.291492462158203,-0.08581047505140305,33.877479553222656,-0.04031455144286156,36.61226272583008,0.01882532425224781
64a3a2d22172406c848f2a92275808ba,,3.6874969005584717,0.29994919896125793,6.932595252990723,-0.31817448139190674,10.230731964111328,-0.29451748728752136,13.508959770202637,-0.13341890275478363,16.56605339050293,-0.1768321841955185,19.48126792907715,-0.03907342627644539,22.659841537475586,-0.03334849700331688,25.546953201293945,-0.07707437872886658,28.340808868408203,-0.080672986805439,31.22336196899414,-0.2427956908941269,33.916683197021484,-0.16954025626182556,36.68540954589844,-0.17481690645217896
64a3a2d22172406c848f2a92275808ba,Go straight when the stoplight turns green,3.6874961853027344,0.29994919896125793,6.932595729827881,-0.3181745111942291,10.230732917785645,-0.294517457485199,13.508962631225586,-0.13341890275478363,16.566057205200195,-0.1768321543931961,19.48126792907715,-0.03907342255115509,22.659841537475586,-0.03334849327802658,25.546953201293945,-0.07707439363002777,28.340810775756836,-0.0806729719042778,31.223365783691406,-0.2427956461906433,33.91667938232422,-0.16954027116298676,36.6854133605957,-0.17481690645217896
4efde86424ea4088a43faeb5158ceabf,,0.00611195107921958,-0.029895436018705368,-3.1298259273171425e-05,-0.10179491341114044,0.17313244938850403,-0.0431600846350193,0.47144386172294617,0.06286653131246567,0.7707772850990295,0.05003054812550545,1.131569266319275,-0.02339874394237995,1.3515021800994873,-0.0449005663394928,2.0187904834747314,-0.09173327684402466,2.4384312629699707,0.007547717075794935,2.941396713256836,-0.032911766320466995,3.4420485496520996,-0.08978872001171112,3.910898447036743,0.010144463740289211
4efde86424ea4088a43faeb5158ceabf,Go straight when the stoplight turns green,0.006111953407526016,-0.029895445331931114,-3.1298259273171425e-05,-0.10179489850997925,0.1731325089931488,-0.0431600846350193,0.47144392132759094,0.06286656111478806,0.7707774639129639,0.050030533224344254,1.131569743156433,-0.023398734629154205,1.351502537727356,-0.04490059241652489,2.018789529800415,-0.09173329174518585,2.438432455062866,0.00754771800711751,2.9413950443267822,-0.0329117476940155,3.442049264907837,-0.08978874236345291,3.9108967781066895,0.010144457221031189
54ec146682e24683becfeab4124e8402,,3.168222188949585,0.2368163764476776,5.802206993103027,-0.2370462715625763,8.562374114990234,-0.34018272161483765,11.302367210388184,-0.11803678423166275,13.67975902557373,-0.25795185565948486,15.956486701965332,-0.21140660345554352,18.451507568359375,-0.16886693239212036,20.74665069580078,-0.32676422595977783,22.900678634643555,-0.3234635591506958,25.15697479248047,-0.49728646874427795,27.24245262145996,-0.5670866966247559,29.364118576049805,-0.5155285596847534
8b60e7e47cde43e0a7fbd66d926de14f,turn right at the intersection,2.9982335567474365,0.16696155071258545,5.714736461639404,-0.5170933604240417,8.378228187561035,-0.8551316261291504,11.020793914794922,-1.0209064483642578,13.393758773803711,-1.5462031364440918,15.694193840026855,-2.032848834991455,18.1690616607666,-2.4529073238372803,20.568662643432617,-3.259382963180542,22.819774627685547,-3.733157157897949,25.07074546813965,-4.492734909057617,27.402462005615234,-5.349301338195801,29.556827545166016,-5.952414512634277
8b60e7e47cde43e0a7fbd66d926de14f,Take a right turn and then stop behind the black car,2.9982335567474365,0.16696153581142426,5.714735984802246,-0.5170933604240417,8.378227233886719,-0.8551316857337952,11.020793914794922,-1.0209064483642578,13.393759727478027,-1.5462031364440918,15.694196701049805,-2.032848834991455,18.1690616607666,-2.4529075622558594,20.56866455078125,-3.259383201599121,22.81977081298828,-3.733157157897949,25.070743560791016,-4.492734909057617,27.402462005615234,-5.349301815032959,29.556827545166016,-5.952414035797119
8b60e7e47cde43e0a7fbd66d926de14f,turn right at the intersection and slow to avoid hitting the car in front,2.9982335567474365,0.16696153581142426,5.714735984802246,-0.5170933604240417,8.378227233886719,-0.8551316857337952,11.020793914794922,-1.0209064483642578,13.393759727478027,-1.5462031364440918,15.694196701049805,-2.032848834991455,18.1690616607666,-2.4529075622558594,20.56866455078125,-3.259383201599121,22.81977081298828,-3.733157157897949,25.070743560791016,-4.492734909057617,27.402462005615234,-5.349301815032959,29.556827545166016,-5.952414035797119
8b60e7e47cde43e0a7fbd66d926de14f,turn right,2.9982335567474365,0.16696153581142426,5.714735984802246,-0.5170933604240417,8.378227233886719,-0.8551316857337952,11.020793914794922,-1.0209064483642578,13.393759727478027,-1.5462031364440918,15.694196701049805,-2.032848834991455,18.1690616607666,-2.4529075622558594,20.56866455078125,-3.259383201599121,22.81977081298828,-3.733157157897949,25.070743560791016,-4.492734909057617,27.402462005615234,-5.349301815032959,29.556827545166016,-5.952414035797119
8b60e7e47cde43e0a7fbd66d926de14f,Make a right turn at the intersection,2.9982335567474365,0.16696153581142426,5.714735984802246,-0.5170933604240417,8.378227233886719,-0.8551316857337952,11.020793914794922,-1.0209064483642578,13.393759727478027,-1.5462031364440918,15.694196701049805,-2.032848834991455,18.1690616607666,-2.4529075622558594,20.56866455078125,-3.259383201599121,22.81977081298828,-3.733157157897949,25.070743560791016,-4.492734909057617,27.402462005615234,-5.349301815032959,29.556827545166016,-5.952414035797119
69e393da7cb54eb6bea7927a2af0d1ee,,0.9338130354881287,0.047154467552900314,1.7550715208053589,-0.19624336063861847,2.748335599899292,-0.17483927309513092,3.7854456901550293,-0.09281972050666809,4.808643817901611,-0.17863143980503082,5.888565540313721,-0.2567983567714691,6.86496639251709,-0.3273451030254364,8.09244441986084,-0.4735620319843292,9.117354393005371,-0.4560958445072174,10.26056957244873,-0.6379279494285583,11.421934127807617,-0.7399157881736755,12.472966194152832,-0.7511465549468994
aee27b55da77468ba444357348f5cf88,follow the road slow down for pedestrians,3.160719156265259,0.2479974627494812,5.97502326965332,-0.25289133191108704,8.711862564086914,-0.29069408774375916,11.399906158447266,-0.16562090814113617,13.895977020263672,-0.2180597484111786,16.318675994873047,-0.18109031021595,18.973533630371094,-0.11145681887865067,21.205507278442383,-0.21943919360637665,23.630155563354492,-0.20497052371501923,25.87824058532715,-0.29185518622398376,28.28127670288086,-0.33082979917526245,30.55922508239746,-0.3711373507976532
aee27b55da77468ba444357348f5cf88,,3.160719394683838,0.24799741804599762,5.975022315979004,-0.25289133191108704,8.711862564086914,-0.29069408774375916,11.399906158447266,-0.16562090814113617,13.895978927612305,-0.2180597186088562,16.318675994873047,-0.18109029531478882,18.973535537719727,-0.11145681887865067,21.205507278442383,-0.21943922340869904,23.63015365600586,-0.20497052371501923,25.878238677978516,-0.29185518622398376,28.28127670288086,-0.33082979917526245,30.55922508239746,-0.3711373507976532
aee27b55da77468ba444357348f5cf88,slow down near the construction zone,3.160719156265259,0.2479974627494812,5.97502326965332,-0.25289133191108704,8.711862564086914,-0.29069408774375916,11.399906158447266,-0.16562090814113617,13.895977020263672,-0.2180597484111786,16.318675994873047,-0.18109031021595,18.973533630371094,-0.11145681887865067,21.205507278442383,-0.21943919360637665,23.630155563354492,-0.20497052371501923,25.87824058532715,-0.29185518622398376,28.28127670288086,-0.33082979917526245,30.55922508239746,-0.3711373507976532
aee27b55da77468ba444357348f5cf88,Be cautious of the pedestrians on the road and stay on the left side of the lane,3.160719156265259,0.2479974627494812,5.97502326965332,-0.25289133191108704,8.711862564086914,-0.29069408774375916,11.399906158447266,-0.16562090814113617,13.895977020263672,-0.2180597484111786,16.318675994873047,-0.18109031021595,18.973533630371094,-0.11145681887865067,21.205507278442383,-0.21943919360637665,23.630155563354492,-0.20497052371501923,25.87824058532715,-0.29185518622398376,28.28127670288086,-0.33082979917526245,30.55922508239746,-0.3711373507976532
aee27b55da77468ba444357348f5cf88,"Following the vehicle ahead, proceed with caution maintaining a safe distance to avoid hitting the two pedestrians",3.160719156265259,0.2479974627494812,5.97502326965332,-0.25289133191108704,8.711862564086914,-0.29069408774375916,11.399906158447266,-0.16562090814113617,13.895977020263672,-0.2180597484111786,16.318675994873047,-0.18109031021595,18.973533630371094,-0.11145681887865067,21.205507278442383,-0.21943919360637665,23.630155563354492,-0.20497052371501923,25.87824058532715,-0.29185518622398376,28.28127670288086,-0.33082979917526245,30.55922508239746,-0.3711373507976532
7809330e0345423ab6212787edf3561b,,5.298473834991455,0.5621208548545837,10.61265754699707,-0.538597583770752,15.295219421386719,-0.4327850043773651,19.90603256225586,-0.06148213520646095,24.603473663330078,0.032615091651678085,29.129335403442383,0.05817730352282524,33.904579162597656,0.34682705998420715,38.09181213378906,0.14972850680351257,42.4812126159668,0.25112631916999817,46.638431549072266,0.36856749653816223,50.840354919433594,0.39171868562698364,55.13888931274414,0.5504083633422852
49eb09ab4c4142268131125d6e619a0c,,0.4032115340232849,-0.03955710306763649,0.5793216228485107,-0.1267796754837036,1.0050387382507324,-0.032438427209854126,1.5509247779846191,0.0163000226020813,2.10182523727417,-0.15097036957740784,2.6501753330230713,-0.17492549121379852,3.056330919265747,-0.1678047776222229,3.8141088485717773,-0.24635066092014313,4.4813995361328125,-0.13143639266490936,5.202311038970947,-0.30040571093559265,5.950965404510498,-0.3521406650543213,6.547374725341797,-0.3118208348751068
49eb09ab4c4142268131125d6e619a0c,wait for the oncoming traffic to pass,0.40321147441864014,-0.03955711051821709,0.5793216228485107,-0.1267796754837036,1.0050389766693115,-0.03243841975927353,1.5509247779846191,0.016300024464726448,2.1018247604370117,-0.15097036957740784,2.6501753330230713,-0.17492547631263733,3.056331157684326,-0.1678047776222229,3.8141088485717773,-0.24635066092014313,4.4813995361328125,-0.13143640756607056,5.202311038970947,-0.30040568113327026,5.950965404510498,-0.3521406352519989,6.5473737716674805,-0.3118208348751068
49eb09ab4c4142268131125d6e619a0c,turn right,0.40321147441864014,-0.03955711051821709,0.5793216228485107,-0.1267796754837036,1.0050389766693115,-0.03243841975927353,1.5509247779846191,0.016300024464726448,2.1018247604370117,-0.15097036957740784,2.6501753330230713,-0.17492547631263733,3.056331157684326,-0.1678047776222229,3.8141088485717773,-0.24635066092014313,4.4813995361328125,-0.13143640756607056,5.202311038970947,-0.30040568113327026,5.950965404510498,-0.3521406352519989,6.5473737716674805,-0.3118208348751068
49eb09ab4c4142268131125d6e619a0c,"When the stoplight is green, attempt to make a left turn while",0.40321147441864014,-0.03955711051821709,0.5793216228485107,-0.1267796754837036,1.0050389766693115,-0.03243841975927353,1.5509247779846191,0.016300024464726448,2.1018247604370117,-0.15097036957740784,2.6501753330230713,-0.17492547631263733,3.056331157684326,-0.1678047776222229,3.8141088485717773,-0.24635066092014313,4.4813995361328125,-0.13143640756607056,5.202311038970947,-0.30040568113327026,5.950965404510498,-0.3521406352519989,6.5473737716674805,-0.3118208348751068
49eb09ab4c4142268131125d6e619a0c,Slowly move forward and wait for oncoming traffic to pass,0.40321147441864014,-0.03955711051821709,0.5793216228485107,-0.1267796754837036,1.0050389766693115,-0.03243841975927353,1.5509247779846191,0.016300024464726448,2.1018247604370117,-0.15097036957740784,2.6501753330230713,-0.17492547631263733,3.056331157684326,-0.1678047776222229,3.8141088485717773,-0.24635066092014313,4.4813995361328125,-0.13143640756607056,5.202311038970947,-0.30040568113327026,5.950965404510498,-0.3521406352519989,6.5473737716674805,-0.3118208348751068
26a6b03c8e2f4e6692f174a7074e54ff,,3.651806354522705,0.30767616629600525,6.876961708068848,-0.30961570143699646,10.068696022033691,-0.3269035220146179,13.248213768005371,-0.11869268864393234,16.16324806213379,-0.20296846330165863,18.98324203491211,-0.13308535516262054,22.09480094909668,-0.05812537297606468,24.812620162963867,-0.16871951520442963,27.539884567260742,-0.1864619106054306,30.24797248840332,-0.30941537022590637,32.86040496826172,-0.2989853322505951,35.52665710449219,-0.2926250100135803
26a6b03c8e2f4e6692f174a7074e54ff,Slow down to let the vehicle ahead turn,3.651808023452759,0.30767622590065,6.876962661743164,-0.30961570143699646,10.068696975708008,-0.3269035518169403,13.248218536376953,-0.11869268864393234,16.163246154785156,-0.20296847820281982,18.983238220214844,-0.13308537006378174,22.09479522705078,-0.058125391602516174,24.812618255615234,-0.16871950030326843,27.539886474609375,-0.1864618957042694,30.247976303100586,-0.3094153106212616,32.86040496826172,-0.2989853024482727,35.52665710449219,-0.2926250100135803
d7bacba9119840f78f3c804134ceece0,follow the car ahead through the roundabout,3.151862382888794,0.2613566815853119,5.934274673461914,-0.2933744192123413,8.701122283935547,-0.3197770118713379,11.447378158569336,-0.1648470163345337,13.915529251098633,-0.300603985786438,16.34786033630371,-0.25432854890823364,19.03887176513672,-0.24142387509346008,21.355295181274414,-0.38463079929351807,23.69896125793457,-0.42690399289131165,26.05405616760254,-0.6028815507888794,28.416135787963867,-0.6851311922073364,30.67631721496582,-0.7240384221076965
d7bacba9119840f78f3c804134ceece0,,3.151862144470215,0.2613566815853119,5.934274673461914,-0.2933744192123413,8.701123237609863,-0.3197770118713379,11.447378158569336,-0.16484704613685608,13.915529251098633,-0.3006040155887604,16.34786033630371,-0.2543286085128784,19.03887176513672,-0.24142387509346008,21.355295181274414,-0.3846307396888733,23.698959350585938,-0.42690399289131165,26.054058074951172,-0.6028815507888794,28.4161376953125,-0.6851312518119812,30.67631721496582,-0.7240385413169861
d7bacba9119840f78f3c804134ceece0,cross the round about,3.151862382888794,0.2613566815853119,5.934274673461914,-0.2933744192123413,8.701122283935547,-0.3197770118713379,11.447378158569336,-0.1648470163345337,13.915529251098633,-0.300603985786438,16.34786033630371,-0.25432854890823364,19.03887176513672,-0.24142387509346008,21.355295181274414,-0.38463079929351807,23.69896125793457,-0.42690399289131165,26.05405616760254,-0.6028815507888794,28.416135787963867,-0.6851311922073364,30.67631721496582,-0.7240384221076965
d7bacba9119840f78f3c804134ceece0,go straight at the roundabout,3.151862382888794,0.2613566815853119,5.934274673461914,-0.2933744192123413,8.701122283935547,-0.3197770118713379,11.447378158569336,-0.1648470163345337,13.915529251098633,-0.300603985786438,16.34786033630371,-0.25432854890823364,19.03887176513672,-0.24142387509346008,21.355295181274414,-0.38463079929351807,23.69896125793457,-0.42690399289131165,26.05405616760254,-0.6028815507888794,28.416135787963867,-0.6851311922073364,30.67631721496582,-0.7240384221076965
d7bacba9119840f78f3c804134ceece0,In the roundabout take the second exit,3.151862382888794,0.2613566815853119,5.934274673461914,-0.2933744192123413,8.701122283935547,-0.3197770118713379,11.447378158569336,-0.1648470163345337,13.915529251098633,-0.300603985786438,16.34786033630371,-0.25432854890823364,19.03887176513672,-0.24142387509346008,21.355295181274414,-0.38463079929351807,23.69896125793457,-0.42690399289131165,26.05405616760254,-0.6028815507888794,28.416135787963867,-0.6851311922073364,30.67631721496582,-0.7240384221076965
6a24a80e2ea3493c81f5fdb9fe78c28a,,4.420323371887207,0.42961418628692627,8.528804779052734,-0.3193420171737671,12.418987274169922,-0.2078731805086136,16.253009796142578,0.11273755878210068,19.945711135864258,0.2574427127838135,23.439865112304688,0.4728809595108032,27.30655860900879,0.691946268081665,30.672040939331055,0.7527449727058411,34.06699752807617,0.9194971919059753,37.42689895629883,1.0294705629348755,40.68828201293945,1.2253576517105103,44.0576171875,1.4656881093978882
6a24a80e2ea3493c81f5fdb9fe78c28a,Shift to the right of the white car and then continue going straight,4.420323371887207,0.4296141564846039,8.528804779052734,-0.3193420171737671,12.418987274169922,-0.2078731805086136,16.25301170349121,0.11273755133152008,19.94571304321289,0.25744274258613586,23.439865112304688,0.4728809893131256,27.306556701660156,0.6919462084770203,30.67204475402832,0.7527450323104858,34.066993713378906,0.9194972515106201,37.42689895629883,1.0294705629348755,40.68827819824219,1.2253576517105103,44.0576286315918,1.4656879901885986
6a24a80e2ea3493c81f5fdb9fe78c28a,go straight,4.420323371887207,0.4296141564846039,8.528804779052734,-0.3193420171737671,12.418987274169922,-0.2078731805086136,16.25301170349121,0.11273755133152008,19.94571304321289,0.25744274258613586,23.439865112304688,0.4728809893131256,27.306556701660156,0.6919462084770203,30.67204475402832,0.7527450323104858,34.066993713378906,0.9194972515106201,37.42689895629883,1.0294705629348755,40.68827819824219,1.2253576517105103,44.0576286315918,1.4656879901885986
6a24a80e2ea3493c81f5fdb9fe78c28a,Switch into the right lane before appraoching the car ahead of you,4.420323371887207,0.4296141564846039,8.528804779052734,-0.3193420171737671,12.418987274169922,-0.2078731805086136,16.25301170349121,0.11273755133152008,19.94571304321289,0.25744274258613586,23.439865112304688,0.4728809893131256,27.306556701660156,0.6919462084770203,30.67204475402832,0.7527450323104858,34.066993713378906,0.9194972515106201,37.42689895629883,1.0294705629348755,40.68827819824219,1.2253576517105103,44.0576286315918,1.4656879901885986
6a24a80e2ea3493c81f5fdb9fe78c28a,"Follow the vehicle ahead, and cautiously go around the vehicle that's turning left",4.420323371887207,0.4296141564846039,8.528804779052734,-0.3193420171737671,12.418987274169922,-0.2078731805086136,16.25301170349121,0.11273755133152008,19.94571304321289,0.25744274258613586,23.439865112304688,0.4728809893131256,27.306556701660156,0.6919462084770203,30.67204475402832,0.7527450323104858,34.066993713378906,0.9194972515106201,37.42689895629883,1.0294705629348755,40.68827819824219,1.2253576517105103,44.0576286315918,1.4656879901885986
d6e6f5d622474271b695f4c7f07df7bb,turn right here,2.0536084175109863,0.06820160895586014,3.8125343322753906,-0.46884578466415405,5.496512413024902,-0.644481897354126,7.250040054321289,-0.7817909121513367,8.723803520202637,-1.3013824224472046,10.517444610595703,-1.8358500003814697,12.218408584594727,-2.18707537651062,13.863936424255371,-2.961688995361328,15.457436561584473,-3.4563729763031006,16.893341064453125,-4.020510196685791,18.753263473510742,-4.82330846786499,20.461210250854492,-5.543269634246826
d6e6f5d622474271b695f4c7f07df7bb,Take a right and then continue going straight and shift to the opposing lane,2.0536084175109863,0.06820160895586014,3.8125338554382324,-0.4688457250595093,5.4965128898620605,-0.644481897354126,7.250040531158447,-0.7817907929420471,8.723804473876953,-1.3013825416564941,10.517444610595703,-1.8358502388000488,12.21840763092041,-2.187075138092041,13.863936424255371,-2.9616892337799072,15.45743465423584,-3.4563729763031006,16.893341064453125,-4.020510673522949,18.75326156616211,-4.823308944702148,20.461206436157227,-5.543269634246826
d6e6f5d622474271b695f4c7f07df7bb,turn right at the intersection,2.0536084175109863,0.06820160895586014,3.8125338554382324,-0.4688457250595093,5.4965128898620605,-0.644481897354126,7.250040531158447,-0.7817907929420471,8.723804473876953,-1.3013825416564941,10.517444610595703,-1.8358502388000488,12.21840763092041,-2.187075138092041,13.863936424255371,-2.9616892337799072,15.45743465423584,-3.4563729763031006,16.893341064453125,-4.020510673522949,18.75326156616211,-4.823308944702148,20.461206436157227,-5.543269634246826
d6e6f5d622474271b695f4c7f07df7bb,turn right,2.0536084175109863,0.06820160895586014,3.8125338554382324,-0.4688457250595093,5.4965128898620605,-0.644481897354126,7.250040531158447,-0.7817907929420471,8.723804473876953,-1.3013825416564941,10.517444610595703,-1.8358502388000488,12.21840763092041,-2.187075138092041,13.863936424255371,-2.9616892337799072,15.45743465423584,-3.4563729763031006,16.893341064453125,-4.020510673522949,18.75326156616211,-4.823308944702148,20.461206436157227,-5.543269634246826
d6e6f5d622474271b695f4c7f07df7bb,Make a right turn and go straight,2.0536084175109863,0.06820160895586014,3.8125338554382324,-0.4688457250595093,5.4965128898620605,-0.644481897354126,7.250040531158447,-0.7817907929420471,8.723804473876953,-1.3013825416564941,10.517444610595703,-1.8358502388000488,12.21840763092041,-2.187075138092041,13.863936424255371,-2.9616892337799072,15.45743465423584,-3.4563729763031006,16.893341064453125,-4.020510673522949,18.75326156616211,-4.823308944702148,20.461206436157227,-5.543269634246826
d6e6f5d622474271b695f4c7f07df7bb,Turn right,2.0536084175109863,0.06820160895586014,3.8125338554382324,-0.4688457250595093,5.4965128898620605,-0.644481897354126,7.250040531158447,-0.7817907929420471,8.723804473876953,-1.3013825416564941,10.517444610595703,-1.8358502388000488,12.21840763092041,-2.187075138092041,13.863936424255371,-2.9616892337799072,15.45743465423584,-3.4563729763031006,16.893341064453125,-4.020510673522949,18.75326156616211,-4.823308944702148,20.461206436157227,-5.543269634246826
77b27e26bf6d4c38859ccfa076cee51d,,2.692247152328491,0.19668568670749664,4.902105808258057,-0.19227050244808197,7.198424339294434,-0.29834890365600586,9.446101188659668,-0.1277281939983368,11.35873794555664,-0.2793893814086914,13.377659797668457,-0.3257846236228943,15.52626895904541,-0.2256847769021988,17.35902214050293,-0.40571677684783936,19.224979400634766,-0.445754736661911,21.02384376525879,-0.5902131199836731,22.993457794189453,-0.6896587014198303,24.809104919433594,-0.7741036415100098
77b27e26bf6d4c38859ccfa076cee51d,Shift slightly to the opposing lane to avoid the cars parked to the right and then continue going straight,2.692246913909912,0.19668570160865784,4.902105808258057,-0.1922704577445984,7.198423385620117,-0.29834887385368347,9.446102142333984,-0.1277281641960144,11.35874080657959,-0.2793893814086914,13.377657890319824,-0.3257846534252167,15.52626895904541,-0.2256847769021988,17.359025955200195,-0.40571683645248413,19.224979400634766,-0.445754736661911,21.023845672607422,-0.5902131795883179,22.993457794189453,-0.6896587014198303,24.809104919433594,-0.7741037011146545
77b27e26bf6d4c38859ccfa076cee51d,Stay on the left sides of the lane to avoid hitting the cars on the right side,2.692246913909912,0.19668570160865784,4.902105808258057,-0.1922704577445984,7.198423385620117,-0.29834887385368347,9.446102142333984,-0.1277281641960144,11.35874080657959,-0.2793893814086914,13.377657890319824,-0.3257846534252167,15.52626895904541,-0.2256847769021988,17.359025955200195,-0.40571683645248413,19.224979400634766,-0.445754736661911,21.023845672607422,-0.5902131795883179,22.993457794189453,-0.6896587014198303,24.809104919433594,-0.7741037011146545
0c12123d57594f4d81d32fd4aa89fb1f,,2.0270466804504395,0.11963490396738052,3.6020114421844482,-0.15319247543811798,5.377616882324219,-0.19996117055416107,7.149988651275635,-0.08511336892843246,8.775630950927734,-0.17581140995025635,10.398056030273438,-0.1273762583732605,12.132892608642578,-0.16086889803409576,13.629405975341797,-0.15465226769447327,15.290858268737793,-0.12210185080766678,16.896800994873047,-0.33087223768234253,18.72077751159668,-0.29420962929725647,20.25348663330078,-0.3613816201686859
0c12123d57594f4d81d32fd4aa89fb1f,Stop at the intersection and then continue going straight and take a slight left,2.0270466804504395,0.11963490396738052,3.6020116806030273,-0.1531924605369568,5.377617359161377,-0.19996118545532227,7.149989604949951,-0.08511337637901306,8.775630950927734,-0.17581140995025635,10.398056030273438,-0.1273762583732605,12.132893562316895,-0.16086891293525696,13.62940502166748,-0.15465223789215088,15.290858268737793,-0.12210185080766678,16.89680290222168,-0.3308723568916321,18.72077751159668,-0.29420971870422363,20.253482818603516,-0.3613816201686859
0c12123d57594f4d81d32fd4aa89fb1f,"stop at the intersection, then continue to go straight",2.0270466804504395,0.11963490396738052,3.6020116806030273,-0.1531924605369568,5.377617359161377,-0.19996118545532227,7.149989604949951,-0.08511337637901306,8.775630950927734,-0.17581140995025635,10.398056030273438,-0.1273762583732605,12.132893562316895,-0.16086891293525696,13.62940502166748,-0.15465223789215088,15.290858268737793,-0.12210185080766678,16.89680290222168,-0.3308723568916321,18.72077751159668,-0.29420971870422363,20.253482818603516,-0.3613816201686859
3034b3f33e1d49f4a7b6c84bdea57004,merge into the bike lane to let the car behind pass,2.333130359649658,0.16674970090389252,4.103668689727783,-0.10097864270210266,6.106294631958008,-0.0672803744673729,8.058467864990234,0.2668788433074951,9.72761058807373,0.24973835051059723,11.508025169372559,0.4408213496208191,13.428526878356934,0.6897794008255005,14.991246223449707,0.7768950462341309,16.661828994750977,0.9259888529777527,18.275365829467773,1.0452475547790527,19.950550079345703,1.2304260730743408,21.642297744750977,1.4546207189559937
3034b3f33e1d49f4a7b6c84bdea57004,Move to the curb to allow the gray car to pass and then continue going straight,2.333130359649658,0.16674970090389252,4.103668689727783,-0.10097864270210266,6.106294631958008,-0.0672803744673729,8.058467864990234,0.2668788433074951,9.72761058807373,0.24973835051059723,11.508025169372559,0.4408213496208191,13.428526878356934,0.6897794008255005,14.991246223449707,0.7768950462341309,16.661828994750977,0.9259888529777527,18.275365829467773,1.0452475547790527,19.950550079345703,1.2304260730743408,21.642297744750977,1.4546207189559937
3034b3f33e1d49f4a7b6c84bdea57004,"enter the bike lane, let teh black car pass, then re-enter the road",2.333130359649658,0.16674970090389252,4.103668689727783,-0.10097864270210266,6.106294631958008,-0.0672803744673729,8.058467864990234,0.2668788433074951,9.72761058807373,0.24973835051059723,11.508025169372559,0.4408213496208191,13.428526878356934,0.6897794008255005,14.991246223449707,0.7768950462341309,16.661828994750977,0.9259888529777527,18.275365829467773,1.0452475547790527,19.950550079345703,1.2304260730743408,21.642297744750977,1.4546207189559937
3034b3f33e1d49f4a7b6c84bdea57004,let the car behind you pass in front of you by pulling over to the side and then continuing back on to the road,2.333130359649658,0.16674970090389252,4.103668689727783,-0.10097864270210266,6.106294631958008,-0.0672803744673729,8.058467864990234,0.2668788433074951,9.72761058807373,0.24973835051059723,11.508025169372559,0.4408213496208191,13.428526878356934,0.6897794008255005,14.991246223449707,0.7768950462341309,16.661828994750977,0.9259888529777527,18.275365829467773,1.0452475547790527,19.950550079345703,1.2304260730743408,21.642297744750977,1.4546207189559937
3034b3f33e1d49f4a7b6c84bdea57004,"Briefly go on the right side of the road to let the car behind you pass, then go back into the lane.",2.333130359649658,0.16674970090389252,4.103668689727783,-0.10097864270210266,6.106294631958008,-0.0672803744673729,8.058467864990234,0.2668788433074951,9.72761058807373,0.24973835051059723,11.508025169372559,0.4408213496208191,13.428526878356934,0.6897794008255005,14.991246223449707,0.7768950462341309,16.661828994750977,0.9259888529777527,18.275365829467773,1.0452475547790527,19.950550079345703,1.2304260730743408,21.642297744750977,1.4546207189559937
3034b3f33e1d49f4a7b6c84bdea57004,"Briefly turn to the right into the bike lane to let the car behind pass, and then merge back into the lane",2.333130359649658,0.16674970090389252,4.103668689727783,-0.10097864270210266,6.106294631958008,-0.0672803744673729,8.058467864990234,0.2668788433074951,9.72761058807373,0.24973835051059723,11.508025169372559,0.4408213496208191,13.428526878356934,0.6897794008255005,14.991246223449707,0.7768950462341309,16.661828994750977,0.9259888529777527,18.275365829467773,1.0452475547790527,19.950550079345703,1.2304260730743408,21.642297744750977,1.4546207189559937
f12b4e7fb95646ec9dac305076024bb9,,0.22956766188144684,-0.0366172157227993,0.4585639238357544,-0.14823810756206512,0.7587889432907104,-0.02868712693452835,1.120881199836731,-0.0014292857376858592,1.775871753692627,-0.003930347040295601,2.140244960784912,-0.02423713542521,2.449650526046753,-0.019034262746572495,3.185023784637451,-0.12479986995458603,3.7596797943115234,0.08611182868480682,4.500506401062012,-0.13877132534980774,5.3336944580078125,-0.1714460700750351,5.801294326782227,-0.03988398611545563
f12b4e7fb95646ec9dac305076024bb9,slowly approach the intersection,0.22956769168376923,-0.036617208272218704,0.4585639238357544,-0.14823812246322632,0.7587888240814209,-0.02868712693452835,1.120881199836731,-0.0014292853884398937,1.775871753692627,-0.003930347040295601,2.140244722366333,-0.02423713542521,2.449650764465332,-0.019034262746572495,3.185023546218872,-0.12479987740516663,3.7596795558929443,0.08611181378364563,4.500506401062012,-0.13877135515213013,5.3336944580078125,-0.1714460849761963,5.801294803619385,-0.03988397866487503
f12b4e7fb95646ec9dac305076024bb9,Wait at the intersection if there are cars crossing the intersection from the left and right side of the road,0.22956769168376923,-0.036617208272218704,0.4585639238357544,-0.14823812246322632,0.7587888240814209,-0.02868712693452835,1.120881199836731,-0.0014292853884398937,1.775871753692627,-0.003930347040295601,2.140244722366333,-0.02423713542521,2.449650764465332,-0.019034262746572495,3.185023546218872,-0.12479987740516663,3.7596795558929443,0.08611181378364563,4.500506401062012,-0.13877135515213013,5.3336944580078125,-0.1714460849761963,5.801294803619385,-0.03988397866487503
f12b4e7fb95646ec9dac305076024bb9,Wait at the intersection and proceed right or left when it's safe to turn,0.22956769168376923,-0.036617208272218704,0.4585639238357544,-0.14823812246322632,0.7587888240814209,-0.02868712693452835,1.120881199836731,-0.0014292853884398937,1.775871753692627,-0.003930347040295601,2.140244722366333,-0.02423713542521,2.449650764465332,-0.019034262746572495,3.185023546218872,-0.12479987740516663,3.7596795558929443,0.08611181378364563,4.500506401062012,-0.13877135515213013,5.3336944580078125,-0.1714460849761963,5.801294803619385,-0.03988397866487503
643ee37539844cb2b0453fd031a3afdd,slow down and stop for pedestrians,3.204970359802246,0.24225036799907684,5.876344203948975,-0.24430124461650848,8.69278335571289,-0.31311023235321045,11.471628189086914,-0.1563434898853302,13.93359088897705,-0.25920653343200684,16.268136978149414,-0.17474456131458282,18.865747451782227,-0.1522507667541504,21.212717056274414,-0.2750423848628998,23.47170066833496,-0.2969568967819214,25.80740737915039,-0.4620167315006256,27.96944808959961,-0.5146095752716064,30.17345428466797,-0.5048612952232361
643ee37539844cb2b0453fd031a3afdd,Stop at the intersection and allow the pedestrian to pass,3.204970359802246,0.24225036799907684,5.876344203948975,-0.24430124461650848,8.69278335571289,-0.31311023235321045,11.471628189086914,-0.1563434898853302,13.93359088897705,-0.25920653343200684,16.268136978149414,-0.17474456131458282,18.865747451782227,-0.1522507667541504,21.212717056274414,-0.2750423848628998,23.47170066833496,-0.2969568967819214,25.80740737915039,-0.4620167315006256,27.96944808959961,-0.5146095752716064,30.17345428466797,-0.5048612952232361
643ee37539844cb2b0453fd031a3afdd,slow down for the pedestrians,3.204970359802246,0.24225036799907684,5.876344203948975,-0.24430124461650848,8.69278335571289,-0.31311023235321045,11.471628189086914,-0.1563434898853302,13.93359088897705,-0.25920653343200684,16.268136978149414,-0.17474456131458282,18.865747451782227,-0.1522507667541504,21.212717056274414,-0.2750423848628998,23.47170066833496,-0.2969568967819214,25.80740737915039,-0.4620167315006256,27.96944808959961,-0.5146095752716064,30.17345428466797,-0.5048612952232361
643ee37539844cb2b0453fd031a3afdd,,3.204970359802246,0.24225036799907684,5.876344203948975,-0.2443012148141861,8.69278335571289,-0.31311020255088806,11.471627235412598,-0.1563434898853302,13.933591842651367,-0.25920650362968445,16.268138885498047,-0.17474457621574402,18.86574935913086,-0.1522507667541504,21.21271514892578,-0.2750423848628998,23.471698760986328,-0.2969568967819214,25.807405471801758,-0.4620167315006256,27.969446182250977,-0.5146095752716064,30.17345428466797,-0.5048612952232361
643ee37539844cb2b0453fd031a3afdd,Slow down and stop to let the pedestrian and dog cross,3.204970359802246,0.24225036799907684,5.876344203948975,-0.24430124461650848,8.69278335571289,-0.31311023235321045,11.471628189086914,-0.1563434898853302,13.93359088897705,-0.25920653343200684,16.268136978149414,-0.17474456131458282,18.865747451782227,-0.1522507667541504,21.212717056274414,-0.2750423848628998,23.47170066833496,-0.2969568967819214,25.80740737915039,-0.4620167315006256,27.96944808959961,-0.5146095752716064,30.17345428466797,-0.5048612952232361
70e7d95ee1d1426fa84da44ddbf82d7a,turn right here,0.006467356346547604,-0.029930736869573593,0.0008080220432020724,-0.10191401839256287,0.17425227165222168,-0.043135885149240494,0.47256720066070557,0.06269728392362595,0.7726395130157471,0.04996947944164276,1.1332952976226807,-0.02330121025443077,1.3533825874328613,-0.044775061309337616,2.02091121673584,-0.09190729260444641,2.4406251907348633,0.007619387470185757,2.9440813064575195,-0.033258359879255295,3.445366621017456,-0.09021362662315369,3.9141149520874023,0.009852743707597256
70e7d95ee1d1426fa84da44ddbf82d7a,Wait for the light to turn green and then go,0.006467356346547604,-0.029930736869573593,0.0008080220432020724,-0.10191401839256287,0.17425227165222168,-0.043135885149240494,0.47256720066070557,0.06269728392362595,0.7726395130157471,0.04996947944164276,1.1332952976226807,-0.02330121025443077,1.3533825874328613,-0.044775061309337616,2.02091121673584,-0.09190729260444641,2.4406251907348633,0.007619387470185757,2.9440813064575195,-0.033258359879255295,3.445366621017456,-0.09021362662315369,3.9141149520874023,0.009852743707597256
70e7d95ee1d1426fa84da44ddbf82d7a,move ahead slowly when the signal turns green,0.006467356346547604,-0.029930736869573593,0.0008080220432020724,-0.10191401839256287,0.17425227165222168,-0.043135885149240494,0.47256720066070557,0.06269728392362595,0.7726395130157471,0.04996947944164276,1.1332952976226807,-0.02330121025443077,1.3533825874328613,-0.044775061309337616,2.02091121673584,-0.09190729260444641,2.4406251907348633,0.007619387470185757,2.9440813064575195,-0.033258359879255295,3.445366621017456,-0.09021362662315369,3.9141149520874023,0.009852743707597256
70e7d95ee1d1426fa84da44ddbf82d7a,,0.006467356346547604,-0.029930736869573593,0.0008080220432020724,-0.10191401839256287,0.17425227165222168,-0.043135885149240494,0.47256720066070557,0.06269728392362595,0.7726395130157471,0.04996947944164276,1.1332952976226807,-0.02330121025443077,1.3533825874328613,-0.044775061309337616,2.02091121673584,-0.09190729260444641,2.4406251907348633,0.007619387470185757,2.9440813064575195,-0.033258359879255295,3.445366621017456,-0.09021362662315369,3.9141149520874023,0.009852743707597256
70e7d95ee1d1426fa84da44ddbf82d7a,Make a right turn when the stoplight is green,0.006467356346547604,-0.029930736869573593,0.0008080220432020724,-0.10191401839256287,0.17425227165222168,-0.043135885149240494,0.47256720066070557,0.06269728392362595,0.7726395130157471,0.04996947944164276,1.1332952976226807,-0.02330121025443077,1.3533825874328613,-0.044775061309337616,2.02091121673584,-0.09190729260444641,2.4406251907348633,0.007619387470185757,2.9440813064575195,-0.033258359879255295,3.445366621017456,-0.09021362662315369,3.9141149520874023,0.009852743707597256
70e7d95ee1d1426fa84da44ddbf82d7a,Allow for the pedestrians to cross before continuing,0.006467356346547604,-0.029930736869573593,0.0008080220432020724,-0.10191401839256287,0.17425227165222168,-0.043135885149240494,0.47256720066070557,0.06269728392362595,0.7726395130157471,0.04996947944164276,1.1332952976226807,-0.02330121025443077,1.3533825874328613,-0.044775061309337616,2.02091121673584,-0.09190729260444641,2.4406251907348633,0.007619387470185757,2.9440813064575195,-0.033258359879255295,3.445366621017456,-0.09021362662315369,3.9141149520874023,0.009852743707597256
70e7d95ee1d1426fa84da44ddbf82d7a,Make a right turn when the light turns green.,0.006467356346547604,-0.029930736869573593,0.0008080220432020724,-0.10191401839256287,0.17425227165222168,-0.043135885149240494,0.47256720066070557,0.06269728392362595,0.7726395130157471,0.04996947944164276,1.1332952976226807,-0.02330121025443077,1.3533825874328613,-0.044775061309337616,2.02091121673584,-0.09190729260444641,2.4406251907348633,0.007619387470185757,2.9440813064575195,-0.033258359879255295,3.445366621017456,-0.09021362662315369,3.9141149520874023,0.009852743707597256
b94fbf78579f4ff5ab5dbd897d5e3199,turn left here,2.282034158706665,0.17665153741836548,4.123556137084961,-0.03016958385705948,6.151961326599121,0.2522578835487366,8.225369453430176,0.7820819616317749,10.073136329650879,0.9784682393074036,11.903603553771973,1.5173728466033936,13.874958038330078,2.04209566116333,15.672505378723145,2.48026442527771,17.43929100036621,3.0243332386016846,19.312522888183594,3.451721429824829,21.035558700561523,4.048786163330078,22.90282440185547,4.705949783325195
b94fbf78579f4ff5ab5dbd897d5e3199,Take a left turn and stop behind the white car,2.282034158706665,0.17665153741836548,4.123556137084961,-0.03016958385705948,6.151961326599121,0.2522578835487366,8.225369453430176,0.7820819616317749,10.073136329650879,0.9784682393074036,11.903603553771973,1.5173728466033936,13.874958038330078,2.04209566116333,15.672505378723145,2.48026442527771,17.43929100036621,3.0243332386016846,19.312522888183594,3.451721429824829,21.035558700561523,4.048786163330078,22.90282440185547,4.705949783325195
b94fbf78579f4ff5ab5dbd897d5e3199,turn left and then stop behind the car when it stops,2.282034158706665,0.17665153741836548,4.123556137084961,-0.03016958385705948,6.151961326599121,0.2522578835487366,8.225369453430176,0.7820819616317749,10.073136329650879,0.9784682393074036,11.903603553771973,1.5173728466033936,13.874958038330078,2.04209566116333,15.672505378723145,2.48026442527771,17.43929100036621,3.0243332386016846,19.312522888183594,3.451721429824829,21.035558700561523,4.048786163330078,22.90282440185547,4.705949783325195
b94fbf78579f4ff5ab5dbd897d5e3199,turn left,2.282034158706665,0.17665153741836548,4.123556137084961,-0.03016958385705948,6.151961326599121,0.2522578835487366,8.225369453430176,0.7820819616317749,10.073136329650879,0.9784682393074036,11.903603553771973,1.5173728466033936,13.874958038330078,2.04209566116333,15.672505378723145,2.48026442527771,17.43929100036621,3.0243332386016846,19.312522888183594,3.451721429824829,21.035558700561523,4.048786163330078,22.90282440185547,4.705949783325195
b94fbf78579f4ff5ab5dbd897d5e3199,Make a left turn at the intersection,2.282034158706665,0.17665153741836548,4.123556137084961,-0.03016958385705948,6.151961326599121,0.2522578835487366,8.225369453430176,0.7820819616317749,10.073136329650879,0.9784682393074036,11.903603553771973,1.5173728466033936,13.874958038330078,2.04209566116333,15.672505378723145,2.48026442527771,17.43929100036621,3.0243332386016846,19.312522888183594,3.451721429824829,21.035558700561523,4.048786163330078,22.90282440185547,4.705949783325195
b94fbf78579f4ff5ab5dbd897d5e3199,Make a left turn after the white car turns. Stop behind the white car that's stopped and unloading pedestrians,2.282034158706665,0.17665153741836548,4.123556137084961,-0.03016958385705948,6.151961326599121,0.2522578835487366,8.225369453430176,0.7820819616317749,10.073136329650879,0.9784682393074036,11.903603553771973,1.5173728466033936,13.874958038330078,2.04209566116333,15.672505378723145,2.48026442527771,17.43929100036621,3.0243332386016846,19.312522888183594,3.451721429824829,21.035558700561523,4.048786163330078,22.90282440185547,4.705949783325195
3f90afe9f7dc49399347ae1626502aed,merge into the right lane,1.643526554107666,0.09712553769350052,2.9943130016326904,-0.1686161905527115,4.471073627471924,-0.330304354429245,5.9028425216674805,-0.263264924287796,7.141308307647705,-0.38689249753952026,8.507760047912598,-0.5455143451690674,9.89513874053955,-0.6023383736610413,11.150304794311523,-0.8675801157951355,12.49447250366211,-0.9040400981903076,13.702022552490234,-1.13466215133667,15.30142593383789,-1.3361529111862183,16.568105697631836,-1.5024147033691406
3f90afe9f7dc49399347ae1626502aed,Shift to the right and lane and then stop at the stoplight,1.643526554107666,0.09712553769350052,2.9943130016326904,-0.1686161905527115,4.471073627471924,-0.330304354429245,5.9028425216674805,-0.263264924287796,7.141308307647705,-0.38689249753952026,8.507760047912598,-0.5455143451690674,9.89513874053955,-0.6023383736610413,11.150304794311523,-0.8675801157951355,12.49447250366211,-0.9040400981903076,13.702022552490234,-1.13466215133667,15.30142593383789,-1.3361529111862183,16.568105697631836,-1.5024147033691406
3f90afe9f7dc49399347ae1626502aed,slide into the rightmost lane and then come to a stop at the intersection,1.643526554107666,0.09712553769350052,2.9943130016326904,-0.1686161905527115,4.471073627471924,-0.330304354429245,5.9028425216674805,-0.263264924287796,7.141308307647705,-0.38689249753952026,8.507760047912598,-0.5455143451690674,9.89513874053955,-0.6023383736610413,11.150304794311523,-0.8675801157951355,12.49447250366211,-0.9040400981903076,13.702022552490234,-1.13466215133667,15.30142593383789,-1.3361529111862183,16.568105697631836,-1.5024147033691406
3f90afe9f7dc49399347ae1626502aed,,1.643526554107666,0.09712553769350052,2.9943130016326904,-0.1686161905527115,4.471073627471924,-0.330304354429245,5.9028425216674805,-0.263264924287796,7.141308307647705,-0.38689249753952026,8.507760047912598,-0.5455143451690674,9.89513874053955,-0.6023383736610413,11.150304794311523,-0.8675801157951355,12.49447250366211,-0.9040400981903076,13.702022552490234,-1.13466215133667,15.30142593383789,-1.3361529111862183,16.568105697631836,-1.5024147033691406
3f90afe9f7dc49399347ae1626502aed,Go into the rightmost lane when it appears and stop at the red stoplight,1.643526554107666,0.09712553769350052,2.9943130016326904,-0.1686161905527115,4.471073627471924,-0.330304354429245,5.9028425216674805,-0.263264924287796,7.141308307647705,-0.38689249753952026,8.507760047912598,-0.5455143451690674,9.89513874053955,-0.6023383736610413,11.150304794311523,-0.8675801157951355,12.49447250366211,-0.9040400981903076,13.702022552490234,-1.13466215133667,15.30142593383789,-1.3361529111862183,16.568105697631836,-1.5024147033691406
3f90afe9f7dc49399347ae1626502aed,Change one lane to the right to turn right at the intersection,1.643526554107666,0.09712553769350052,2.9943130016326904,-0.1686161905527115,4.471073627471924,-0.330304354429245,5.9028425216674805,-0.263264924287796,7.141308307647705,-0.38689249753952026,8.507760047912598,-0.5455143451690674,9.89513874053955,-0.6023383736610413,11.150304794311523,-0.8675801157951355,12.49447250366211,-0.9040400981903076,13.702022552490234,-1.13466215133667,15.30142593383789,-1.3361529111862183,16.568105697631836,-1.5024147033691406
84e056bd8e994362a37cba45c0f75558,follow the truck ahead and turn right,0.6223798394203186,0.001384846051223576,1.1020296812057495,-0.13822044432163239,1.81412935256958,-0.06171325966715813,2.5182015895843506,0.03347385302186012,3.328031301498413,-0.009466084651648998,4.111419677734375,-0.0596282035112381,4.788740634918213,-0.03849726542830467,5.705784797668457,-0.13937495648860931,6.503267288208008,0.014954607002437115,7.424919128417969,-0.118110790848732,8.455792427062988,-0.16414432227611542,9.250853538513184,-0.03137485682964325
84e056bd8e994362a37cba45c0f75558,move when the truck starts moving and then turn right at the intersection,0.6223798394203186,0.001384846051223576,1.1020296812057495,-0.13822044432163239,1.81412935256958,-0.06171325966715813,2.5182015895843506,0.03347385302186012,3.328031301498413,-0.009466084651648998,4.111419677734375,-0.0596282035112381,4.788740634918213,-0.03849726542830467,5.705784797668457,-0.13937495648860931,6.503267288208008,0.014954607002437115,7.424919128417969,-0.118110790848732,8.455792427062988,-0.16414432227611542,9.250853538513184,-0.03137485682964325
84e056bd8e994362a37cba45c0f75558,turn right,0.6223798394203186,0.001384846051223576,1.1020296812057495,-0.13822044432163239,1.81412935256958,-0.06171325966715813,2.5182015895843506,0.03347385302186012,3.328031301498413,-0.009466084651648998,4.111419677734375,-0.0596282035112381,4.788740634918213,-0.03849726542830467,5.705784797668457,-0.13937495648860931,6.503267288208008,0.014954607002437115,7.424919128417969,-0.118110790848732,8.455792427062988,-0.16414432227611542,9.250853538513184,-0.03137485682964325
84e056bd8e994362a37cba45c0f75558,,0.6223798394203186,0.001384846051223576,1.1020296812057495,-0.13822044432163239,1.81412935256958,-0.06171325966715813,2.5182015895843506,0.03347385302186012,3.328031301498413,-0.009466084651648998,4.111419677734375,-0.0596282035112381,4.788740634918213,-0.03849726542830467,5.705784797668457,-0.13937495648860931,6.503267288208008,0.014954607002437115,7.424919128417969,-0.118110790848732,8.455792427062988,-0.16414432227611542,9.250853538513184,-0.03137485682964325
84e056bd8e994362a37cba45c0f75558,Make a right turn turn following the truck directly ahead,0.6223798394203186,0.001384846051223576,1.1020296812057495,-0.13822044432163239,1.81412935256958,-0.06171325966715813,2.5182015895843506,0.03347385302186012,3.328031301498413,-0.009466084651648998,4.111419677734375,-0.0596282035112381,4.788740634918213,-0.03849726542830467,5.705784797668457,-0.13937495648860931,6.503267288208008,0.014954607002437115,7.424919128417969,-0.118110790848732,8.455792427062988,-0.16414432227611542,9.250853538513184,-0.03137485682964325
1f23540a109243438a5e3bd47e70105d,,3.3828186988830566,0.2547125220298767,6.22836971282959,-0.22924739122390747,9.21056079864502,-0.2148459553718567,12.153695106506348,0.012620612978935242,14.818472862243652,-0.007757051847875118,17.287067413330078,0.21096214652061462,20.07217788696289,0.26777422428131104,22.593332290649414,0.3151986300945282,24.955596923828125,0.3756260275840759,27.486572265625,0.3006492555141449,29.74208641052246,0.44047999382019043,32.12465286254883,0.5537315607070923
08be42eb2186411d8e2201225329f1c6,turn left at the end of the road,3.0821025371551514,0.3553805351257324,5.7948431968688965,-0.07355672866106033,8.373542785644531,0.25657230615615845,11.210555076599121,0.7276051640510559,13.6429443359375,1.0178284645080566,16.11347198486328,1.540318250656128,18.783626556396484,2.0384604930877686,21.210460662841797,2.6034505367279053,23.62887954711914,3.040566921234131,26.01502227783203,3.5146257877349854,28.449018478393555,4.130674362182617,30.798635482788086,4.553806781768799
08be42eb2186411d8e2201225329f1c6,"turn left, then stop at the stop sign and then turn right.",3.0821025371551514,0.3553805351257324,5.7948431968688965,-0.07355672866106033,8.373542785644531,0.25657230615615845,11.210555076599121,0.7276051640510559,13.6429443359375,1.0178284645080566,16.11347198486328,1.540318250656128,18.783626556396484,2.0384604930877686,21.210460662841797,2.6034505367279053,23.62887954711914,3.040566921234131,26.01502227783203,3.5146257877349854,28.449018478393555,4.130674362182617,30.798635482788086,4.553806781768799
08be42eb2186411d8e2201225329f1c6,"turn left, turn right",3.0821025371551514,0.3553805351257324,5.7948431968688965,-0.07355672866106033,8.373542785644531,0.25657230615615845,11.210555076599121,0.7276051640510559,13.6429443359375,1.0178284645080566,16.11347198486328,1.540318250656128,18.783626556396484,2.0384604930877686,21.210460662841797,2.6034505367279053,23.62887954711914,3.040566921234131,26.01502227783203,3.5146257877349854,28.449018478393555,4.130674362182617,30.798635482788086,4.553806781768799
08be42eb2186411d8e2201225329f1c6,Make a left turn and go srtaight,3.0821025371551514,0.3553805351257324,5.7948431968688965,-0.07355672866106033,8.373542785644531,0.25657230615615845,11.210555076599121,0.7276051640510559,13.6429443359375,1.0178284645080566,16.11347198486328,1.540318250656128,18.783626556396484,2.0384604930877686,21.210460662841797,2.6034505367279053,23.62887954711914,3.040566921234131,26.01502227783203,3.5146257877349854,28.449018478393555,4.130674362182617,30.798635482788086,4.553806781768799
08be42eb2186411d8e2201225329f1c6,Stop at the stopsign and make a right turn,3.0821025371551514,0.3553805351257324,5.7948431968688965,-0.07355672866106033,8.373542785644531,0.25657230615615845,11.210555076599121,0.7276051640510559,13.6429443359375,1.0178284645080566,16.11347198486328,1.540318250656128,18.783626556396484,2.0384604930877686,21.210460662841797,2.6034505367279053,23.62887954711914,3.040566921234131,26.01502227783203,3.5146257877349854,28.449018478393555,4.130674362182617,30.798635482788086,4.553806781768799
08be42eb2186411d8e2201225329f1c6,Make a right turn,3.0821025371551514,0.3553805351257324,5.7948431968688965,-0.07355672866106033,8.373542785644531,0.25657230615615845,11.210555076599121,0.7276051640510559,13.6429443359375,1.0178284645080566,16.11347198486328,1.540318250656128,18.783626556396484,2.0384604930877686,21.210460662841797,2.6034505367279053,23.62887954711914,3.040566921234131,26.01502227783203,3.5146257877349854,28.449018478393555,4.130674362182617,30.798635482788086,4.553806781768799
08be42eb2186411d8e2201225329f1c6,"Following the road, turn left and continue until the stop sign. At the stop sign turn right",3.0821025371551514,0.3553805351257324,5.7948431968688965,-0.07355672866106033,8.373542785644531,0.25657230615615845,11.210555076599121,0.7276051640510559,13.6429443359375,1.0178284645080566,16.11347198486328,1.540318250656128,18.783626556396484,2.0384604930877686,21.210460662841797,2.6034505367279053,23.62887954711914,3.040566921234131,26.01502227783203,3.5146257877349854,28.449018478393555,4.130674362182617,30.798635482788086,4.553806781768799
43d5f10c855048b9963c9eb288a8a001,,2.6771175861358643,0.19113215804100037,4.808628559112549,-0.179959237575531,7.046897888183594,-0.2555648684501648,9.292276382446289,-0.06877314299345016,11.205257415771484,-0.2255154252052307,13.100752830505371,-0.20188914239406586,15.20947265625,-0.09759024530649185,16.990846633911133,-0.23329180479049683,18.85091209411621,-0.23372644186019897,20.640600204467773,-0.3462375998497009,22.514678955078125,-0.40972626209259033,24.29047966003418,-0.42083072662353516
43d5f10c855048b9963c9eb288a8a001,stop at the intersection then move ahead,2.677117347717285,0.19113220274448395,4.808628559112549,-0.179959237575531,7.046897888183594,-0.2555648386478424,9.292277336120605,-0.06877312809228897,11.205254554748535,-0.2255154252052307,13.100751876831055,-0.20188914239406586,15.209470748901367,-0.09759025275707245,16.990848541259766,-0.23329180479049683,18.850914001464844,-0.23372644186019897,20.640600204467773,-0.34623757004737854,22.514677047729492,-0.40972626209259033,24.290483474731445,-0.42083078622817993
66461d94f2e44d39a90843ff2dce11e8,turn right here,3.09177303314209,0.2055548131465912,5.822885513305664,-0.46193233132362366,8.536972999572754,-0.7522905468940735,11.24940299987793,-0.8393425345420837,13.705886840820312,-1.3103312253952026,16.058691024780273,-1.6627291440963745,18.6719970703125,-2.033839225769043,21.073144912719727,-2.6500885486602783,23.422033309936523,-3.10025691986084,25.74933624267578,-3.7362704277038574,28.084665298461914,-4.403744697570801,30.33880615234375,-4.905294418334961
66461d94f2e44d39a90843ff2dce11e8,turn right at the intersection and then stop at the intersection behind the car,3.09177303314209,0.2055548131465912,5.822885513305664,-0.46193233132362366,8.536972999572754,-0.7522905468940735,11.24940299987793,-0.8393425345420837,13.705886840820312,-1.3103312253952026,16.058691024780273,-1.6627291440963745,18.6719970703125,-2.033839225769043,21.073144912719727,-2.6500885486602783,23.422033309936523,-3.10025691986084,25.74933624267578,-3.7362704277038574,28.084665298461914,-4.403744697570801,30.33880615234375,-4.905294418334961
66461d94f2e44d39a90843ff2dce11e8,turn right,3.09177303314209,0.2055548131465912,5.822885513305664,-0.46193233132362366,8.536972999572754,-0.7522905468940735,11.24940299987793,-0.8393425345420837,13.705886840820312,-1.3103312253952026,16.058691024780273,-1.6627291440963745,18.6719970703125,-2.033839225769043,21.073144912719727,-2.6500885486602783,23.422033309936523,-3.10025691986084,25.74933624267578,-3.7362704277038574,28.084665298461914,-4.403744697570801,30.33880615234375,-4.905294418334961
66461d94f2e44d39a90843ff2dce11e8,,3.09177303314209,0.2055548131465912,5.822885513305664,-0.46193239092826843,8.53697395324707,-0.7522904872894287,11.249403953552246,-0.8393425345420837,13.705888748168945,-1.310331106185913,16.058692932128906,-1.6627289056777954,18.671995162963867,-2.033839464187622,21.07314682006836,-2.6500885486602783,23.422035217285156,-3.10025691986084,25.74933433532715,-3.736269950866699,28.08466339111328,-4.403744220733643,30.33880615234375,-4.905294895172119
a8bd4c1efe284a5bba46f59454764965,turn right here,2.948559522628784,0.1765936017036438,5.613325595855713,-0.4997023940086365,8.146778106689453,-0.7343400716781616,10.82880973815918,-0.8865659236907959,13.307430267333984,-1.3913483619689941,15.78602409362793,-1.8219544887542725,18.260181427001953,-2.240936756134033,20.780527114868164,-2.9345195293426514,23.141822814941406,-3.440232276916504,25.41754722595215,-4.072887420654297,27.86452293395996,-4.802000045776367,30.197975158691406,-5.507997512817383
a8bd4c1efe284a5bba46f59454764965,turn right at the intersection,2.948559522628784,0.1765936017036438,5.613325595855713,-0.4997023940086365,8.146778106689453,-0.7343400716781616,10.82880973815918,-0.8865659236907959,13.307430267333984,-1.3913483619689941,15.78602409362793,-1.8219544887542725,18.260181427001953,-2.240936756134033,20.780527114868164,-2.9345195293426514,23.141822814941406,-3.440232276916504,25.41754722595215,-4.072887420654297,27.86452293395996,-4.802000045776367,30.197975158691406,-5.507997512817383
a8bd4c1efe284a5bba46f59454764965,,2.948559522628784,0.1765936017036438,5.613325595855713,-0.4997023940086365,8.146778106689453,-0.7343400716781616,10.82880973815918,-0.8865659236907959,13.307430267333984,-1.3913483619689941,15.78602409362793,-1.8219544887542725,18.260181427001953,-2.240936756134033,20.780527114868164,-2.9345195293426514,23.141822814941406,-3.440232276916504,25.41754722595215,-4.072887420654297,27.86452293395996,-4.802000045776367,30.197975158691406,-5.507997512817383
a8bd4c1efe284a5bba46f59454764965,Make a right turn and go straight,2.948559522628784,0.1765936017036438,5.613325595855713,-0.4997023940086365,8.146778106689453,-0.7343400716781616,10.82880973815918,-0.8865659236907959,13.307430267333984,-1.3913483619689941,15.78602409362793,-1.8219544887542725,18.260181427001953,-2.240936756134033,20.780527114868164,-2.9345195293426514,23.141822814941406,-3.440232276916504,25.41754722595215,-4.072887420654297,27.86452293395996,-4.802000045776367,30.197975158691406,-5.507997512817383
a8bd4c1efe284a5bba46f59454764965,Make a right turn,2.948559522628784,0.1765936017036438,5.613325595855713,-0.4997023940086365,8.146778106689453,-0.7343400716781616,10.82880973815918,-0.8865659236907959,13.307430267333984,-1.3913483619689941,15.78602409362793,-1.8219544887542725,18.260181427001953,-2.240936756134033,20.780527114868164,-2.9345195293426514,23.141822814941406,-3.440232276916504,25.41754722595215,-4.072887420654297,27.86452293395996,-4.802000045776367,30.197975158691406,-5.507997512817383
3ada261efee347cba2e7557794f1aec8,,3.0684847831726074,0.2167203724384308,5.729590892791748,-0.2731744050979614,8.363814353942871,-0.3443511724472046,10.994498252868652,-0.2969461679458618,13.337141990661621,-0.47455769777297974,15.651093482971191,-0.5259132981300354,18.16861343383789,-0.49295100569725037,20.377016067504883,-0.7236472368240356,22.622575759887695,-0.7766705751419067,24.76774024963379,-1.024975061416626,27.078954696655273,-1.1616671085357666,29.206241607666016,-1.3717750310897827
3ada261efee347cba2e7557794f1aec8,stop at the intersection,3.0684845447540283,0.2167203575372696,5.72959041595459,-0.2731744050979614,8.363813400268555,-0.344351202249527,10.994497299194336,-0.2969461679458618,13.337143898010254,-0.4745577275753021,15.651092529296875,-0.5259133577346802,18.16861343383789,-0.49295103549957275,20.377016067504883,-0.7236472368240356,22.622573852539062,-0.7766706943511963,24.76774024963379,-1.024975061416626,27.078956604003906,-1.1616672277450562,29.206241607666016,-1.3717751502990723
3ada261efee347cba2e7557794f1aec8,Follow the vehicle directly ahead and enter the roundabout,3.0684845447540283,0.2167203575372696,5.72959041595459,-0.2731744050979614,8.363813400268555,-0.344351202249527,10.994497299194336,-0.2969461679458618,13.337143898010254,-0.4745577275753021,15.651092529296875,-0.5259133577346802,18.16861343383789,-0.49295103549957275,20.377016067504883,-0.7236472368240356,22.622573852539062,-0.7766706943511963,24.76774024963379,-1.024975061416626,27.078956604003906,-1.1616672277450562,29.206241607666016,-1.3717751502990723
b789de07180846cc972118ee6d1fb027,take a right the end of the road and another right at the intersection,2.4185285568237305,0.07401736080646515,4.743566513061523,-0.7968109846115112,6.818289279937744,-1.3774033784866333,8.963583946228027,-1.742846131324768,10.807910919189453,-2.7412893772125244,12.80598258972168,-3.872509002685547,14.851533889770508,-4.773203372955322,16.98741912841797,-6.287168025970459,18.93976402282715,-7.294413089752197,20.751384735107422,-8.582083702087402,22.994319915771484,-10.333240509033203,24.965744018554688,-11.555530548095703
b789de07180846cc972118ee6d1fb027,turn right and then turn right again at the next intersection,2.4185285568237305,0.07401736080646515,4.743566513061523,-0.7968109846115112,6.818289279937744,-1.3774033784866333,8.963583946228027,-1.742846131324768,10.807910919189453,-2.7412893772125244,12.80598258972168,-3.872509002685547,14.851533889770508,-4.773203372955322,16.98741912841797,-6.287168025970459,18.93976402282715,-7.294413089752197,20.751384735107422,-8.582083702087402,22.994319915771484,-10.333240509033203,24.965744018554688,-11.555530548095703
b789de07180846cc972118ee6d1fb027,"turn right, turn right",2.4185285568237305,0.07401736080646515,4.743566513061523,-0.7968109846115112,6.818289279937744,-1.3774033784866333,8.963583946228027,-1.742846131324768,10.807910919189453,-2.7412893772125244,12.80598258972168,-3.872509002685547,14.851533889770508,-4.773203372955322,16.98741912841797,-6.287168025970459,18.93976402282715,-7.294413089752197,20.751384735107422,-8.582083702087402,22.994319915771484,-10.333240509033203,24.965744018554688,-11.555530548095703
b789de07180846cc972118ee6d1fb027,Make a right turn,2.4185285568237305,0.07401736080646515,4.743566513061523,-0.7968109846115112,6.818289279937744,-1.3774033784866333,8.963583946228027,-1.742846131324768,10.807910919189453,-2.7412893772125244,12.80598258972168,-3.872509002685547,14.851533889770508,-4.773203372955322,16.98741912841797,-6.287168025970459,18.93976402282715,-7.294413089752197,20.751384735107422,-8.582083702087402,22.994319915771484,-10.333240509033203,24.965744018554688,-11.555530548095703
b789de07180846cc972118ee6d1fb027,Make another right turn,2.4185285568237305,0.07401736080646515,4.743566513061523,-0.7968109846115112,6.818289279937744,-1.3774033784866333,8.963583946228027,-1.742846131324768,10.807910919189453,-2.7412893772125244,12.80598258972168,-3.872509002685547,14.851533889770508,-4.773203372955322,16.98741912841797,-6.287168025970459,18.93976402282715,-7.294413089752197,20.751384735107422,-8.582083702087402,22.994319915771484,-10.333240509033203,24.965744018554688,-11.555530548095703
b789de07180846cc972118ee6d1fb027,"Following the road, turn right at the corner. Shortly after turning the corner, turn right",2.4185285568237305,0.07401736080646515,4.743566513061523,-0.7968109846115112,6.818289279937744,-1.3774033784866333,8.963583946228027,-1.742846131324768,10.807910919189453,-2.7412893772125244,12.80598258972168,-3.872509002685547,14.851533889770508,-4.773203372955322,16.98741912841797,-6.287168025970459,18.93976402282715,-7.294413089752197,20.751384735107422,-8.582083702087402,22.994319915771484,-10.333240509033203,24.965744018554688,-11.555530548095703
19d97841d6f64eba9f6eb9b6e8c257dc,take a right at the stop sign,1.6974501609802246,0.05296988785266876,3.184597969055176,-0.3040045499801636,4.567798137664795,-0.39018547534942627,6.13232946395874,-0.4170967638492584,7.515879154205322,-0.7177971601486206,9.019953727722168,-1.0086019039154053,10.460036277770996,-1.2369575500488281,11.929407119750977,-1.6505488157272339,13.33907413482666,-1.8765220642089844,14.64834213256836,-2.186546564102173,16.28074836730957,-2.632758855819702,17.744159698486328,-3.059877872467041
19d97841d6f64eba9f6eb9b6e8c257dc,turn right at the intersection,1.6974501609802246,0.05296988785266876,3.184597969055176,-0.3040045499801636,4.567798137664795,-0.39018547534942627,6.13232946395874,-0.4170967638492584,7.515879154205322,-0.7177971601486206,9.019953727722168,-1.0086019039154053,10.460036277770996,-1.2369575500488281,11.929407119750977,-1.6505488157272339,13.33907413482666,-1.8765220642089844,14.64834213256836,-2.186546564102173,16.28074836730957,-2.632758855819702,17.744159698486328,-3.059877872467041
19d97841d6f64eba9f6eb9b6e8c257dc,turn right,1.6974501609802246,0.05296988785266876,3.184597969055176,-0.3040045499801636,4.567798137664795,-0.39018547534942627,6.13232946395874,-0.4170967638492584,7.515879154205322,-0.7177971601486206,9.019953727722168,-1.0086019039154053,10.460036277770996,-1.2369575500488281,11.929407119750977,-1.6505488157272339,13.33907413482666,-1.8765220642089844,14.64834213256836,-2.186546564102173,16.28074836730957,-2.632758855819702,17.744159698486328,-3.059877872467041
19d97841d6f64eba9f6eb9b6e8c257dc,Stop at the stopsign.,1.6974501609802246,0.05296988785266876,3.184597969055176,-0.3040045499801636,4.567798137664795,-0.39018547534942627,6.13232946395874,-0.4170967638492584,7.515879154205322,-0.7177971601486206,9.019953727722168,-1.0086019039154053,10.460036277770996,-1.2369575500488281,11.929407119750977,-1.6505488157272339,13.33907413482666,-1.8765220642089844,14.64834213256836,-2.186546564102173,16.28074836730957,-2.632758855819702,17.744159698486328,-3.059877872467041
19d97841d6f64eba9f6eb9b6e8c257dc,Make a right turn,1.6974501609802246,0.05296988785266876,3.184597969055176,-0.3040045499801636,4.567798137664795,-0.39018547534942627,6.13232946395874,-0.4170967638492584,7.515879154205322,-0.7177971601486206,9.019953727722168,-1.0086019039154053,10.460036277770996,-1.2369575500488281,11.929407119750977,-1.6505488157272339,13.33907413482666,-1.8765220642089844,14.64834213256836,-2.186546564102173,16.28074836730957,-2.632758855819702,17.744159698486328,-3.059877872467041
19d97841d6f64eba9f6eb9b6e8c257dc,Make a right at the stop sign,1.6974501609802246,0.05296988785266876,3.184597969055176,-0.3040045499801636,4.567798137664795,-0.39018547534942627,6.13232946395874,-0.4170967638492584,7.515879154205322,-0.7177971601486206,9.019953727722168,-1.0086019039154053,10.460036277770996,-1.2369575500488281,11.929407119750977,-1.6505488157272339,13.33907413482666,-1.8765220642089844,14.64834213256836,-2.186546564102173,16.28074836730957,-2.632758855819702,17.744159698486328,-3.059877872467041
66134aebdaca4aca82aec91ec8c6245e,,0.7165312170982361,0.011772455647587776,1.2588138580322266,-0.08226465433835983,1.906390905380249,-0.11391805112361908,2.6475791931152344,-0.03878194838762283,3.314703941345215,-0.09102800488471985,3.990509033203125,-0.15615569055080414,4.724324703216553,-0.15283827483654022,5.471257209777832,-0.19179317355155945,6.304597854614258,-0.12276148796081543,7.021527290344238,-0.231233149766922,8.049602508544922,-0.26311537623405457,8.777798652648926,-0.3307243287563324
66134aebdaca4aca82aec91ec8c6245e,stop at the intersection,0.7165312170982361,0.011772451922297478,1.2588138580322266,-0.08226466178894043,1.906390905380249,-0.11391805112361908,2.6475794315338135,-0.03878195583820343,3.3147032260894775,-0.09102800488471985,3.990508556365967,-0.15615569055080414,4.7243242263793945,-0.15283824503421783,5.471256732940674,-0.19179317355155945,6.3045973777771,-0.12276147305965424,7.021526336669922,-0.23123317956924438,8.049601554870605,-0.26311546564102173,8.77779769897461,-0.33072444796562195
e02aee6f1fec4d13ad77044466da5fb4,merge one lane over to the right after the intersection,3.7395646572113037,0.3166852593421936,7.078420162200928,-0.30789434909820557,10.347278594970703,-0.3384181559085846,13.585029602050781,-0.12708674371242523,16.56529998779297,-0.19703170657157898,19.41614532470703,-0.1301807165145874,22.564716339111328,-0.03825581073760986,25.332250595092773,-0.16163700819015503,28.090871810913086,-0.1629856675863266,30.829206466674805,-0.26272815465927124,33.461395263671875,-0.2937251329421997,36.15800476074219,-0.26122963428497314
e02aee6f1fec4d13ad77044466da5fb4,slide into the right lane and stop at the intersection,3.7395646572113037,0.3166852593421936,7.078420162200928,-0.30789434909820557,10.347278594970703,-0.3384181559085846,13.585029602050781,-0.12708674371242523,16.56529998779297,-0.19703170657157898,19.41614532470703,-0.1301807165145874,22.564716339111328,-0.03825581073760986,25.332250595092773,-0.16163700819015503,28.090871810913086,-0.1629856675863266,30.829206466674805,-0.26272815465927124,33.461395263671875,-0.2937251329421997,36.15800476074219,-0.26122963428497314
e02aee6f1fec4d13ad77044466da5fb4,,3.7395646572113037,0.3166852593421936,7.078420162200928,-0.30789434909820557,10.347278594970703,-0.3384181559085846,13.585029602050781,-0.12708674371242523,16.56529998779297,-0.19703170657157898,19.41614532470703,-0.1301807165145874,22.564716339111328,-0.03825581073760986,25.332250595092773,-0.16163700819015503,28.090871810913086,-0.1629856675863266,30.829206466674805,-0.26272815465927124,33.461395263671875,-0.2937251329421997,36.15800476074219,-0.26122963428497314
e02aee6f1fec4d13ad77044466da5fb4,"After crossing the intersection, switch into the right lane.",3.7395646572113037,0.3166852593421936,7.078420162200928,-0.30789434909820557,10.347278594970703,-0.3384181559085846,13.585029602050781,-0.12708674371242523,16.56529998779297,-0.19703170657157898,19.41614532470703,-0.1301807165145874,22.564716339111328,-0.03825581073760986,25.332250595092773,-0.16163700819015503,28.090871810913086,-0.1629856675863266,30.829206466674805,-0.26272815465927124,33.461395263671875,-0.2937251329421997,36.15800476074219,-0.26122963428497314
e02aee6f1fec4d13ad77044466da5fb4,"Passing the light, change one lane to the right",3.7395646572113037,0.3166852593421936,7.078420162200928,-0.30789434909820557,10.347278594970703,-0.3384181559085846,13.585029602050781,-0.12708674371242523,16.56529998779297,-0.19703170657157898,19.41614532470703,-0.1301807165145874,22.564716339111328,-0.03825581073760986,25.332250595092773,-0.16163700819015503,28.090871810913086,-0.1629856675863266,30.829206466674805,-0.26272815465927124,33.461395263671875,-0.2937251329421997,36.15800476074219,-0.26122963428497314
98fc76cc0e364efdaa7e86a36b666dda,,4.984212875366211,0.5039304494857788,9.887764930725098,-0.4815964102745056,14.300749778747559,-0.4263821542263031,18.63997459411621,-0.10335380584001541,22.95962142944336,-0.04633108898997307,27.114940643310547,-0.03071659430861473,31.508333206176758,0.2029150277376175,35.40879440307617,-0.010186713188886642,39.40754699707031,0.08184865862131119,43.25041961669922,0.13165070116519928,47.083858489990234,0.11636275053024292,51.01206970214844,0.26267576217651367
491322eec05043c9907c59aa35b046ea,turn right here,4.832918643951416,0.48365116119384766,9.53996753692627,-0.48072630167007446,13.809880256652832,-0.4250704050064087,18.061351776123047,-0.16681689023971558,22.251461029052734,-0.16396597027778625,26.27788543701172,-0.1336040049791336,30.62505340576172,0.013460755348205566,34.412925720214844,-0.17227819561958313,38.35143280029297,-0.15720686316490173,42.1162109375,-0.19468070566654205,45.876461029052734,-0.2190738022327423,49.70684814453125,-0.18283049762248993
491322eec05043c9907c59aa35b046ea,,4.832918643951416,0.4836511015892029,9.539968490600586,-0.48072630167007446,13.809879302978516,-0.4250703752040863,18.061349868774414,-0.16681692004203796,22.25145721435547,-0.16396594047546387,26.27788543701172,-0.1336039900779724,30.62506103515625,0.013460748828947544,34.412925720214844,-0.17227819561958313,38.3514289855957,-0.1572069227695465,42.1162109375,-0.19468072056770325,45.87644958496094,-0.2190738320350647,49.70685577392578,-0.18283051252365112
08110c8640454affb5167801442a85fd,,2.30240535736084,0.17428696155548096,4.4460225105285645,-0.23391026258468628,6.4142303466796875,-0.2752532362937927,8.443577766418457,-0.16847431659698486,10.434632301330566,-0.14275261759757996,12.375018119812012,-0.2258148193359375,14.373245239257812,-0.22561056911945343,16.270044326782227,-0.3163849115371704,18.216392517089844,-0.25891047716140747,19.99620819091797,-0.4314625561237335,22.174365997314453,-0.4486905336380005,23.992828369140625,-0.6253969669342041
08110c8640454affb5167801442a85fd,"stop and let the pedestrians cross, then continue",2.30240535736084,0.17428696155548096,4.4460225105285645,-0.23391026258468628,6.4142303466796875,-0.2752532362937927,8.443577766418457,-0.16847431659698486,10.434632301330566,-0.14275261759757996,12.375018119812012,-0.2258148193359375,14.373245239257812,-0.22561056911945343,16.270044326782227,-0.3163849115371704,18.216392517089844,-0.25891047716140747,19.99620819091797,-0.4314625561237335,22.174365997314453,-0.4486905336380005,23.992828369140625,-0.6253969669342041
08110c8640454affb5167801442a85fd,stop for the pedestrians,2.30240535736084,0.17428696155548096,4.4460225105285645,-0.23391026258468628,6.4142303466796875,-0.2752532362937927,8.443577766418457,-0.16847431659698486,10.434632301330566,-0.14275261759757996,12.375018119812012,-0.2258148193359375,14.373245239257812,-0.22561056911945343,16.270044326782227,-0.3163849115371704,18.216392517089844,-0.25891047716140747,19.99620819091797,-0.4314625561237335,22.174365997314453,-0.4486905336380005,23.992828369140625,-0.6253969669342041
08110c8640454affb5167801442a85fd,Come to a stop before approaching the pedestrians to allow them to cross the road.,2.30240535736084,0.17428696155548096,4.4460225105285645,-0.23391026258468628,6.4142303466796875,-0.2752532362937927,8.443577766418457,-0.16847431659698486,10.434632301330566,-0.14275261759757996,12.375018119812012,-0.2258148193359375,14.373245239257812,-0.22561056911945343,16.270044326782227,-0.3163849115371704,18.216392517089844,-0.25891047716140747,19.99620819091797,-0.4314625561237335,22.174365997314453,-0.4486905336380005,23.992828369140625,-0.6253969669342041
08110c8640454affb5167801442a85fd,Allow the pedestrians to cross the road and continue straight when the pedestrian aren't an obstacle on current lane,2.30240535736084,0.17428696155548096,4.4460225105285645,-0.23391026258468628,6.4142303466796875,-0.2752532362937927,8.443577766418457,-0.16847431659698486,10.434632301330566,-0.14275261759757996,12.375018119812012,-0.2258148193359375,14.373245239257812,-0.22561056911945343,16.270044326782227,-0.3163849115371704,18.216392517089844,-0.25891047716140747,19.99620819091797,-0.4314625561237335,22.174365997314453,-0.4486905336380005,23.992828369140625,-0.6253969669342041
5b9c64f03f8b4a4f8189a18d74f866c2,turn left here,2.8965651988983154,0.2409990429878235,5.468253135681152,-0.15506486594676971,8.05160140991211,0.18565548956394196,10.80408763885498,0.547407865524292,13.312211990356445,0.7240358591079712,15.755355834960938,1.210253119468689,18.348243713378906,1.5651217699050903,20.800052642822266,2.026460886001587,23.166038513183594,2.45146107673645,25.67168426513672,2.6793088912963867,28.038015365600586,3.2448902130126953,30.4078369140625,3.6658554077148438
5b9c64f03f8b4a4f8189a18d74f866c2,turn left at the intersection,2.8965651988983154,0.2409990429878235,5.468253135681152,-0.15506486594676971,8.05160140991211,0.18565548956394196,10.80408763885498,0.547407865524292,13.312211990356445,0.7240358591079712,15.755355834960938,1.210253119468689,18.348243713378906,1.5651217699050903,20.800052642822266,2.026460886001587,23.166038513183594,2.45146107673645,25.67168426513672,2.6793088912963867,28.038015365600586,3.2448902130126953,30.4078369140625,3.6658554077148438
5b9c64f03f8b4a4f8189a18d74f866c2,turn left,2.8965651988983154,0.2409990429878235,5.468253135681152,-0.15506486594676971,8.05160140991211,0.18565548956394196,10.80408763885498,0.547407865524292,13.312211990356445,0.7240358591079712,15.755355834960938,1.210253119468689,18.348243713378906,1.5651217699050903,20.800052642822266,2.026460886001587,23.166038513183594,2.45146107673645,25.67168426513672,2.6793088912963867,28.038015365600586,3.2448902130126953,30.4078369140625,3.6658554077148438
5b9c64f03f8b4a4f8189a18d74f866c2,Make a left turn and countinue straight,2.8965651988983154,0.2409990429878235,5.468253135681152,-0.15506486594676971,8.05160140991211,0.18565548956394196,10.80408763885498,0.547407865524292,13.312211990356445,0.7240358591079712,15.755355834960938,1.210253119468689,18.348243713378906,1.5651217699050903,20.800052642822266,2.026460886001587,23.166038513183594,2.45146107673645,25.67168426513672,2.6793088912963867,28.038015365600586,3.2448902130126953,30.4078369140625,3.6658554077148438
5b9c64f03f8b4a4f8189a18d74f866c2,Make a left turn at the stop sign,2.8965651988983154,0.2409990429878235,5.468253135681152,-0.15506486594676971,8.05160140991211,0.18565548956394196,10.80408763885498,0.547407865524292,13.312211990356445,0.7240358591079712,15.755355834960938,1.210253119468689,18.348243713378906,1.5651217699050903,20.800052642822266,2.026460886001587,23.166038513183594,2.45146107673645,25.67168426513672,2.6793088912963867,28.038015365600586,3.2448902130126953,30.4078369140625,3.6658554077148438
d39c6835da754adfa0f75183e685c403,drive around the parked truck and continue straight,3.2691469192504883,0.2557157874107361,6.062046051025391,-0.289181113243103,8.893431663513184,-0.37019839882850647,11.745515823364258,-0.16419097781181335,14.263192176818848,-0.35146424174308777,16.67802619934082,-0.3191342353820801,19.377464294433594,-0.3124885857105255,21.77768898010254,-0.47197961807250977,24.09773826599121,-0.5255361199378967,26.490795135498047,-0.7618055939674377,28.745405197143555,-0.8318406343460083,31.01883888244629,-0.8624051809310913
d39c6835da754adfa0f75183e685c403,swerve around the parked truck,3.2691469192504883,0.2557157874107361,6.062046051025391,-0.289181113243103,8.893431663513184,-0.37019839882850647,11.745515823364258,-0.16419097781181335,14.263192176818848,-0.35146424174308777,16.67802619934082,-0.3191342353820801,19.377464294433594,-0.3124885857105255,21.77768898010254,-0.47197961807250977,24.09773826599121,-0.5255361199378967,26.490795135498047,-0.7618055939674377,28.745405197143555,-0.8318406343460083,31.01883888244629,-0.8624051809310913
d39c6835da754adfa0f75183e685c403,go around the vehicle,3.2691469192504883,0.2557157874107361,6.062046051025391,-0.289181113243103,8.893431663513184,-0.37019839882850647,11.745515823364258,-0.16419097781181335,14.263192176818848,-0.35146424174308777,16.67802619934082,-0.3191342353820801,19.377464294433594,-0.3124885857105255,21.77768898010254,-0.47197961807250977,24.09773826599121,-0.5255361199378967,26.490795135498047,-0.7618055939674377,28.745405197143555,-0.8318406343460083,31.01883888244629,-0.8624051809310913
d39c6835da754adfa0f75183e685c403,Briefly go onto the left side of the road to avoid the parked vehicle in your lane,3.2691469192504883,0.2557157874107361,6.062046051025391,-0.289181113243103,8.893431663513184,-0.37019839882850647,11.745515823364258,-0.16419097781181335,14.263192176818848,-0.35146424174308777,16.67802619934082,-0.3191342353820801,19.377464294433594,-0.3124885857105255,21.77768898010254,-0.47197961807250977,24.09773826599121,-0.5255361199378967,26.490795135498047,-0.7618055939674377,28.745405197143555,-0.8318406343460083,31.01883888244629,-0.8624051809310913
d39c6835da754adfa0f75183e685c403,"Continuing straight, go around the unloading truck in the street briefly going in the opposite lane",3.2691469192504883,0.2557157874107361,6.062046051025391,-0.289181113243103,8.893431663513184,-0.37019839882850647,11.745515823364258,-0.16419097781181335,14.263192176818848,-0.35146424174308777,16.67802619934082,-0.3191342353820801,19.377464294433594,-0.3124885857105255,21.77768898010254,-0.47197961807250977,24.09773826599121,-0.5255361199378967,26.490795135498047,-0.7618055939674377,28.745405197143555,-0.8318406343460083,31.01883888244629,-0.8624051809310913
30783e1b472a4101b82be19e41636ba2,turn right here,3.2554101943969727,0.22164449095726013,6.234918594360352,-0.5237205624580383,9.134435653686523,-0.8648608326911926,12.08956241607666,-1.0026088953018188,14.872894287109375,-1.5553925037384033,17.489355087280273,-2.0088014602661133,20.316152572631836,-2.4635589122772217,23.029552459716797,-3.209592342376709,25.64809226989746,-3.7139124870300293,28.259361267089844,-4.476858139038086,30.88853645324707,-5.281981945037842,33.396976470947266,-5.884644985198975
30783e1b472a4101b82be19e41636ba2,turn right then go straight,3.2554101943969727,0.22164449095726013,6.234918594360352,-0.5237205624580383,9.134435653686523,-0.8648608326911926,12.08956241607666,-1.0026088953018188,14.872894287109375,-1.5553925037384033,17.489355087280273,-2.0088014602661133,20.316152572631836,-2.4635589122772217,23.029552459716797,-3.209592342376709,25.64809226989746,-3.7139124870300293,28.259361267089844,-4.476858139038086,30.88853645324707,-5.281981945037842,33.396976470947266,-5.884644985198975
30783e1b472a4101b82be19e41636ba2,turn right,3.2554101943969727,0.22164449095726013,6.234918594360352,-0.5237205624580383,9.134435653686523,-0.8648608326911926,12.08956241607666,-1.0026088953018188,14.872894287109375,-1.5553925037384033,17.489355087280273,-2.0088014602661133,20.316152572631836,-2.4635589122772217,23.029552459716797,-3.209592342376709,25.64809226989746,-3.7139124870300293,28.259361267089844,-4.476858139038086,30.88853645324707,-5.281981945037842,33.396976470947266,-5.884644985198975
30783e1b472a4101b82be19e41636ba2,Make a right turn into the middle lane,3.2554101943969727,0.22164449095726013,6.234918594360352,-0.5237205624580383,9.134435653686523,-0.8648608326911926,12.08956241607666,-1.0026088953018188,14.872894287109375,-1.5553925037384033,17.489355087280273,-2.0088014602661133,20.316152572631836,-2.4635589122772217,23.029552459716797,-3.209592342376709,25.64809226989746,-3.7139124870300293,28.259361267089844,-4.476858139038086,30.88853645324707,-5.281981945037842,33.396976470947266,-5.884644985198975
30783e1b472a4101b82be19e41636ba2,Turn right at the light,3.2554101943969727,0.22164449095726013,6.234918594360352,-0.5237205624580383,9.134435653686523,-0.8648608326911926,12.08956241607666,-1.0026088953018188,14.872894287109375,-1.5553925037384033,17.489355087280273,-2.0088014602661133,20.316152572631836,-2.4635589122772217,23.029552459716797,-3.209592342376709,25.64809226989746,-3.7139124870300293,28.259361267089844,-4.476858139038086,30.88853645324707,-5.281981945037842,33.396976470947266,-5.884644985198975
312102fd97de4bd4859374946e24ccdc,,4.775005340576172,0.49983808398246765,9.45750904083252,-0.5226064324378967,13.662714004516602,-0.39433491230010986,17.909635543823242,-0.11488326638936996,22.139610290527344,-0.12917466461658478,26.251182556152344,-0.05562356859445572,30.76866340637207,0.047069910913705826,34.55828857421875,-0.03448682278394699,38.6201171875,-0.05635685473680496,42.52192687988281,-0.12423952668905258,46.46015167236328,-0.057574059814214706,50.386871337890625,-0.06486110389232635
2121cc12888e47ce856dc5391f202594,,0.006122805178165436,-0.029897740110754967,-1.0935926184174605e-05,-0.1018015444278717,0.1731523722410202,-0.043156012892723083,0.47145742177963257,0.06285879015922546,0.7708026766777039,0.050022441893815994,1.13160240650177,-0.023396624252200127,1.351539969444275,-0.044901564717292786,2.018824577331543,-0.09173562377691269,2.4384703636169434,0.007544288877397776,2.941438674926758,-0.03292812779545784,3.442103385925293,-0.08980270475149155,3.9109551906585693,0.010131052695214748
2121cc12888e47ce856dc5391f202594,Take a right turn after all the cars and people pass,0.006122806575149298,-0.029897745698690414,-1.0935926184174605e-05,-0.10180150717496872,0.1731524020433426,-0.043156012892723083,0.4714573323726654,0.06285879760980606,0.7708027362823486,0.0500224232673645,1.1316026449203491,-0.02339661866426468,1.3515400886535645,-0.044901568442583084,2.018824338912964,-0.09173563122749329,2.4384708404541016,0.007544288411736488,2.9414377212524414,-0.032928116619586945,3.442103385925293,-0.08980270475149155,3.9109551906585693,0.0101310508325696
f13bd38bf9b64d579a63d4e7d750f592,,3.510451316833496,0.256878137588501,6.5343098640441895,-0.2837693989276886,9.643961906433105,-0.369188129901886,12.71803092956543,-0.2157692313194275,15.48868179321289,-0.33246469497680664,18.035951614379883,-0.2671244740486145,20.847042083740234,-0.269193172454834,23.4982967376709,-0.4521784484386444,25.92086410522461,-0.4537726640701294,28.534242630004883,-0.6790497303009033,30.84400749206543,-0.7475103735923767,33.25835418701172,-0.7026116847991943
54cdaaae372d421fa4734d66f51a8c48,,1.0773851871490479,0.04731638357043266,1.9362821578979492,-0.11172863841056824,2.8821775913238525,-0.1130976527929306,3.91550874710083,-0.027572790160775185,4.856470108032227,-0.028389977291226387,5.792374610900879,-0.04139905422925949,6.804868221282959,-0.055193230509757996,7.8200764656066895,-0.04964838922023773,8.848738670349121,0.007204405497759581,9.803046226501465,-0.08568836748600006,11.000178337097168,-0.06287313997745514,11.969539642333984,-0.12558437883853912
54cdaaae372d421fa4734d66f51a8c48,Stop at the stoplights,1.0773853063583374,0.04731639102101326,1.9362818002700806,-0.11172863841056824,2.8821775913238525,-0.1130976527929306,3.915508270263672,-0.027572788298130035,4.856470108032227,-0.02838996984064579,5.792375087738037,-0.041399046778678894,6.804868698120117,-0.055193234235048294,7.820078372955322,-0.04964838922023773,8.848738670349121,0.0072044068947434425,9.803044319152832,-0.08568837493658066,11.000176429748535,-0.06287314742803574,11.969539642333984,-0.12558436393737793
54cdaaae372d421fa4734d66f51a8c48,stop at the intersection,1.0773853063583374,0.04731639102101326,1.9362818002700806,-0.11172863841056824,2.8821775913238525,-0.1130976527929306,3.915508270263672,-0.027572788298130035,4.856470108032227,-0.02838996984064579,5.792375087738037,-0.041399046778678894,6.804868698120117,-0.055193234235048294,7.820078372955322,-0.04964838922023773,8.848738670349121,0.0072044068947434425,9.803044319152832,-0.08568837493658066,11.000176429748535,-0.06287314742803574,11.969539642333984,-0.12558436393737793
17302a41218442ffbb0b094adb0669ab,,3.977377414703369,0.37349578738212585,7.648327827453613,-0.33361122012138367,11.09972095489502,-0.301971435546875,14.514939308166504,-0.02213139832019806,17.735862731933594,-0.03160247579216957,20.852149963378906,0.057290881872177124,24.30750274658203,0.2366117537021637,27.213363647460938,0.1456829011440277,30.25995635986328,0.20097310841083527,33.19419860839844,0.20994903147220612,36.1150016784668,0.2535654604434967,39.06703567504883,0.36636146903038025
17302a41218442ffbb0b094adb0669ab,Stop at the intersection,3.97737717628479,0.37349575757980347,7.648327350616455,-0.3336111605167389,11.09972095489502,-0.3019714057445526,14.514938354492188,-0.022131403908133507,17.735862731933594,-0.03160247206687927,20.852149963378906,0.057290904223918915,24.3075008392334,0.2366117686033249,27.213361740112305,0.14568288624286652,30.259958267211914,0.20097313821315765,33.1942024230957,0.20994898676872253,36.11500549316406,0.2535654306411743,39.067039489746094,0.36636149883270264
17302a41218442ffbb0b094adb0669ab,stop at the intersection,3.97737717628479,0.37349575757980347,7.648327350616455,-0.3336111605167389,11.09972095489502,-0.3019714057445526,14.514938354492188,-0.022131403908133507,17.735862731933594,-0.03160247206687927,20.852149963378906,0.057290904223918915,24.3075008392334,0.2366117686033249,27.213361740112305,0.14568288624286652,30.259958267211914,0.20097313821315765,33.1942024230957,0.20994898676872253,36.11500549316406,0.2535654306411743,39.067039489746094,0.36636149883270264
2dc89e0f9c6c4dbab908d341fab020c6,turn left here,2.5488786697387695,0.23448580503463745,4.648837089538574,-0.15286114811897278,6.801191329956055,-0.10354681313037872,9.048882484436035,0.17307959496974945,10.916178703308105,0.13300754129886627,12.914647102355957,0.2940124571323395,15.015006065368652,0.4894707500934601,16.85232925415039,0.570907473564148,18.772457122802734,0.6686776280403137,20.5849552154541,0.7523733377456665,22.568302154541016,0.854202389717102,24.3762264251709,0.9355664849281311
2dc89e0f9c6c4dbab908d341fab020c6,Take a left turn and then continue down the road,2.5488786697387695,0.23448580503463745,4.648837089538574,-0.15286114811897278,6.801191329956055,-0.10354681313037872,9.048882484436035,0.17307959496974945,10.916178703308105,0.13300754129886627,12.914647102355957,0.2940124571323395,15.015006065368652,0.4894707500934601,16.85232925415039,0.570907473564148,18.772457122802734,0.6686776280403137,20.5849552154541,0.7523733377456665,22.568302154541016,0.854202389717102,24.3762264251709,0.9355664849281311
2dc89e0f9c6c4dbab908d341fab020c6,cmplete the left turn,2.5488786697387695,0.23448580503463745,4.648837089538574,-0.15286114811897278,6.801191329956055,-0.10354681313037872,9.048882484436035,0.17307959496974945,10.916178703308105,0.13300754129886627,12.914647102355957,0.2940124571323395,15.015006065368652,0.4894707500934601,16.85232925415039,0.570907473564148,18.772457122802734,0.6686776280403137,20.5849552154541,0.7523733377456665,22.568302154541016,0.854202389717102,24.3762264251709,0.9355664849281311
2dc89e0f9c6c4dbab908d341fab020c6,,2.5488786697387695,0.23448580503463745,4.648837089538574,-0.15286114811897278,6.801191329956055,-0.10354681313037872,9.048882484436035,0.17307959496974945,10.916178703308105,0.13300754129886627,12.914647102355957,0.2940124571323395,15.015006065368652,0.4894707500934601,16.85232925415039,0.570907473564148,18.772457122802734,0.6686776280403137,20.5849552154541,0.7523733377456665,22.568302154541016,0.854202389717102,24.3762264251709,0.9355664849281311
2dc89e0f9c6c4dbab908d341fab020c6,Make a left turn,2.5488786697387695,0.23448580503463745,4.648837089538574,-0.15286114811897278,6.801191329956055,-0.10354681313037872,9.048882484436035,0.17307959496974945,10.916178703308105,0.13300754129886627,12.914647102355957,0.2940124571323395,15.015006065368652,0.4894707500934601,16.85232925415039,0.570907473564148,18.772457122802734,0.6686776280403137,20.5849552154541,0.7523733377456665,22.568302154541016,0.854202389717102,24.3762264251709,0.9355664849281311
a5887dd5d6d947e4af581b915716d51c,,5.374105453491211,0.5751252770423889,10.79238224029541,-0.5596466660499573,15.542888641357422,-0.45343345403671265,20.226085662841797,-0.07764233648777008,25.01357078552246,0.007311037741601467,29.63671875,0.015212423168122768,34.50023651123047,0.30495399236679077,38.76317596435547,0.08780718594789505,43.24882125854492,0.17736418545246124,47.4814338684082,0.2908022701740265,51.77754592895508,0.30181461572647095,56.16256332397461,0.4459143877029419
6295f0119c5c44d8a75e0016517a172d,,4.878749370574951,0.4974658191204071,9.648880958557129,-0.48481622338294983,13.939363479614258,-0.4169670045375824,18.211544036865234,-0.1090477854013443,22.416366577148438,-0.09675583243370056,26.439435958862305,-0.05031880363821983,30.84469985961914,0.12315002828836441,34.63450622558594,-0.03195849433541298,38.57114028930664,0.016935957595705986,42.39617156982422,-0.003478950820863247,46.188758850097656,0.009163539856672287,50.026248931884766,0.12182336300611496
1847e3fc11ab466d95f82e6c7031f33d,,5.939112663269043,0.6674697399139404,12.08355712890625,-0.6832641959190369,17.324460983276367,-0.522216796875,22.45310401916504,-0.05610467493534088,27.865413665771484,0.07000887393951416,33.11488342285156,0.038301125168800354,38.54795837402344,0.41882964968681335,43.342002868652344,0.20226800441741943,48.38272476196289,0.29486051201820374,53.18204879760742,0.5054551362991333,58.07822799682617,0.5335218906402588,63.042301177978516,0.7269651889801025
83ffc453d209404781ea4574d77adb22,,4.139098167419434,0.36424246430397034,7.946603775024414,-0.35843196511268616,11.605399131774902,-0.3842019736766815,15.214028358459473,-0.1625162661075592,18.614532470703125,-0.2081846445798874,21.855173110961914,-0.16561777889728546,25.34501075744629,-0.06560847163200378,28.5169677734375,-0.2381822168827057,31.610614776611328,-0.2131950855255127,34.70256805419922,-0.3175870478153229,37.664302825927734,-0.3601747751235962,40.72274398803711,-0.3014383614063263
70c3b2f2b1f3403083fd44d06cc5abe0,,1.2722870111465454,-0.03344349563121796,1.757756233215332,-0.11768392473459244,2.6503872871398926,0.0644390881061554,3.702303886413574,-0.02414616011083126,4.6752848625183105,-0.4406404495239258,5.545773029327393,-0.3353484869003296,6.355330944061279,-0.22583378851413727,7.144033432006836,-0.25809335708618164,8.394503593444824,-0.1254347264766693,9.337119102478027,-0.3823757469654083,10.575770378112793,-0.3246428668498993,11.43681526184082,-0.47787073254585266
70c3b2f2b1f3403083fd44d06cc5abe0,proceed slowly to avoid hitting the wheelchair,1.2722870111465454,-0.03344349563121796,1.757756233215332,-0.11768392473459244,2.6503875255584717,0.0644390806555748,3.702303171157837,-0.02414616011083126,4.675285339355469,-0.4406404495239258,5.545773029327393,-0.3353484869003296,6.355330944061279,-0.22583378851413727,7.144033432006836,-0.25809335708618164,8.394502639770508,-0.1254347413778305,9.337117195129395,-0.38237571716308594,10.57577133178711,-0.3246428668498993,11.436813354492188,-0.47787079215049744
c133e78e55ae487c821803a3b183d1ab,,4.333010196685791,0.4191466271877289,8.432316780090332,-0.41388338804244995,12.244023323059082,-0.36538034677505493,16.04134178161621,-0.10615836083889008,19.70697784423828,-0.1267067790031433,23.282081604003906,-0.07689567655324936,27.14359474182129,0.06155090034008026,30.483041763305664,-0.07507399469614029,33.957740783691406,-0.062456268817186356,37.29304504394531,-0.10691650956869125,40.63822555541992,-0.07830018550157547,44.01832580566406,-0.04448588564991951
c133e78e55ae487c821803a3b183d1ab,stop and wait for the pedestrians,4.333010196685791,0.4191466271877289,8.432316780090332,-0.41388338804244995,12.244023323059082,-0.36538034677505493,16.04134178161621,-0.10615836083889008,19.70697784423828,-0.1267067790031433,23.282081604003906,-0.07689567655324936,27.14359474182129,0.06155090034008026,30.483041763305664,-0.07507399469614029,33.957740783691406,-0.062456268817186356,37.29304504394531,-0.10691650956869125,40.63822555541992,-0.07830018550157547,44.01832580566406,-0.04448588564991951
c133e78e55ae487c821803a3b183d1ab,Stop before the stopwalk to allow the pedestrian to cross the road,4.333010196685791,0.4191466271877289,8.432316780090332,-0.41388338804244995,12.244023323059082,-0.36538034677505493,16.04134178161621,-0.10615836083889008,19.70697784423828,-0.1267067790031433,23.282081604003906,-0.07689567655324936,27.14359474182129,0.06155090034008026,30.483041763305664,-0.07507399469614029,33.957740783691406,-0.062456268817186356,37.29304504394531,-0.10691650956869125,40.63822555541992,-0.07830018550157547,44.01832580566406,-0.04448588564991951
c133e78e55ae487c821803a3b183d1ab,Slow and come to a stop if needed to allow the pedestrian to cross,4.333010196685791,0.4191466271877289,8.432316780090332,-0.41388338804244995,12.244023323059082,-0.36538034677505493,16.04134178161621,-0.10615836083889008,19.70697784423828,-0.1267067790031433,23.282081604003906,-0.07689567655324936,27.14359474182129,0.06155090034008026,30.483041763305664,-0.07507399469614029,33.957740783691406,-0.062456268817186356,37.29304504394531,-0.10691650956869125,40.63822555541992,-0.07830018550157547,44.01832580566406,-0.04448588564991951
cd122d67c51c4fa4902486897cad91ad,,4.190618515014648,0.39231249690055847,8.138739585876465,-0.40248534083366394,11.802806854248047,-0.38415226340293884,15.461763381958008,-0.13099916279315948,18.960554122924805,-0.195564404129982,22.32703399658203,-0.14176930487155914,26.023082733154297,-0.030870426446199417,29.186813354492188,-0.17716757953166962,32.4829216003418,-0.18436352908611298,35.66512680053711,-0.25372469425201416,38.809478759765625,-0.2769397497177124,42.00129699707031,-0.2512248456478119
cd122d67c51c4fa4902486897cad91ad,Go on the left side of your lane before appraoching the construction that is on the right side of your lane,4.190618991851807,0.39231252670288086,8.138738632202148,-0.40248537063598633,11.802806854248047,-0.38415229320526123,15.461763381958008,-0.1309991478919983,18.960552215576172,-0.195564404129982,22.3270320892334,-0.14176931977272034,26.023080825805664,-0.030870428308844566,29.186811447143555,-0.17716754972934723,32.4829216003418,-0.18436352908611298,35.665122985839844,-0.25372472405433655,38.809478759765625,-0.2769397497177124,42.00128936767578,-0.2512248456478119
8fe2dd6f533646b39c8e81316597c52b,,0.006074267905205488,-0.02988029271364212,-5.4695410653948784e-05,-0.10176147520542145,0.17315872013568878,-0.04319757968187332,0.4715319275856018,0.06290163099765778,0.7708989381790161,0.050096284598112106,1.1315940618515015,-0.0234050489962101,1.35152006149292,-0.04486944153904915,2.0188746452331543,-0.09175167977809906,2.4384937286376953,0.007596051320433617,2.9415102005004883,-0.03282425180077553,3.442188024520874,-0.08973348885774612,3.910977363586426,0.010218600742518902
599c50b42e294116bd702c9e5cc830a3,stay in the left lane while approaching the roundabout,2.6747162342071533,0.1561173051595688,5.1132683753967285,-0.40768587589263916,7.483090877532959,-0.585151195526123,9.844069480895996,-0.7915672659873962,11.913050651550293,-1.2322224378585815,14.062551498413086,-1.5775843858718872,16.230812072753906,-1.7355507612228394,18.23941421508789,-2.388613700866699,20.32025146484375,-2.6554555892944336,22.241859436035156,-3.206897497177124,24.440746307373047,-3.776294231414795,26.278087615966797,-4.278261661529541
599c50b42e294116bd702c9e5cc830a3,,2.6747162342071533,0.1561172753572464,5.11326789855957,-0.4076858162879944,7.483090400695801,-0.585151195526123,9.844069480895996,-0.791567325592041,11.913049697875977,-1.2322224378585815,14.062552452087402,-1.5775843858718872,16.23081398010254,-1.7355507612228394,18.239418029785156,-2.3886139392852783,20.320253372192383,-2.6554555892944336,22.241857528686523,-3.206897497177124,24.44074821472168,-3.7762937545776367,26.278085708618164,-4.278262138366699
09f67057dd8346388b28f79d9bb1cf04,continue on this road,2.4019689559936523,0.14124636352062225,4.788435459136963,-0.47482946515083313,6.878461837768555,-0.6289865970611572,9.09184741973877,-0.7090003490447998,11.001663208007812,-1.1472766399383545,13.113017082214355,-1.5789958238601685,15.141657829284668,-1.8191231489181519,17.232179641723633,-2.5134758949279785,19.094947814941406,-2.838740110397339,20.9558162689209,-3.32124662399292,23.174545288085938,-4.10236930847168,25.035884857177734,-4.659659385681152
09f67057dd8346388b28f79d9bb1cf04,Shift to the right lane,2.4019689559936523,0.14124636352062225,4.788435459136963,-0.47482946515083313,6.878461837768555,-0.6289865970611572,9.09184741973877,-0.7090003490447998,11.001663208007812,-1.1472766399383545,13.113017082214355,-1.5789958238601685,15.141657829284668,-1.8191231489181519,17.232179641723633,-2.5134758949279785,19.094947814941406,-2.838740110397339,20.9558162689209,-3.32124662399292,23.174545288085938,-4.10236930847168,25.035884857177734,-4.659659385681152
09f67057dd8346388b28f79d9bb1cf04,Make a right turn,2.4019689559936523,0.14124636352062225,4.788435459136963,-0.47482946515083313,6.878461837768555,-0.6289865970611572,9.09184741973877,-0.7090003490447998,11.001663208007812,-1.1472766399383545,13.113017082214355,-1.5789958238601685,15.141657829284668,-1.8191231489181519,17.232179641723633,-2.5134758949279785,19.094947814941406,-2.838740110397339,20.9558162689209,-3.32124662399292,23.174545288085938,-4.10236930847168,25.035884857177734,-4.659659385681152
09f67057dd8346388b28f79d9bb1cf04,,2.4019689559936523,0.14124636352062225,4.788435459136963,-0.47482946515083313,6.878461837768555,-0.6289865970611572,9.09184741973877,-0.7090003490447998,11.001663208007812,-1.1472766399383545,13.113017082214355,-1.5789958238601685,15.141657829284668,-1.8191231489181519,17.232179641723633,-2.5134758949279785,19.094947814941406,-2.838740110397339,20.9558162689209,-3.32124662399292,23.174545288085938,-4.10236930847168,25.035884857177734,-4.659659385681152
e12dee10fe2545e4ab88459ed4268bc6,,0.14832116663455963,-0.03508397564291954,0.25825104117393494,-0.08898932486772537,0.4917337894439697,-0.06348153203725815,0.8574307560920715,-0.0015843824949115515,1.2639999389648438,0.029959332197904587,1.6525022983551025,-0.048871032893657684,1.9550563097000122,-0.10391952097415924,2.612130641937256,-0.1237054169178009,3.1324191093444824,-0.002111994195729494,3.6534032821655273,-0.10655582696199417,4.37739896774292,-0.12547510862350464,4.874082565307617,-0.1358921378850937
e12dee10fe2545e4ab88459ed4268bc6,Stop before the crosswalk to allow the pedestrians to cross through. Then proceed forward once it is clear,0.14832113683223724,-0.035083968192338943,0.2582510709762573,-0.08898933231830597,0.49173375964164734,-0.06348152458667755,0.8574306964874268,-0.0015843824949115515,1.2639997005462646,0.029959334060549736,1.652502179145813,-0.04887104034423828,1.955056071281433,-0.10391952097415924,2.6121304035186768,-0.12370540201663971,3.1324191093444824,-0.002111993730068207,3.6534037590026855,-0.10655581206083298,4.37739896774292,-0.12547510862350464,4.874082565307617,-0.1358921229839325
3032b651c72e4b5c86d4dea1b4930689,turn left at the intersection,2.9683189392089844,0.26518163084983826,5.543583393096924,-0.1308468133211136,8.135014533996582,0.14794966578483582,10.828849792480469,0.5104109048843384,13.278502464294434,0.7289563417434692,15.6695556640625,1.1911064386367798,18.268449783325195,1.5501481294631958,20.64040184020996,1.969667673110962,22.92896270751953,2.317920684814453,25.296066284179688,2.620915412902832,27.60410499572754,3.1460695266723633,29.95696258544922,3.494196653366089
3032b651c72e4b5c86d4dea1b4930689,take a left turn,2.9683189392089844,0.26518163084983826,5.543583393096924,-0.1308468133211136,8.135014533996582,0.14794966578483582,10.828849792480469,0.5104109048843384,13.278502464294434,0.7289563417434692,15.6695556640625,1.1911064386367798,18.268449783325195,1.5501481294631958,20.64040184020996,1.969667673110962,22.92896270751953,2.317920684814453,25.296066284179688,2.620915412902832,27.60410499572754,3.1460695266723633,29.95696258544922,3.494196653366089
3032b651c72e4b5c86d4dea1b4930689,Make a left turn,2.9683189392089844,0.26518163084983826,5.543583393096924,-0.1308468133211136,8.135014533996582,0.14794966578483582,10.828849792480469,0.5104109048843384,13.278502464294434,0.7289563417434692,15.6695556640625,1.1911064386367798,18.268449783325195,1.5501481294631958,20.64040184020996,1.969667673110962,22.92896270751953,2.317920684814453,25.296066284179688,2.620915412902832,27.60410499572754,3.1460695266723633,29.95696258544922,3.494196653366089
3032b651c72e4b5c86d4dea1b4930689,Allow the oncoming vehicle to pass before taking a left turn,2.9683189392089844,0.26518163084983826,5.543583393096924,-0.1308468133211136,8.135014533996582,0.14794966578483582,10.828849792480469,0.5104109048843384,13.278502464294434,0.7289563417434692,15.6695556640625,1.1911064386367798,18.268449783325195,1.5501481294631958,20.64040184020996,1.969667673110962,22.92896270751953,2.317920684814453,25.296066284179688,2.620915412902832,27.60410499572754,3.1460695266723633,29.95696258544922,3.494196653366089
32bae098e2434a09af1e7983e31fbf5c,,3.3482961654663086,0.26636940240859985,6.149008750915527,-0.2161363810300827,9.100452423095703,-0.23270609974861145,12.00557804107666,0.004489800427109003,14.61506175994873,-0.011206386610865593,17.06133270263672,0.16537760198116302,19.774784088134766,0.23928295075893402,22.266008377075195,0.23352313041687012,24.605743408203125,0.31077662110328674,27.082197189331055,0.2405531108379364,29.341684341430664,0.31598398089408875,31.680450439453125,0.4534938633441925
d4d2faa310a748dda508d15c6d5c4244,,2.453277587890625,0.18659096956253052,4.361928462982178,-0.12762351334095,6.514045715332031,-0.1713966280221939,8.567261695861816,0.011219251900911331,10.404227256774902,-0.025942232459783554,12.311795234680176,0.09219023585319519,14.337141036987305,0.15582773089408875,16.038209915161133,0.19045239686965942,17.84943389892578,0.24407611787319183,19.640533447265625,0.15548820793628693,21.574304580688477,0.23740452527999878,23.33219337463379,0.2438320815563202
7bbc6931b39b4ba3834240618fc4a4c2,,2.8964080810546875,0.20478926599025726,5.248605728149414,-0.21609674394130707,7.727105140686035,-0.2344590276479721,10.225486755371094,-0.03280538320541382,12.45760726928711,-0.15532515943050385,14.581647872924805,-0.015554136596620083,16.977420806884766,0.008759300224483013,19.03675079345703,0.021892555058002472,21.111845016479492,0.010210249572992325,23.233068466186523,-0.12376643717288971,25.275127410888672,-0.0566151924431324,27.31184959411621,-0.06817822903394699
d9161e521b1644cea4cb9e3f21ef9f79,turn left here,0.14324672520160675,-0.022885911166667938,0.24953177571296692,-0.10751286149024963,0.5742027163505554,-0.027663713321089745,0.9746038913726807,0.069422148168087,1.4040195941925049,0.044810183346271515,1.91263747215271,-0.026655785739421844,2.2565438747406006,-0.035861726850271225,2.9978997707366943,-0.07420465350151062,3.4965991973876953,0.04326866567134857,4.148849964141846,-0.03491315618157387,4.796382904052734,-0.06449785828590393,5.341067790985107,0.06128162890672684
d9161e521b1644cea4cb9e3f21ef9f79,take left and merge onto the left lane,0.14324672520160675,-0.022885911166667938,0.24953177571296692,-0.10751286149024963,0.5742027163505554,-0.027663713321089745,0.9746038913726807,0.069422148168087,1.4040195941925049,0.044810183346271515,1.91263747215271,-0.026655785739421844,2.2565438747406006,-0.035861726850271225,2.9978997707366943,-0.07420465350151062,3.4965991973876953,0.04326866567134857,4.148849964141846,-0.03491315618157387,4.796382904052734,-0.06449785828590393,5.341067790985107,0.06128162890672684
d9161e521b1644cea4cb9e3f21ef9f79,Make the left turn once all cars from the right have passed,0.14324672520160675,-0.022885911166667938,0.24953177571296692,-0.10751286149024963,0.5742027163505554,-0.027663713321089745,0.9746038913726807,0.069422148168087,1.4040195941925049,0.044810183346271515,1.91263747215271,-0.026655785739421844,2.2565438747406006,-0.035861726850271225,2.9978997707366943,-0.07420465350151062,3.4965991973876953,0.04326866567134857,4.148849964141846,-0.03491315618157387,4.796382904052734,-0.06449785828590393,5.341067790985107,0.06128162890672684
d9161e521b1644cea4cb9e3f21ef9f79,Make a left turn when they're no oncoming vehicles,0.14324672520160675,-0.022885911166667938,0.24953177571296692,-0.10751286149024963,0.5742027163505554,-0.027663713321089745,0.9746038913726807,0.069422148168087,1.4040195941925049,0.044810183346271515,1.91263747215271,-0.026655785739421844,2.2565438747406006,-0.035861726850271225,2.9978997707366943,-0.07420465350151062,3.4965991973876953,0.04326866567134857,4.148849964141846,-0.03491315618157387,4.796382904052734,-0.06449785828590393,5.341067790985107,0.06128162890672684
f634de95cc7043b8b38ceaac67d472cf,follow the car a head into the right turn lane,2.8314714431762695,0.20930097997188568,5.271691799163818,-0.25656622648239136,7.75737190246582,-0.3262041509151459,10.203524589538574,-0.21514558792114258,12.422636032104492,-0.3432443141937256,14.67221736907959,-0.3503964841365814,17.037883758544922,-0.38162147998809814,19.117158889770508,-0.5246509313583374,21.245075225830078,-0.5733311176300049,23.341657638549805,-0.8072777986526489,25.558961868286133,-0.8559388518333435,27.59423065185547,-0.9872438907623291
f634de95cc7043b8b38ceaac67d472cf,,2.8314712047576904,0.20930097997188568,5.271691799163818,-0.25656625628471375,7.757370948791504,-0.3262041211128235,10.203523635864258,-0.21514560282230377,12.422636032104492,-0.3432442843914032,14.672218322753906,-0.35039642453193665,17.037885665893555,-0.38162150979042053,19.117158889770508,-0.5246509909629822,21.245073318481445,-0.5733311772346497,23.341657638549805,-0.8072776794433594,25.5589599609375,-0.8559387922286987,27.594234466552734,-0.9872440099716187
4f679c8f8f6d4f5d8466253dda4733ba,,0.00610524183139205,-0.029893197119235992,-3.8593876524828374e-05,-0.10179010033607483,0.17312994599342346,-0.04316502436995506,0.47144901752471924,0.06287162750959396,0.7707818746566772,0.050038933753967285,1.1315621137619019,-0.023400185629725456,1.3514941930770874,-0.04489710554480553,2.0187885761260986,-0.0917346328496933,2.438425302505493,0.0075534433126449585,2.941394090652466,-0.032899074256420135,3.442044973373413,-0.08977919071912766,3.9108870029449463,0.01015537790954113
2175d0e84f224ea69907e5c338bde395,follow the car ahead and turn right into the connecting road,1.8636139631271362,0.08046060055494308,3.5018773078918457,-0.4363536834716797,5.237640857696533,-0.7584061026573181,6.981279373168945,-0.8358890414237976,8.621725082397461,-1.402719497680664,10.237712860107422,-1.907636046409607,11.89586067199707,-2.360623359680176,13.64255142211914,-3.0584874153137207,15.306440353393555,-3.464167356491089,17.01352882385254,-4.239469528198242,18.842910766601562,-5.033323287963867,20.414939880371094,-5.500307559967041
2175d0e84f224ea69907e5c338bde395,take a right a turn and follow the gray car,1.8636139631271362,0.08046060055494308,3.5018773078918457,-0.4363536834716797,5.237640857696533,-0.7584061026573181,6.981279373168945,-0.8358890414237976,8.621725082397461,-1.402719497680664,10.237712860107422,-1.907636046409607,11.89586067199707,-2.360623359680176,13.64255142211914,-3.0584874153137207,15.306440353393555,-3.464167356491089,17.01352882385254,-4.239469528198242,18.842910766601562,-5.033323287963867,20.414939880371094,-5.500307559967041
2175d0e84f224ea69907e5c338bde395,Make the right turn,1.8636139631271362,0.08046060055494308,3.5018773078918457,-0.4363536834716797,5.237640857696533,-0.7584061026573181,6.981279373168945,-0.8358890414237976,8.621725082397461,-1.402719497680664,10.237712860107422,-1.907636046409607,11.89586067199707,-2.360623359680176,13.64255142211914,-3.0584874153137207,15.306440353393555,-3.464167356491089,17.01352882385254,-4.239469528198242,18.842910766601562,-5.033323287963867,20.414939880371094,-5.500307559967041
2175d0e84f224ea69907e5c338bde395,Follow the vehicle directly ahead,1.8636139631271362,0.08046060055494308,3.5018773078918457,-0.4363536834716797,5.237640857696533,-0.7584061026573181,6.981279373168945,-0.8358890414237976,8.621725082397461,-1.402719497680664,10.237712860107422,-1.907636046409607,11.89586067199707,-2.360623359680176,13.64255142211914,-3.0584874153137207,15.306440353393555,-3.464167356491089,17.01352882385254,-4.239469528198242,18.842910766601562,-5.033323287963867,20.414939880371094,-5.500307559967041
bc5daf905b854dbc8944811c4b7c319d,,6.872259140014648,0.6951879858970642,13.974329948425293,-0.9960457682609558,19.955625534057617,-0.6769163012504578,25.67660140991211,0.002990638604387641,32.03122329711914,0.15173934400081635,37.76716613769531,-0.0666496679186821,44.178436279296875,0.49061572551727295,49.899173736572266,0.6620743274688721,55.41270065307617,0.683208703994751,61.39430618286133,1.0614769458770752,67.10639953613281,1.0908617973327637,72.90833282470703,1.4480862617492676
add2303ca41d445c8339e05769745fc0,,4.13612174987793,0.41726768016815186,8.047618865966797,-0.3439162075519562,11.644979476928711,-0.195362389087677,15.311702728271484,0.08744286745786667,18.798837661743164,0.1450803130865097,22.1995792388916,0.35436323285102844,26.052173614501953,0.5529190897941589,29.19327163696289,0.6383361220359802,32.596893310546875,0.7142961025238037,35.85334777832031,0.7660534381866455,39.146034240722656,0.9926504492759705,42.41600799560547,1.0889242887496948
add2303ca41d445c8339e05769745fc0,take a left turn and wait for the car to exit the driveway,4.13612174987793,0.41726768016815186,8.047618865966797,-0.3439162075519562,11.644979476928711,-0.195362389087677,15.311702728271484,0.08744286745786667,18.798837661743164,0.1450803130865097,22.1995792388916,0.35436323285102844,26.052173614501953,0.5529190897941589,29.19327163696289,0.6383361220359802,32.596893310546875,0.7142961025238037,35.85334777832031,0.7660534381866455,39.146034240722656,0.9926504492759705,42.41600799560547,1.0889242887496948
add2303ca41d445c8339e05769745fc0,Make a left turn and continue down the road,4.13612174987793,0.41726768016815186,8.047618865966797,-0.3439162075519562,11.644979476928711,-0.195362389087677,15.311702728271484,0.08744286745786667,18.798837661743164,0.1450803130865097,22.1995792388916,0.35436323285102844,26.052173614501953,0.5529190897941589,29.19327163696289,0.6383361220359802,32.596893310546875,0.7142961025238037,35.85334777832031,0.7660534381866455,39.146034240722656,0.9926504492759705,42.41600799560547,1.0889242887496948
add2303ca41d445c8339e05769745fc0,Make a left turn,4.13612174987793,0.41726768016815186,8.047618865966797,-0.3439162075519562,11.644979476928711,-0.195362389087677,15.311702728271484,0.08744286745786667,18.798837661743164,0.1450803130865097,22.1995792388916,0.35436323285102844,26.052173614501953,0.5529190897941589,29.19327163696289,0.6383361220359802,32.596893310546875,0.7142961025238037,35.85334777832031,0.7660534381866455,39.146034240722656,0.9926504492759705,42.41600799560547,1.0889242887496948
6af9b75e439e4811ad3b04dc2220657a,,4.18690299987793,0.4205237329006195,8.153926849365234,-0.35346531867980957,11.797297477722168,-0.2563600540161133,15.42600154876709,0.1015951931476593,19.002635955810547,0.17356283962726593,22.42333221435547,0.382065087556839,26.308141708374023,0.5538661479949951,29.41059112548828,0.6462270617485046,32.824886322021484,0.7155833840370178,36.09851837158203,0.7979562878608704,39.34658432006836,1.0311806201934814,42.680198669433594,1.1708511114120483
f97bf749746c4c3a8ad9f1c11eab6444,turn right into the connecting road,1.7249829769134521,0.08232183754444122,3.372633934020996,-0.30033808946609497,4.887522220611572,-0.4659019708633423,6.589570999145508,-0.4652394652366638,8.127503395080566,-0.6872302293777466,9.7320556640625,-0.9891403913497925,11.35439682006836,-1.2839772701263428,13.010848999023438,-1.675885796546936,14.554988861083984,-1.8948347568511963,16.0672607421875,-2.2693934440612793,17.781944274902344,-2.6948564052581787,19.383831024169922,-3.082934617996216
f97bf749746c4c3a8ad9f1c11eab6444,stop right before the right turn and wait for the biker to pass and then take the right turn,1.7249829769134521,0.08232183754444122,3.372633934020996,-0.30033808946609497,4.887522220611572,-0.4659019708633423,6.589570999145508,-0.4652394652366638,8.127503395080566,-0.6872302293777466,9.7320556640625,-0.9891403913497925,11.35439682006836,-1.2839772701263428,13.010848999023438,-1.675885796546936,14.554988861083984,-1.8948347568511963,16.0672607421875,-2.2693934440612793,17.781944274902344,-2.6948564052581787,19.383831024169922,-3.082934617996216
f97bf749746c4c3a8ad9f1c11eab6444,Make the right turn only once all oncoming cars have passed,1.7249829769134521,0.08232183754444122,3.372633934020996,-0.30033808946609497,4.887522220611572,-0.4659019708633423,6.589570999145508,-0.4652394652366638,8.127503395080566,-0.6872302293777466,9.7320556640625,-0.9891403913497925,11.35439682006836,-1.2839772701263428,13.010848999023438,-1.675885796546936,14.554988861083984,-1.8948347568511963,16.0672607421875,-2.2693934440612793,17.781944274902344,-2.6948564052581787,19.383831024169922,-3.082934617996216
f97bf749746c4c3a8ad9f1c11eab6444,Allow the oncoming vehicle to pass and then make a right,1.7249829769134521,0.08232183754444122,3.372633934020996,-0.30033808946609497,4.887522220611572,-0.4659019708633423,6.589570999145508,-0.4652394652366638,8.127503395080566,-0.6872302293777466,9.7320556640625,-0.9891403913497925,11.35439682006836,-1.2839772701263428,13.010848999023438,-1.675885796546936,14.554988861083984,-1.8948347568511963,16.0672607421875,-2.2693934440612793,17.781944274902344,-2.6948564052581787,19.383831024169922,-3.082934617996216
6498fce2f38645fc9bf9d4464b159230,turn left at the signal,0.6648701429367065,0.021704472601413727,1.2442313432693481,-0.1678042709827423,2.0033390522003174,-0.0876292809844017,2.8548636436462402,0.02450239285826683,3.714714527130127,-0.011687059886753559,4.624516010284424,-0.03702858090400696,5.429629802703857,-0.08649814128875732,6.531940460205078,-0.12987494468688965,7.421006202697754,-0.05181785672903061,8.444089889526367,-0.1711765080690384,9.451067924499512,-0.16883307695388794,10.380605697631836,-0.1149263083934784
6498fce2f38645fc9bf9d4464b159230,Take a left turn at the intersection,0.6648701429367065,0.021704472601413727,1.2442313432693481,-0.1678042709827423,2.0033390522003174,-0.0876292809844017,2.8548636436462402,0.02450239285826683,3.714714527130127,-0.011687059886753559,4.624516010284424,-0.03702858090400696,5.429629802703857,-0.08649814128875732,6.531940460205078,-0.12987494468688965,7.421006202697754,-0.05181785672903061,8.444089889526367,-0.1711765080690384,9.451067924499512,-0.16883307695388794,10.380605697631836,-0.1149263083934784
6498fce2f38645fc9bf9d4464b159230,Make the left turn at the intersection,0.6648701429367065,0.021704472601413727,1.2442313432693481,-0.1678042709827423,2.0033390522003174,-0.0876292809844017,2.8548636436462402,0.02450239285826683,3.714714527130127,-0.011687059886753559,4.624516010284424,-0.03702858090400696,5.429629802703857,-0.08649814128875732,6.531940460205078,-0.12987494468688965,7.421006202697754,-0.05181785672903061,8.444089889526367,-0.1711765080690384,9.451067924499512,-0.16883307695388794,10.380605697631836,-0.1149263083934784
6498fce2f38645fc9bf9d4464b159230,Take a left at the light,0.6648701429367065,0.021704472601413727,1.2442313432693481,-0.1678042709827423,2.0033390522003174,-0.0876292809844017,2.8548636436462402,0.02450239285826683,3.714714527130127,-0.011687059886753559,4.624516010284424,-0.03702858090400696,5.429629802703857,-0.08649814128875732,6.531940460205078,-0.12987494468688965,7.421006202697754,-0.05181785672903061,8.444089889526367,-0.1711765080690384,9.451067924499512,-0.16883307695388794,10.380605697631836,-0.1149263083934784
865c607c8ef44f13b39744a0de110740,,7.445573806762695,0.644442617893219,15.232389450073242,-1.3161238431930542,21.574729919433594,-0.7601417303085327,28.04891014099121,-0.15959855914115906,35.00163269042969,0.02949894405901432,40.99949264526367,-0.2864084541797638,48.34811782836914,0.49051767587661743,54.48169708251953,0.7038543820381165,60.55430603027344,1.0028231143951416,67.4459228515625,1.5707242488861084,73.38440704345703,1.6882336139678955,79.92998504638672,2.128782272338867
d25718445d89453381c659b9c8734939,,6.195064544677734,0.7074146270751953,12.560813903808594,-0.7273029088973999,17.89468765258789,-0.35033726692199707,23.219703674316406,0.2774791121482849,28.812564849853516,0.5497585535049438,34.11493682861328,0.6490055918693542,40.01655578613281,1.17406165599823,45.04594421386719,1.4817335605621338,50.21405792236328,1.6707693338394165,55.46118927001953,2.100503921508789,60.735111236572266,2.389244318008423,65.954833984375,2.7819392681121826
d25718445d89453381c659b9c8734939,Take a left turn and follow the black car,6.195064067840576,0.7074146270751953,12.56081485748291,-0.7273029685020447,17.89468765258789,-0.35033729672431946,23.219703674316406,0.2774791121482849,28.81256866455078,0.5497586727142334,34.11494445800781,0.649005651473999,40.01655578613281,1.17406165599823,45.04594421386719,1.4817336797714233,50.21406555175781,1.6707693338394165,55.4611930847168,2.100503921508789,60.735107421875,2.3892436027526855,65.954833984375,2.7819392681121826
980ddcb62e294608bd4235b0dfd517f4,turn left at the end of the road and turn left again into the first connecting road,2.584573268890381,0.2282581925392151,4.7955851554870605,-0.03507375344634056,7.010408878326416,0.2537696063518524,9.441473007202148,0.6702678203582764,11.557260513305664,0.8555529117584229,13.792291641235352,1.3278168439865112,15.954659461975098,1.8404039144515991,18.10135269165039,2.3142035007476807,20.240806579589844,2.7698025703430176,22.303855895996094,3.196071147918701,24.41189193725586,3.8052690029144287,26.492103576660156,4.164123058319092
980ddcb62e294608bd4235b0dfd517f4,Take a left turn and the take another left turn,2.584573268890381,0.2282581925392151,4.7955851554870605,-0.03507375344634056,7.010408878326416,0.2537696063518524,9.441473007202148,0.6702678203582764,11.557260513305664,0.8555529117584229,13.792291641235352,1.3278168439865112,15.954659461975098,1.8404039144515991,18.10135269165039,2.3142035007476807,20.240806579589844,2.7698025703430176,22.303855895996094,3.196071147918701,24.41189193725586,3.8052690029144287,26.492103576660156,4.164123058319092
980ddcb62e294608bd4235b0dfd517f4,Make a left turn,2.584573268890381,0.2282581925392151,4.7955851554870605,-0.03507375344634056,7.010408878326416,0.2537696063518524,9.441473007202148,0.6702678203582764,11.557260513305664,0.8555529117584229,13.792291641235352,1.3278168439865112,15.954659461975098,1.8404039144515991,18.10135269165039,2.3142035007476807,20.240806579589844,2.7698025703430176,22.303855895996094,3.196071147918701,24.41189193725586,3.8052690029144287,26.492103576660156,4.164123058319092
980ddcb62e294608bd4235b0dfd517f4,Make the next left turn,2.584573268890381,0.2282581925392151,4.7955851554870605,-0.03507375344634056,7.010408878326416,0.2537696063518524,9.441473007202148,0.6702678203582764,11.557260513305664,0.8555529117584229,13.792291641235352,1.3278168439865112,15.954659461975098,1.8404039144515991,18.10135269165039,2.3142035007476807,20.240806579589844,2.7698025703430176,22.303855895996094,3.196071147918701,24.41189193725586,3.8052690029144287,26.492103576660156,4.164123058319092
980ddcb62e294608bd4235b0dfd517f4,Make a left turn and after continuing straight for a bit make another left turn,2.584573268890381,0.2282581925392151,4.7955851554870605,-0.03507375344634056,7.010408878326416,0.2537696063518524,9.441473007202148,0.6702678203582764,11.557260513305664,0.8555529117584229,13.792291641235352,1.3278168439865112,15.954659461975098,1.8404039144515991,18.10135269165039,2.3142035007476807,20.240806579589844,2.7698025703430176,22.303855895996094,3.196071147918701,24.41189193725586,3.8052690029144287,26.492103576660156,4.164123058319092
d2db9f5df62c4d338d3bed43f616b954,,3.7702298164367676,0.3414335250854492,7.181364059448242,-0.3197302222251892,10.461015701293945,-0.29325830936431885,13.739086151123047,-0.08559191226959229,16.792335510253906,-0.13184471428394318,19.726776123046875,-0.02472834475338459,23.03598403930664,0.06829185783863068,25.81292724609375,-0.0007083184318616986,28.721853256225586,-0.00702535267919302,31.54920768737793,-0.07233048975467682,34.336090087890625,-0.0473095066845417,37.13539123535156,-0.018494704738259315
1be49200788d4e38ae4496b27b233ccb,,0.394314169883728,-0.006106879096478224,0.7270582914352417,-0.11672418564558029,1.2115188837051392,-0.07806837558746338,1.776623249053955,-0.016239667311310768,2.36264705657959,-0.01717102900147438,3.0361382961273193,-0.1161104068160057,3.601473808288574,-0.15857872366905212,4.381572723388672,-0.22873729467391968,5.08661413192749,-0.153225839138031,5.772627353668213,-0.22460409998893738,6.670711040496826,-0.2921281158924103,7.38952112197876,-0.2671859562397003
cfa36eca40364e5bb15f550a077a21c5,when there are no approaching cars turn right,2.9901928901672363,0.2655045986175537,5.919189453125,-0.46705135703086853,8.651986122131348,-0.5907397866249084,11.437583923339844,-0.5826101303100586,14.197406768798828,-0.8928369879722595,16.917600631713867,-1.1688337326049805,19.80392074584961,-1.4238063097000122,22.454917907714844,-1.872883677482605,25.142282485961914,-2.186028003692627,27.79184341430664,-2.6266496181488037,30.46848487854004,-3.08150315284729,33.0783576965332,-3.414813756942749
cfa36eca40364e5bb15f550a077a21c5,Take a right turn,2.9901928901672363,0.2655045986175537,5.919189453125,-0.46705135703086853,8.651986122131348,-0.5907397866249084,11.437583923339844,-0.5826101303100586,14.197406768798828,-0.8928369879722595,16.917600631713867,-1.1688337326049805,19.80392074584961,-1.4238063097000122,22.454917907714844,-1.872883677482605,25.142282485961914,-2.186028003692627,27.79184341430664,-2.6266496181488037,30.46848487854004,-3.08150315284729,33.0783576965332,-3.414813756942749
cfa36eca40364e5bb15f550a077a21c5,Complete the right turn after all cars have passed,2.9901928901672363,0.2655045986175537,5.919189453125,-0.46705135703086853,8.651986122131348,-0.5907397866249084,11.437583923339844,-0.5826101303100586,14.197406768798828,-0.8928369879722595,16.917600631713867,-1.1688337326049805,19.80392074584961,-1.4238063097000122,22.454917907714844,-1.872883677482605,25.142282485961914,-2.186028003692627,27.79184341430664,-2.6266496181488037,30.46848487854004,-3.08150315284729,33.0783576965332,-3.414813756942749
cfa36eca40364e5bb15f550a077a21c5,Make a right turn at the light when it's safe to do so,2.9901928901672363,0.2655045986175537,5.919189453125,-0.46705135703086853,8.651986122131348,-0.5907397866249084,11.437583923339844,-0.5826101303100586,14.197406768798828,-0.8928369879722595,16.917600631713867,-1.1688337326049805,19.80392074584961,-1.4238063097000122,22.454917907714844,-1.872883677482605,25.142282485961914,-2.186028003692627,27.79184341430664,-2.6266496181488037,30.46848487854004,-3.08150315284729,33.0783576965332,-3.414813756942749
04e5f089805540a5a9e73c1b7c54ee8c,,7.816673278808594,0.5838869214057922,15.806163787841797,-1.4719997644424438,22.480615615844727,-0.9137950539588928,29.33982276916504,-0.3084411323070526,36.62110137939453,-0.10186485201120377,42.816429138183594,-0.44475576281547546,50.547691345214844,0.4060627222061157,57.00386428833008,0.5707830190658569,63.38361358642578,1.0085301399230957,70.68721008300781,1.6607023477554321,76.77265167236328,1.795838713645935,83.73065948486328,2.325349807739258
7ed1b613f0ee47ceaf6d19ca3947f825,,0.5356034636497498,0.017656855285167694,1.035144567489624,-0.16232427954673767,1.729163408279419,-0.0744686871767044,2.4821126461029053,0.06304118037223816,3.2695093154907227,0.0363914892077446,4.18138313293457,0.0002071725029964,4.942281723022461,-0.04395803436636925,5.969732284545898,-0.07562018930912018,6.803850173950195,0.013950609602034092,7.788330078125,-0.0737302303314209,8.773452758789062,-0.06276415288448334,9.683443069458008,0.02470599301159382
e1e664292aa144bc8d0d5d6441df084c,,4.332218170166016,0.39577725529670715,8.356841087341309,-0.37558943033218384,12.185235977172852,-0.34783604741096497,15.987736701965332,-0.1447063833475113,19.62722396850586,-0.1419002115726471,23.064992904663086,-0.04429463669657707,26.855201721191406,0.05332457646727562,30.199424743652344,-0.05215109884738922,33.56379699707031,-0.03738570213317871,36.88206100463867,-0.1104188933968544,40.07300567626953,-0.0988406166434288,43.37193298339844,-0.055640727281570435
c5b36e5275cc4a2285d095e87347c49a,turn right at the signal and merge into the left most lane,2.432568311691284,0.14202362298965454,4.698508262634277,-0.4746263325214386,6.955926895141602,-0.7626175284385681,9.206111907958984,-0.908411979675293,11.334710121154785,-1.4517569541931152,13.49800968170166,-1.9323573112487793,15.65898323059082,-2.312084436416626,17.8512020111084,-3.074878215789795,19.924467086791992,-3.5228734016418457,22.04949951171875,-4.2609100341796875,24.240413665771484,-5.023777484893799,26.247840881347656,-5.554816246032715
c5b36e5275cc4a2285d095e87347c49a,"turn right, switch lanes to the right",2.432568311691284,0.14202362298965454,4.698508262634277,-0.4746263325214386,6.955926895141602,-0.7626175284385681,9.206111907958984,-0.908411979675293,11.334710121154785,-1.4517569541931152,13.49800968170166,-1.9323573112487793,15.65898323059082,-2.312084436416626,17.8512020111084,-3.074878215789795,19.924467086791992,-3.5228734016418457,22.04949951171875,-4.2609100341796875,24.240413665771484,-5.023777484893799,26.247840881347656,-5.554816246032715
c5b36e5275cc4a2285d095e87347c49a,Make a right turn,2.432568311691284,0.14202362298965454,4.698508262634277,-0.4746263325214386,6.955926895141602,-0.7626175284385681,9.206111907958984,-0.908411979675293,11.334710121154785,-1.4517569541931152,13.49800968170166,-1.9323573112487793,15.65898323059082,-2.312084436416626,17.8512020111084,-3.074878215789795,19.924467086791992,-3.5228734016418457,22.04949951171875,-4.2609100341796875,24.240413665771484,-5.023777484893799,26.247840881347656,-5.554816246032715
64ca274b5f69458bb5d21e0e2e071902,,3.6874911785125732,0.3463137149810791,6.920200824737549,-0.22782151401042938,10.112613677978516,-0.11266294866800308,13.30215835571289,0.21950802206993103,16.241117477416992,0.30969318747520447,19.043590545654297,0.5898735523223877,22.281911849975586,0.7739137411117554,24.96657943725586,0.9477627277374268,27.73289680480957,1.097597360610962,30.503339767456055,1.1810684204101562,33.191192626953125,1.4621834754943848,35.91120910644531,1.6887266635894775
64ca274b5f69458bb5d21e0e2e071902,follow the road,3.6874911785125732,0.3463137149810791,6.920200824737549,-0.22782151401042938,10.112613677978516,-0.11266294866800308,13.30215835571289,0.21950802206993103,16.241117477416992,0.30969318747520447,19.043590545654297,0.5898735523223877,22.281911849975586,0.7739137411117554,24.96657943725586,0.9477627277374268,27.73289680480957,1.097597360610962,30.503339767456055,1.1810684204101562,33.191192626953125,1.4621834754943848,35.91120910644531,1.6887266635894775
64ca274b5f69458bb5d21e0e2e071902,After crossing the first intersection stay on the left side of the road,3.6874911785125732,0.3463137149810791,6.920200824737549,-0.22782151401042938,10.112613677978516,-0.11266294866800308,13.30215835571289,0.21950802206993103,16.241117477416992,0.30969318747520447,19.043590545654297,0.5898735523223877,22.281911849975586,0.7739137411117554,24.96657943725586,0.9477627277374268,27.73289680480957,1.097597360610962,30.503339767456055,1.1810684204101562,33.191192626953125,1.4621834754943848,35.91120910644531,1.6887266635894775
fd0d4fdda5c04f7eb43ecd2097df56fa,,3.408419609069824,0.25638577342033386,6.335203170776367,-0.286980539560318,9.321109771728516,-0.3780137300491333,12.295660018920898,-0.22434350848197937,14.943510055541992,-0.3759092092514038,17.448131561279297,-0.34642794728279114,20.226049423217773,-0.3366177976131439,22.74844741821289,-0.5289155840873718,25.157323837280273,-0.5766198635101318,27.644948959350586,-0.800391674041748,29.94357681274414,-0.8961246013641357,32.301815032958984,-0.9206433892250061
23663ff8f4614b8bb005d67e51a69283,,0.0059194983914494514,-0.029811667278409004,-0.00010275734530296177,-0.10162170231342316,0.17334669828414917,-0.04337160289287567,0.47199922800064087,0.06304319202899933,0.7715544700622559,0.050389546900987625,1.13179612159729,-0.023433636873960495,1.35171377658844,-0.04471942037343979,2.0193753242492676,-0.09185084700584412,2.4388749599456787,0.007823992520570755,2.942166328430176,-0.03244929015636444,3.442978858947754,-0.08949676156044006,3.911506175994873,0.010543052107095718
d58468c6097c425e89671a7b3f480acf,,3.393195629119873,0.27517667412757874,6.4332499504089355,-0.3307408392429352,9.476644515991211,-0.27236810326576233,12.524632453918457,-0.13313810527324677,15.442622184753418,-0.18808835744857788,18.19422721862793,-0.07320061326026917,21.197166442871094,-0.07191625237464905,23.93274688720703,-0.13765914738178253,26.612707138061523,-0.12766851484775543,29.379377365112305,-0.32503482699394226,32.00492858886719,-0.26913025975227356,34.6324577331543,-0.2790386378765106
d58468c6097c425e89671a7b3f480acf,go stright when the signal turns green,3.393195390701294,0.27517667412757874,6.433249473571777,-0.3307408392429352,9.476643562316895,-0.2723681330680847,12.524633407592773,-0.13313812017440796,15.442620277404785,-0.18808837234973907,18.19422721862793,-0.07320062816143036,21.197166442871094,-0.07191624492406845,23.93274688720703,-0.13765914738178253,26.61270523071289,-0.12766852974891663,29.379377365112305,-0.3250347971916199,32.00492858886719,-0.26913025975227356,34.63245391845703,-0.27903860807418823
d58468c6097c425e89671a7b3f480acf,Continue straight when the stpolight turns green,3.393195390701294,0.27517667412757874,6.433249473571777,-0.3307408392429352,9.476643562316895,-0.2723681330680847,12.524633407592773,-0.13313812017440796,15.442620277404785,-0.18808837234973907,18.19422721862793,-0.07320062816143036,21.197166442871094,-0.07191624492406845,23.93274688720703,-0.13765914738178253,26.61270523071289,-0.12766852974891663,29.379377365112305,-0.3250347971916199,32.00492858886719,-0.26913025975227356,34.63245391845703,-0.27903860807418823
3289046b886f4c98a676bd7e6a3c6ef1,,3.1215713024139404,0.24147988855838776,5.930561065673828,-0.23737123608589172,8.650379180908203,-0.3240351974964142,11.391985893249512,-0.1774449199438095,13.890266418457031,-0.19885298609733582,16.28481674194336,-0.20991896092891693,18.918062210083008,-0.16782590746879578,21.252635955810547,-0.27796313166618347,23.58949089050293,-0.2572292983531952,25.87515640258789,-0.38956132531166077,28.23807716369629,-0.42463698983192444,30.514015197753906,-0.49379393458366394
3289046b886f4c98a676bd7e6a3c6ef1,stop before the crosswalk when the signal turns red,3.1215708255767822,0.24147984385490417,5.930562496185303,-0.23737120628356934,8.650379180908203,-0.3240351378917694,11.391983985900879,-0.17744489014148712,13.890266418457031,-0.198853000998497,16.284814834594727,-0.20991893112659454,18.91806411743164,-0.16782590746879578,21.252634048461914,-0.27796319127082825,23.589496612548828,-0.2572292983531952,25.875152587890625,-0.3895612955093384,28.238075256347656,-0.42463696002960205,30.514015197753906,-0.49379396438598633
3014465d5958427aac89c4f15b6050dd,,3.3270797729492188,0.25687000155448914,6.163939952850342,-0.2606939375400543,9.089942932128906,-0.33516156673431396,11.981779098510742,-0.14047104120254517,14.55989933013916,-0.25303274393081665,17.01466941833496,-0.18763653934001923,19.70107650756836,-0.15067626535892487,22.172653198242188,-0.29274189472198486,24.50737190246582,-0.2939504384994507,26.933185577392578,-0.4577292203903198,29.196353912353516,-0.5179653167724609,31.502702713012695,-0.4851357638835907
65cfdc10a42e499ea704c617e077afe0,turn left into the intersection,2.06210994720459,0.13068024814128876,3.5376639366149902,-0.07386956363916397,5.309978008270264,-0.09580769389867783,7.067563056945801,0.24121040105819702,8.560864448547363,0.11884722113609314,10.007591247558594,0.3739274740219116,11.785160064697266,0.5788312554359436,13.0485258102417,0.7222115993499756,14.68962574005127,0.884474515914917,16.19643783569336,0.9119635820388794,17.637779235839844,1.1337755918502808,19.132709503173828,1.3963348865509033
65cfdc10a42e499ea704c617e077afe0,turn left at the intersection,2.06210994720459,0.13068024814128876,3.5376639366149902,-0.07386956363916397,5.309978008270264,-0.09580769389867783,7.067563056945801,0.24121040105819702,8.560864448547363,0.11884722113609314,10.007591247558594,0.3739274740219116,11.785160064697266,0.5788312554359436,13.0485258102417,0.7222115993499756,14.68962574005127,0.884474515914917,16.19643783569336,0.9119635820388794,17.637779235839844,1.1337755918502808,19.132709503173828,1.3963348865509033
65cfdc10a42e499ea704c617e077afe0,turn left,2.06210994720459,0.13068024814128876,3.5376639366149902,-0.07386956363916397,5.309978008270264,-0.09580769389867783,7.067563056945801,0.24121040105819702,8.560864448547363,0.11884722113609314,10.007591247558594,0.3739274740219116,11.785160064697266,0.5788312554359436,13.0485258102417,0.7222115993499756,14.68962574005127,0.884474515914917,16.19643783569336,0.9119635820388794,17.637779235839844,1.1337755918502808,19.132709503173828,1.3963348865509033
65cfdc10a42e499ea704c617e077afe0,Make a left turn once all of the pedestrians have crossed the crosswalk,2.06210994720459,0.13068024814128876,3.5376639366149902,-0.07386956363916397,5.309978008270264,-0.09580769389867783,7.067563056945801,0.24121040105819702,8.560864448547363,0.11884722113609314,10.007591247558594,0.3739274740219116,11.785160064697266,0.5788312554359436,13.0485258102417,0.7222115993499756,14.68962574005127,0.884474515914917,16.19643783569336,0.9119635820388794,17.637779235839844,1.1337755918502808,19.132709503173828,1.3963348865509033
727214583a2a478094d4f093d20c7060,,2.361717700958252,0.14683502912521362,4.243950366973877,-0.17202109098434448,6.24921989440918,-0.23200692236423492,8.237049102783203,-0.14536437392234802,10.008935928344727,-0.22418759763240814,11.793458938598633,-0.17666567862033844,13.769972801208496,-0.1970292180776596,15.374265670776367,-0.19534291326999664,17.19966697692871,-0.23027227818965912,18.867074966430664,-0.42643624544143677,20.779409408569336,-0.37682560086250305,22.448698043823242,-0.5391603112220764
727214583a2a478094d4f093d20c7060,stop behind the bus at the intersection,2.36171817779541,0.14683504402637482,4.243950366973877,-0.17202110588550568,6.24921989440918,-0.23200692236423492,8.237049102783203,-0.14536437392234802,10.008935928344727,-0.22418758273124695,11.793457984924316,-0.17666570842266083,13.769976615905762,-0.1970292031764984,15.374265670776367,-0.19534292817115784,17.199665069580078,-0.23027226328849792,18.86707305908203,-0.42643624544143677,20.779407501220703,-0.37682560086250305,22.44869613647461,-0.539160430431366
a7d073bc435b4356a0a9a5ebfb61f229,,3.4910378456115723,0.28691625595092773,6.508085250854492,-0.28187188506126404,9.586772918701172,-0.33889687061309814,12.646663665771484,-0.1537478268146515,15.41597843170166,-0.23998120427131653,18.063457489013672,-0.17855484783649445,20.95707893371582,-0.14469081163406372,23.593608856201172,-0.28569501638412476,26.141189575195312,-0.2984480857849121,28.750051498413086,-0.45972564816474915,31.212371826171875,-0.5090153217315674,33.71150588989258,-0.48664772510528564
85651af9c04945c3a394cf845cb480a6,,4.946535110473633,0.503889799118042,9.807558059692383,-0.4826829731464386,14.19197940826416,-0.42502209544181824,18.514625549316406,-0.12099911272525787,22.800779342651367,-0.08318676799535751,26.940261840820312,-0.05677875503897667,31.33639907836914,0.1416923701763153,35.210872650146484,-0.05386999621987343,39.20991897583008,0.011834554374217987,43.03057098388672,0.0389048308134079,46.867103576660156,0.01923908106982708,50.780208587646484,0.12676461040973663
112ca771e318478a88cfa692f61ffcac,at the stop sign turn left,0.792119562625885,0.013543816283345222,1.3819469213485718,-0.12729907035827637,2.0400173664093018,-0.08255692571401596,2.7913949489593506,-0.06277430057525635,3.484684705734253,-0.1718381643295288,4.25417423248291,-0.2279871255159378,5.005059242248535,-0.21569287776947021,5.72299861907959,-0.26765596866607666,6.617189884185791,-0.22974014282226562,7.338831424713135,-0.3652426600456238,8.388339042663574,-0.3970988690853119,9.11600112915039,-0.5035955905914307
112ca771e318478a88cfa692f61ffcac,stop at the intersection then turn left,0.792119562625885,0.013543816283345222,1.3819469213485718,-0.12729907035827637,2.0400173664093018,-0.08255692571401596,2.7913949489593506,-0.06277430057525635,3.484684705734253,-0.1718381643295288,4.25417423248291,-0.2279871255159378,5.005059242248535,-0.21569287776947021,5.72299861907959,-0.26765596866607666,6.617189884185791,-0.22974014282226562,7.338831424713135,-0.3652426600456238,8.388339042663574,-0.3970988690853119,9.11600112915039,-0.5035955905914307
112ca771e318478a88cfa692f61ffcac,turn left,0.792119562625885,0.013543816283345222,1.3819469213485718,-0.12729907035827637,2.0400173664093018,-0.08255692571401596,2.7913949489593506,-0.06277430057525635,3.484684705734253,-0.1718381643295288,4.25417423248291,-0.2279871255159378,5.005059242248535,-0.21569287776947021,5.72299861907959,-0.26765596866607666,6.617189884185791,-0.22974014282226562,7.338831424713135,-0.3652426600456238,8.388339042663574,-0.3970988690853119,9.11600112915039,-0.5035955905914307
112ca771e318478a88cfa692f61ffcac,Stop at the stopsign and make a left turn once all cars from the right side have passed,0.792119562625885,0.013543816283345222,1.3819469213485718,-0.12729907035827637,2.0400173664093018,-0.08255692571401596,2.7913949489593506,-0.06277430057525635,3.484684705734253,-0.1718381643295288,4.25417423248291,-0.2279871255159378,5.005059242248535,-0.21569287776947021,5.72299861907959,-0.26765596866607666,6.617189884185791,-0.22974014282226562,7.338831424713135,-0.3652426600456238,8.388339042663574,-0.3970988690853119,9.11600112915039,-0.5035955905914307
73030fb67d3c46cfb5e590168088ae39,Turn right and move to the other lane carefully to avoid the trucks on the side of the road. Move back to other lane when the trucks clear up.,2.8600168228149414,0.26063525676727295,5.233528137207031,-0.14290203154087067,7.674772262573242,-0.02462054416537285,10.214466094970703,0.31635773181915283,12.386296272277832,0.3573814630508423,14.60447883605957,0.6405184268951416,16.96186637878418,0.8756187558174133,19.113059997558594,1.1009584665298462,21.20033073425293,1.2874348163604736,23.326698303222656,1.4188557863235474,25.442359924316406,1.7156450748443604,27.495080947875977,1.903501033782959
73030fb67d3c46cfb5e590168088ae39,turn right and then slide into the left lane to avoid hitting the trucks,2.8600168228149414,0.26063525676727295,5.233528137207031,-0.14290203154087067,7.674772262573242,-0.02462054416537285,10.214466094970703,0.31635773181915283,12.386296272277832,0.3573814630508423,14.60447883605957,0.6405184268951416,16.96186637878418,0.8756187558174133,19.113059997558594,1.1009584665298462,21.20033073425293,1.2874348163604736,23.326698303222656,1.4188557863235474,25.442359924316406,1.7156450748443604,27.495080947875977,1.903501033782959
73030fb67d3c46cfb5e590168088ae39,"turn left into the road, Drive around road blockages",2.8600168228149414,0.26063525676727295,5.233528137207031,-0.14290203154087067,7.674772262573242,-0.02462054416537285,10.214466094970703,0.31635773181915283,12.386296272277832,0.3573814630508423,14.60447883605957,0.6405184268951416,16.96186637878418,0.8756187558174133,19.113059997558594,1.1009584665298462,21.20033073425293,1.2874348163604736,23.326698303222656,1.4188557863235474,25.442359924316406,1.7156450748443604,27.495080947875977,1.903501033782959
73030fb67d3c46cfb5e590168088ae39,"Turn left, then stay on the right side to avoid hitting the person on the right side of the truck. Go back to left lane once obstructions on left lane are gone.",2.8600168228149414,0.26063525676727295,5.233528137207031,-0.14290203154087067,7.674772262573242,-0.02462054416537285,10.214466094970703,0.31635773181915283,12.386296272277832,0.3573814630508423,14.60447883605957,0.6405184268951416,16.96186637878418,0.8756187558174133,19.113059997558594,1.1009584665298462,21.20033073425293,1.2874348163604736,23.326698303222656,1.4188557863235474,25.442359924316406,1.7156450748443604,27.495080947875977,1.903501033782959
6f5133fe62b240e797bac25aeff8b531,Turn and merge onto the left lane. Follow the yellow car in front.,3.020928144454956,0.24070565402507782,5.478643417358398,-0.1862432360649109,8.09311294555664,-0.1910119652748108,10.668221473693848,0.08864517509937286,12.938706398010254,0.05263489857316017,15.110126495361328,0.24158112704753876,17.587556838989258,0.35190701484680176,19.72235107421875,0.39640310406684875,21.820938110351562,0.45614030957221985,24.003971099853516,0.43068182468414307,26.047286987304688,0.5382183194160461,28.133195877075195,0.6748594641685486
6f5133fe62b240e797bac25aeff8b531,stop at the intersection,3.020928144454956,0.24070565402507782,5.478643417358398,-0.1862432360649109,8.09311294555664,-0.1910119652748108,10.668221473693848,0.08864517509937286,12.938706398010254,0.05263489857316017,15.110126495361328,0.24158112704753876,17.587556838989258,0.35190701484680176,19.72235107421875,0.39640310406684875,21.820938110351562,0.45614030957221985,24.003971099853516,0.43068182468414307,26.047286987304688,0.5382183194160461,28.133195877075195,0.6748594641685486
6f5133fe62b240e797bac25aeff8b531,Follow the cones to merge onto the other lane,3.020928144454956,0.24070565402507782,5.478643417358398,-0.1862432360649109,8.09311294555664,-0.1910119652748108,10.668221473693848,0.08864517509937286,12.938706398010254,0.05263489857316017,15.110126495361328,0.24158112704753876,17.587556838989258,0.35190701484680176,19.72235107421875,0.39640310406684875,21.820938110351562,0.45614030957221985,24.003971099853516,0.43068182468414307,26.047286987304688,0.5382183194160461,28.133195877075195,0.6748594641685486
6f5133fe62b240e797bac25aeff8b531,"Switch to the left lane to avoid the construction on the right lane, and preceed on the right lane after the construction is clear.",3.020928144454956,0.24070565402507782,5.478643417358398,-0.1862432360649109,8.09311294555664,-0.1910119652748108,10.668221473693848,0.08864517509937286,12.938706398010254,0.05263489857316017,15.110126495361328,0.24158112704753876,17.587556838989258,0.35190701484680176,19.72235107421875,0.39640310406684875,21.820938110351562,0.45614030957221985,24.003971099853516,0.43068182468414307,26.047286987304688,0.5382183194160461,28.133195877075195,0.6748594641685486
d1e57234fd6a463d963670938f9f556e,Continue going on the same lane,1.7847622632980347,0.1051727682352066,3.3159897327423096,-0.2793578505516052,5.035467147827148,-0.34083324670791626,6.776805877685547,-0.3231770396232605,8.384659767150879,-0.5622873306274414,10.059182167053223,-0.7031952142715454,11.666483879089355,-0.8360333442687988,13.380562782287598,-1.1164321899414062,14.940102577209473,-1.231655478477478,16.62152862548828,-1.584723711013794,18.25784683227539,-1.8158211708068848,19.781673431396484,-1.9836152791976929
d1e57234fd6a463d963670938f9f556e,Follow yellow bus.,1.7847622632980347,0.1051727682352066,3.3159897327423096,-0.2793578505516052,5.035467147827148,-0.34083324670791626,6.776805877685547,-0.3231770396232605,8.384659767150879,-0.5622873306274414,10.059182167053223,-0.7031952142715454,11.666483879089355,-0.8360333442687988,13.380562782287598,-1.1164321899414062,14.940102577209473,-1.231655478477478,16.62152862548828,-1.584723711013794,18.25784683227539,-1.8158211708068848,19.781673431396484,-1.9836152791976929
d1e57234fd6a463d963670938f9f556e,follow the orange bus,1.7847622632980347,0.1051727682352066,3.3159897327423096,-0.2793578505516052,5.035467147827148,-0.34083324670791626,6.776805877685547,-0.3231770396232605,8.384659767150879,-0.5622873306274414,10.059182167053223,-0.7031952142715454,11.666483879089355,-0.8360333442687988,13.380562782287598,-1.1164321899414062,14.940102577209473,-1.231655478477478,16.62152862548828,-1.584723711013794,18.25784683227539,-1.8158211708068848,19.781673431396484,-1.9836152791976929
d1e57234fd6a463d963670938f9f556e,continue straight when vehicle in front starts continuing straight,1.7847622632980347,0.1051727682352066,3.3159897327423096,-0.2793578505516052,5.035467147827148,-0.34083324670791626,6.776805877685547,-0.3231770396232605,8.384659767150879,-0.5622873306274414,10.059182167053223,-0.7031952142715454,11.666483879089355,-0.8360333442687988,13.380562782287598,-1.1164321899414062,14.940102577209473,-1.231655478477478,16.62152862548828,-1.584723711013794,18.25784683227539,-1.8158211708068848,19.781673431396484,-1.9836152791976929
d1e57234fd6a463d963670938f9f556e,Follow the orange bus.,1.7847622632980347,0.1051727682352066,3.3159897327423096,-0.2793578505516052,5.035467147827148,-0.34083324670791626,6.776805877685547,-0.3231770396232605,8.384659767150879,-0.5622873306274414,10.059182167053223,-0.7031952142715454,11.666483879089355,-0.8360333442687988,13.380562782287598,-1.1164321899414062,14.940102577209473,-1.231655478477478,16.62152862548828,-1.584723711013794,18.25784683227539,-1.8158211708068848,19.781673431396484,-1.9836152791976929
de943e246dad4ad686de98008a634ecf,Take a left turn and then continue going straight. Watch out for people crossing. Start moving to the left.,2.2023818492889404,0.19303782284259796,3.9991564750671387,-0.04516134038567543,5.843348026275635,0.2264941781759262,7.794462203979492,0.650827169418335,9.51307201385498,0.8332141637802124,11.262781143188477,1.3014253377914429,13.197019577026367,1.6946786642074585,14.789051055908203,2.147188663482666,16.502422332763672,2.517758369445801,18.169391632080078,2.9375600814819336,19.996124267578125,3.4296467304229736,21.74903678894043,3.8359761238098145
de943e246dad4ad686de98008a634ecf,turn left,2.2023818492889404,0.19303782284259796,3.9991564750671387,-0.04516134038567543,5.843348026275635,0.2264941781759262,7.794462203979492,0.650827169418335,9.51307201385498,0.8332141637802124,11.262781143188477,1.3014253377914429,13.197019577026367,1.6946786642074585,14.789051055908203,2.147188663482666,16.502422332763672,2.517758369445801,18.169391632080078,2.9375600814819336,19.996124267578125,3.4296467304229736,21.74903678894043,3.8359761238098145
de943e246dad4ad686de98008a634ecf,"turn left, make another left turn.",2.2023818492889404,0.19303782284259796,3.9991564750671387,-0.04516134038567543,5.843348026275635,0.2264941781759262,7.794462203979492,0.650827169418335,9.51307201385498,0.8332141637802124,11.262781143188477,1.3014253377914429,13.197019577026367,1.6946786642074585,14.789051055908203,2.147188663482666,16.502422332763672,2.517758369445801,18.169391632080078,2.9375600814819336,19.996124267578125,3.4296467304229736,21.74903678894043,3.8359761238098145
de943e246dad4ad686de98008a634ecf,Turn left,2.2023818492889404,0.19303782284259796,3.9991564750671387,-0.04516134038567543,5.843348026275635,0.2264941781759262,7.794462203979492,0.650827169418335,9.51307201385498,0.8332141637802124,11.262781143188477,1.3014253377914429,13.197019577026367,1.6946786642074585,14.789051055908203,2.147188663482666,16.502422332763672,2.517758369445801,18.169391632080078,2.9375600814819336,19.996124267578125,3.4296467304229736,21.74903678894043,3.8359761238098145
de943e246dad4ad686de98008a634ecf,,2.2023818492889404,0.19303782284259796,3.9991564750671387,-0.04516134038567543,5.843348026275635,0.2264941781759262,7.794462203979492,0.650827169418335,9.51307201385498,0.8332141637802124,11.262781143188477,1.3014253377914429,13.197019577026367,1.6946786642074585,14.789051055908203,2.147188663482666,16.502422332763672,2.517758369445801,18.169391632080078,2.9375600814819336,19.996124267578125,3.4296467304229736,21.74903678894043,3.8359761238098145
de943e246dad4ad686de98008a634ecf,Stop when you see the group of people at the stopwalk,2.2023818492889404,0.19303782284259796,3.9991564750671387,-0.04516134038567543,5.843348026275635,0.2264941781759262,7.794462203979492,0.650827169418335,9.51307201385498,0.8332141637802124,11.262781143188477,1.3014253377914429,13.197019577026367,1.6946786642074585,14.789051055908203,2.147188663482666,16.502422332763672,2.517758369445801,18.169391632080078,2.9375600814819336,19.996124267578125,3.4296467304229736,21.74903678894043,3.8359761238098145
7e3a6bdd6c6f4c8fb018cff404974446,Switch to the left lane and continue going straight. Then take a left turn.,4.680058479309082,0.446245402097702,9.218835830688477,-0.4709520936012268,13.384384155273438,-0.49426475167274475,17.482221603393555,-0.2592843472957611,21.489608764648438,-0.3032669723033905,25.331323623657227,-0.3504842221736908,29.398921966552734,-0.22137567400932312,33.067527770996094,-0.5213543772697449,36.75336456298828,-0.5204500555992126,40.34891128540039,-0.615264892578125,43.87995910644531,-0.7443686127662659,47.49406051635742,-0.7038459181785583
7e3a6bdd6c6f4c8fb018cff404974446,slide into the left lane then turn left at the intersection,4.680058479309082,0.446245402097702,9.218835830688477,-0.4709520936012268,13.384384155273438,-0.49426475167274475,17.482221603393555,-0.2592843472957611,21.489608764648438,-0.3032669723033905,25.331323623657227,-0.3504842221736908,29.398921966552734,-0.22137567400932312,33.067527770996094,-0.5213543772697449,36.75336456298828,-0.5204500555992126,40.34891128540039,-0.615264892578125,43.87995910644531,-0.7443686127662659,47.49406051635742,-0.7038459181785583
7e3a6bdd6c6f4c8fb018cff404974446,"switch to the left lane, make a left turn.",4.680058479309082,0.446245402097702,9.218835830688477,-0.4709520936012268,13.384384155273438,-0.49426475167274475,17.482221603393555,-0.2592843472957611,21.489608764648438,-0.3032669723033905,25.331323623657227,-0.3504842221736908,29.398921966552734,-0.22137567400932312,33.067527770996094,-0.5213543772697449,36.75336456298828,-0.5204500555992126,40.34891128540039,-0.615264892578125,43.87995910644531,-0.7443686127662659,47.49406051635742,-0.7038459181785583
7e3a6bdd6c6f4c8fb018cff404974446,Switch to the left lane,4.680058479309082,0.446245402097702,9.218835830688477,-0.4709520936012268,13.384384155273438,-0.49426475167274475,17.482221603393555,-0.2592843472957611,21.489608764648438,-0.3032669723033905,25.331323623657227,-0.3504842221736908,29.398921966552734,-0.22137567400932312,33.067527770996094,-0.5213543772697449,36.75336456298828,-0.5204500555992126,40.34891128540039,-0.615264892578125,43.87995910644531,-0.7443686127662659,47.49406051635742,-0.7038459181785583
7e3a6bdd6c6f4c8fb018cff404974446,Take the first left,4.680058479309082,0.446245402097702,9.218835830688477,-0.4709520936012268,13.384384155273438,-0.49426475167274475,17.482221603393555,-0.2592843472957611,21.489608764648438,-0.3032669723033905,25.331323623657227,-0.3504842221736908,29.398921966552734,-0.22137567400932312,33.067527770996094,-0.5213543772697449,36.75336456298828,-0.5204500555992126,40.34891128540039,-0.615264892578125,43.87995910644531,-0.7443686127662659,47.49406051635742,-0.7038459181785583
7e3a6bdd6c6f4c8fb018cff404974446,Switch to the right lane when you see the stationary car ahead.,4.680058479309082,0.446245402097702,9.218835830688477,-0.4709520936012268,13.384384155273438,-0.49426475167274475,17.482221603393555,-0.2592843472957611,21.489608764648438,-0.3032669723033905,25.331323623657227,-0.3504842221736908,29.398921966552734,-0.22137567400932312,33.067527770996094,-0.5213543772697449,36.75336456298828,-0.5204500555992126,40.34891128540039,-0.615264892578125,43.87995910644531,-0.7443686127662659,47.49406051635742,-0.7038459181785583
d0880a386b6d434bb5cd13c134af7a3e,Quickly switch lanes to avoid the car in the road and then continue going straight in the same lane.,4.125325679779053,0.37998780608177185,7.94556188583374,-0.36133888363838196,11.598088264465332,-0.29236406087875366,15.234400749206543,-0.040137890726327896,18.729711532592773,-0.025052182376384735,22.035242080688477,0.1387764811515808,25.689855575561523,0.23675520718097687,28.89510154724121,0.22265325486660004,32.122222900390625,0.26524069905281067,35.35162353515625,0.22945135831832886,38.44895935058594,0.32711443305015564,41.632568359375,0.40799644589424133
d0880a386b6d434bb5cd13c134af7a3e,,4.125325679779053,0.37998783588409424,7.945560932159424,-0.36133888363838196,11.598088264465332,-0.2923640310764313,15.23440170288086,-0.0401378870010376,18.729713439941406,-0.025052180513739586,22.035242080688477,0.1387764811515808,25.689855575561523,0.23675523698329926,28.89510154724121,0.22265325486660004,32.122222900390625,0.26524069905281067,35.351627349853516,0.22945135831832886,38.44895935058594,0.32711440324783325,41.632572174072266,0.40799638628959656
d0880a386b6d434bb5cd13c134af7a3e,Drive around road blockages,4.125325679779053,0.37998780608177185,7.94556188583374,-0.36133888363838196,11.598088264465332,-0.29236406087875366,15.234400749206543,-0.040137890726327896,18.729711532592773,-0.025052182376384735,22.035242080688477,0.1387764811515808,25.689855575561523,0.23675520718097687,28.89510154724121,0.22265325486660004,32.122222900390625,0.26524069905281067,35.35162353515625,0.22945135831832886,38.44895935058594,0.32711443305015564,41.632568359375,0.40799644589424133
d0880a386b6d434bb5cd13c134af7a3e,Go to the left lane after you pass the car,4.125325679779053,0.37998780608177185,7.94556188583374,-0.36133888363838196,11.598088264465332,-0.29236406087875366,15.234400749206543,-0.040137890726327896,18.729711532592773,-0.025052182376384735,22.035242080688477,0.1387764811515808,25.689855575561523,0.23675520718097687,28.89510154724121,0.22265325486660004,32.122222900390625,0.26524069905281067,35.35162353515625,0.22945135831832886,38.44895935058594,0.32711443305015564,41.632568359375,0.40799644589424133
1d4db80d13f342aba4881b38099bc4b7,Wait for the motorcycle person to pass and then take a right turn and go straight.,2.851996421813965,0.19592168927192688,5.499628067016602,-0.49055397510528564,8.0919189453125,-0.7525332570075989,10.71968936920166,-0.8336160778999329,13.181413650512695,-1.3306148052215576,15.56682014465332,-1.7160048484802246,18.014877319335938,-2.0790202617645264,20.4637393951416,-2.7605416774749756,22.7666015625,-3.130797863006592,25.134235382080078,-3.8399391174316406,27.538421630859375,-4.538387775421143,29.72714614868164,-5.003457069396973
1d4db80d13f342aba4881b38099bc4b7,"when the bike moves out of the way, turn right at the intersection",2.851996421813965,0.19592168927192688,5.499628067016602,-0.49055397510528564,8.0919189453125,-0.7525332570075989,10.71968936920166,-0.8336160778999329,13.181413650512695,-1.3306148052215576,15.56682014465332,-1.7160048484802246,18.014877319335938,-2.0790202617645264,20.4637393951416,-2.7605416774749756,22.7666015625,-3.130797863006592,25.134235382080078,-3.8399391174316406,27.538421630859375,-4.538387775421143,29.72714614868164,-5.003457069396973
1d4db80d13f342aba4881b38099bc4b7,once vehicle begins to move turn to the right,2.851996421813965,0.19592168927192688,5.499628067016602,-0.49055397510528564,8.0919189453125,-0.7525332570075989,10.71968936920166,-0.8336160778999329,13.181413650512695,-1.3306148052215576,15.56682014465332,-1.7160048484802246,18.014877319335938,-2.0790202617645264,20.4637393951416,-2.7605416774749756,22.7666015625,-3.130797863006592,25.134235382080078,-3.8399391174316406,27.538421630859375,-4.538387775421143,29.72714614868164,-5.003457069396973
1d4db80d13f342aba4881b38099bc4b7,Turn to the far right lane,2.851996421813965,0.19592168927192688,5.499628067016602,-0.49055397510528564,8.0919189453125,-0.7525332570075989,10.71968936920166,-0.8336160778999329,13.181413650512695,-1.3306148052215576,15.56682014465332,-1.7160048484802246,18.014877319335938,-2.0790202617645264,20.4637393951416,-2.7605416774749756,22.7666015625,-3.130797863006592,25.134235382080078,-3.8399391174316406,27.538421630859375,-4.538387775421143,29.72714614868164,-5.003457069396973
bb73edb93a0a46c4be997c576e9beb61,Continue on the same lane. Move to the next lane to avoid the truck and then get back onto the previous lane.,4.480319499969482,0.43833956122398376,8.773208618164062,-0.41505736112594604,12.72390079498291,-0.4077252745628357,16.62263298034668,-0.11280420422554016,20.387569427490234,-0.12029734998941422,23.98946189880371,-0.09590598940849304,27.878061294555664,0.07458959519863129,31.324174880981445,-0.12680715322494507,34.79710388183594,-0.04801514372229576,38.201148986816406,-0.09602811932563782,41.56745147705078,-0.13780635595321655,44.968196868896484,-0.005006551742553711
bb73edb93a0a46c4be997c576e9beb61,,4.480319499969482,0.43833956122398376,8.773208618164062,-0.41505736112594604,12.72390079498291,-0.4077252745628357,16.62263298034668,-0.11280420422554016,20.387569427490234,-0.12029734998941422,23.98946189880371,-0.09590598940849304,27.878061294555664,0.07458959519863129,31.324174880981445,-0.12680715322494507,34.79710388183594,-0.04801514372229576,38.201148986816406,-0.09602811932563782,41.56745147705078,-0.13780635595321655,44.968196868896484,-0.005006551742553711
bb73edb93a0a46c4be997c576e9beb61,Drive around the road obstruction,4.480319499969482,0.43833956122398376,8.773208618164062,-0.41505736112594604,12.72390079498291,-0.4077252745628357,16.62263298034668,-0.11280420422554016,20.387569427490234,-0.12029734998941422,23.98946189880371,-0.09590598940849304,27.878061294555664,0.07458959519863129,31.324174880981445,-0.12680715322494507,34.79710388183594,-0.04801514372229576,38.201148986816406,-0.09602811932563782,41.56745147705078,-0.13780635595321655,44.968196868896484,-0.005006551742553711
bb73edb93a0a46c4be997c576e9beb61,"Slightly go on the right lane, across the double marked lines, to avoid hitting the truck in front, then go back to the left lane.",4.480319499969482,0.43833956122398376,8.773208618164062,-0.41505736112594604,12.72390079498291,-0.4077252745628357,16.62263298034668,-0.11280420422554016,20.387569427490234,-0.12029734998941422,23.98946189880371,-0.09590598940849304,27.878061294555664,0.07458959519863129,31.324174880981445,-0.12680715322494507,34.79710388183594,-0.04801514372229576,38.201148986816406,-0.09602811932563782,41.56745147705078,-0.13780635595321655,44.968196868896484,-0.005006551742553711
1ecfbad2023f4b17b542801a21375e3f,Slow down for a little bit to avoid the truck and then continue driving down the road,2.869429588317871,0.2305598258972168,5.571051597595215,-0.35124969482421875,8.139368057250977,-0.41599878668785095,10.753421783447266,-0.41167306900024414,13.23454475402832,-0.5605484247207642,15.66665267944336,-0.6308605670928955,18.427165985107422,-0.7788336873054504,20.688575744628906,-0.966964066028595,23.18262481689453,-1.1305975914001465,25.527996063232422,-1.4581748247146606,28.075899124145508,-1.5605833530426025,30.428619384765625,-1.856431484222412
1ecfbad2023f4b17b542801a21375e3f,"slow down, and let the truck pass, then continue going straight",2.869429588317871,0.2305598258972168,5.571051597595215,-0.35124969482421875,8.139368057250977,-0.41599878668785095,10.753421783447266,-0.41167306900024414,13.23454475402832,-0.5605484247207642,15.66665267944336,-0.6308605670928955,18.427165985107422,-0.7788336873054504,20.688575744628906,-0.966964066028595,23.18262481689453,-1.1305975914001465,25.527996063232422,-1.4581748247146606,28.075899124145508,-1.5605833530426025,30.428619384765625,-1.856431484222412
1ecfbad2023f4b17b542801a21375e3f,,2.869429588317871,0.2305598258972168,5.571051597595215,-0.35124969482421875,8.139368057250977,-0.41599878668785095,10.753421783447266,-0.41167306900024414,13.23454475402832,-0.5605484247207642,15.66665267944336,-0.6308605670928955,18.427165985107422,-0.7788336873054504,20.688575744628906,-0.966964066028595,23.18262481689453,-1.1305975914001465,25.527996063232422,-1.4581748247146606,28.075899124145508,-1.5605833530426025,30.428619384765625,-1.856431484222412
1ecfbad2023f4b17b542801a21375e3f,Slow down and move to the right to avoid the front car hitting you when the vehicle in front of you starts to enter your lane from the left side.,2.869429588317871,0.2305598258972168,5.571051597595215,-0.35124969482421875,8.139368057250977,-0.41599878668785095,10.753421783447266,-0.41167306900024414,13.23454475402832,-0.5605484247207642,15.66665267944336,-0.6308605670928955,18.427165985107422,-0.7788336873054504,20.688575744628906,-0.966964066028595,23.18262481689453,-1.1305975914001465,25.527996063232422,-1.4581748247146606,28.075899124145508,-1.5605833530426025,30.428619384765625,-1.856431484222412
bc8f2774ff4946d3965a807a6aa1b64f,,0.064027339220047,-0.0357983373105526,0.1451251208782196,-0.12278914451599121,0.36103805899620056,-0.04293917119503021,0.6746112704277039,0.04221644252538681,1.1054842472076416,0.0430062860250473,1.4456331729888916,-0.015623862855136395,1.6989470720291138,-0.02331521548330784,2.3927459716796875,-0.11149992793798447,2.85282564163208,0.047261398285627365,3.4449708461761475,-0.05708868429064751,4.061751842498779,-0.1203651949763298,4.521188735961914,0.010949015617370605
bc8f2774ff4946d3965a807a6aa1b64f,Stay stopped before the intersection if there are cars approaching from the left and right sides of the road.,0.0640273466706276,-0.035798329859972,0.1451251357793808,-0.12278914451599121,0.36103808879852295,-0.04293917119503021,0.6746113300323486,0.04221643880009651,1.1054844856262207,0.0430062860250473,1.4456334114074707,-0.015623863786458969,1.6989470720291138,-0.02331521362066269,2.3927457332611084,-0.11149993538856506,2.852825164794922,0.047261402010917664,3.4449708461761475,-0.057088688015937805,4.061751365661621,-0.120365209877491,4.521188735961914,0.01094901654869318
acc29386502047339e1ec6b9c7e512d2,Slow down and wait for the people to cross before turning left,1.3765110969543457,0.11030396819114685,2.515814781188965,0.05696850270032883,3.7895469665527344,0.37624305486679077,5.187098979949951,0.8945706486701965,6.468217372894287,1.1767386198043823,7.77448844909668,1.7353545427322388,9.138460159301758,2.2942371368408203,10.442594528198242,2.8588502407073975,11.731660842895508,3.4549055099487305,13.127180099487305,3.9807825088500977,14.442025184631348,4.723694801330566,15.857369422912598,5.388777732849121
acc29386502047339e1ec6b9c7e512d2,At the intersection turn left when the pedestrians have finished crossing,1.3765110969543457,0.11030396819114685,2.515814781188965,0.05696850270032883,3.7895469665527344,0.37624305486679077,5.187098979949951,0.8945706486701965,6.468217372894287,1.1767386198043823,7.77448844909668,1.7353545427322388,9.138460159301758,2.2942371368408203,10.442594528198242,2.8588502407073975,11.731660842895508,3.4549055099487305,13.127180099487305,3.9807825088500977,14.442025184631348,4.723694801330566,15.857369422912598,5.388777732849121
acc29386502047339e1ec6b9c7e512d2,turn left and wait for pedestrians,1.3765110969543457,0.11030396819114685,2.515814781188965,0.05696850270032883,3.7895469665527344,0.37624305486679077,5.187098979949951,0.8945706486701965,6.468217372894287,1.1767386198043823,7.77448844909668,1.7353545427322388,9.138460159301758,2.2942371368408203,10.442594528198242,2.8588502407073975,11.731660842895508,3.4549055099487305,13.127180099487305,3.9807825088500977,14.442025184631348,4.723694801330566,15.857369422912598,5.388777732849121
acc29386502047339e1ec6b9c7e512d2,Make the left turn once the group of individuals have crossed the crosswalk.,1.3765110969543457,0.11030396819114685,2.515814781188965,0.05696850270032883,3.7895469665527344,0.37624305486679077,5.187098979949951,0.8945706486701965,6.468217372894287,1.1767386198043823,7.77448844909668,1.7353545427322388,9.138460159301758,2.2942371368408203,10.442594528198242,2.8588502407073975,11.731660842895508,3.4549055099487305,13.127180099487305,3.9807825088500977,14.442025184631348,4.723694801330566,15.857369422912598,5.388777732849121
87a71839e68b46da8e91fb5f21b50c1c,,1.3220781087875366,0.054650917649269104,2.3229122161865234,-0.11974336206912994,3.4434468746185303,-0.14249204099178314,4.618108749389648,-0.08535946160554886,5.701946258544922,-0.1576092690229416,6.73784065246582,-0.16694886982440948,7.869075775146484,-0.1653773933649063,8.90019702911377,-0.1994992345571518,10.108659744262695,-0.14582769572734833,11.157859802246094,-0.2925368845462799,12.520462989807129,-0.302926242351532,13.562642097473145,-0.39839261770248413
87a71839e68b46da8e91fb5f21b50c1c,stop at the intersection,1.3220781087875366,0.05465092882514,2.3229124546051025,-0.11974336206912994,3.4434471130371094,-0.14249205589294434,4.61810827255249,-0.08535946905612946,5.701945781707764,-0.15760928392410278,6.737840175628662,-0.16694886982440948,7.869075298309326,-0.1653773933649063,8.90019702911377,-0.1994992196559906,10.108661651611328,-0.14582771062850952,11.157858848571777,-0.2925369143486023,12.520463943481445,-0.302926242351532,13.562642097473145,-0.39839255809783936
2ba06ef7b3b44cbfad6d771981d86af9,,2.7946667671203613,0.20875591039657593,5.116149425506592,-0.2727653980255127,7.652225494384766,-0.3879489302635193,10.117180824279785,-0.2633858025074005,12.32084846496582,-0.45585617423057556,14.561944007873535,-0.5132154226303101,16.825279235839844,-0.5662857294082642,18.983388900756836,-0.8304675221443176,21.04592514038086,-0.9042664170265198,23.166566848754883,-1.1586079597473145,25.267492294311523,-1.3731389045715332,27.28413963317871,-1.4472849369049072
2ba06ef7b3b44cbfad6d771981d86af9,Follow the truck in front of you while maintaining a safe distance.,2.7946667671203613,0.20875591039657593,5.116150856018066,-0.2727653682231903,7.652225017547607,-0.3879489302635193,10.117180824279785,-0.2633858025074005,12.32084846496582,-0.45585617423057556,14.561942100524902,-0.5132154226303101,16.825279235839844,-0.5662857294082642,18.983388900756836,-0.8304674625396729,21.045921325683594,-0.9042664766311646,23.16657257080078,-1.1586081981658936,25.26749038696289,-1.3731389045715332,27.284141540527344,-1.4472851753234863
dc9ef63b61394d3d8effeb51919f2144,,1.534015417098999,0.03274650126695633,2.420825719833374,-0.12515981495380402,3.6008081436157227,-0.12265695631504059,4.830742359161377,-0.1416131556034088,5.9230828285217285,-0.4319784343242645,7.1021881103515625,-0.49067962169647217,8.22243881225586,-0.4307926893234253,9.18494987487793,-0.5989013314247131,10.477255821228027,-0.5707827210426331,11.485776901245117,-0.808820366859436,12.949820518493652,-0.8882501721382141,14.041718482971191,-1.0969033241271973
28e4134bcd664522907277f1ceec2893,,1.201703429222107,0.04092545434832573,2.012789726257324,-0.11390740424394608,2.9842967987060547,-0.11368004232645035,4.053051471710205,-0.05637229233980179,4.99771785736084,-0.18497925996780396,5.927478313446045,-0.20491786301136017,6.9382004737854,-0.1854282021522522,7.835143089294434,-0.23171713948249817,8.96783447265625,-0.18741171061992645,9.878181457519531,-0.3206169009208679,11.125894546508789,-0.34219229221343994,12.046306610107422,-0.45559802651405334
28e4134bcd664522907277f1ceec2893,stop behind the stopped car,1.201703429222107,0.04092545062303543,2.0127899646759033,-0.11390740424394608,2.9842967987060547,-0.11368005722761154,4.053051948547363,-0.05637229233980179,4.997717380523682,-0.18497925996780396,5.927479267120361,-0.20491786301136017,6.9382004737854,-0.1854282021522522,7.835143089294434,-0.23171713948249817,8.967835426330566,-0.18741169571876526,9.878182411193848,-0.3206169009208679,11.125894546508789,-0.34219229221343994,12.046306610107422,-0.45559799671173096
28e4134bcd664522907277f1ceec2893,Slow down and stop right before approaching the vehicle in front.,1.201703429222107,0.04092545062303543,2.0127899646759033,-0.11390740424394608,2.9842967987060547,-0.11368005722761154,4.053051948547363,-0.05637229233980179,4.997717380523682,-0.18497925996780396,5.927479267120361,-0.20491786301136017,6.9382004737854,-0.1854282021522522,7.835143089294434,-0.23171713948249817,8.967835426330566,-0.18741169571876526,9.878182411193848,-0.3206169009208679,11.125894546508789,-0.34219229221343994,12.046306610107422,-0.45559799671173096
c9d654d4279c4efa9745a25ba6b373ee,,0.6735957860946655,-0.02115694433450699,0.9503790736198425,-0.07805377244949341,1.4597373008728027,0.004180594347417355,2.0964972972869873,-0.02238544076681137,2.7767491340637207,-0.15140418708324432,3.347276210784912,-0.11629405617713928,3.8949077129364014,-0.11643213778734207,4.545033931732178,-0.0691424310207367,5.435911178588867,0.036188267171382904,6.101951599121094,-0.12632721662521362,7.134104251861572,-0.07028437405824661,7.778420448303223,-0.1914876103401184
c9d654d4279c4efa9745a25ba6b373ee,stop behind the stopped car,0.6735957860946655,-0.021156946197152138,0.9503791332244873,-0.078053779900074,1.4597373008728027,0.004180595278739929,2.0964975357055664,-0.02238544262945652,2.7767493724823,-0.15140420198440552,3.347275972366333,-0.11629405617713928,3.8949077129364014,-0.11643215268850327,4.5450334548950195,-0.0691424310207367,5.435910701751709,0.0361882708966732,6.101950645446777,-0.12632720172405243,7.134104251861572,-0.07028437405824661,7.778420448303223,-0.1914876252412796
c9d654d4279c4efa9745a25ba6b373ee,Slow down and stop right before approaching the vehicle in front.,0.6735957860946655,-0.021156946197152138,0.9503791332244873,-0.078053779900074,1.4597373008728027,0.004180595278739929,2.0964975357055664,-0.02238544262945652,2.7767493724823,-0.15140420198440552,3.347275972366333,-0.11629405617713928,3.8949077129364014,-0.11643215268850327,4.5450334548950195,-0.0691424310207367,5.435910701751709,0.0361882708966732,6.101950645446777,-0.12632720172405243,7.134104251861572,-0.07028437405824661,7.778420448303223,-0.1914876252412796
75ebb308bea04317adbc25554d5cd7f5,,2.9840047359466553,0.23033742606639862,5.421048164367676,-0.2243591547012329,7.998106956481934,-0.3156190514564514,10.550209999084473,-0.08150310814380646,12.747661590576172,-0.22295773029327393,14.937836647033691,-0.19229495525360107,17.329002380371094,-0.11726551502943039,19.442176818847656,-0.25990384817123413,21.51744270324707,-0.28028759360313416,23.605554580688477,-0.4200868308544159,25.637693405151367,-0.48015037178993225,27.672630310058594,-0.4604122042655945
75ebb308bea04317adbc25554d5cd7f5,Maintain a safe distance with the car in front of you,2.9840047359466553,0.23033741116523743,5.421047687530518,-0.2243591994047165,7.998106002807617,-0.3156190514564514,10.550210952758789,-0.08150310814380646,12.747661590576172,-0.2229577749967575,14.937835693359375,-0.19229497015476227,17.329002380371094,-0.11726551502943039,19.442176818847656,-0.25990381836891174,21.517436981201172,-0.28028759360313416,23.60555648803711,-0.4200868308544159,25.6376895904541,-0.48015034198760986,27.672630310058594,-0.46041223406791687
b0be2e24e2234947867c7f555f6f59d2,,0.008050003089010715,-0.03006696328520775,0.01787230744957924,-0.10467453300952911,0.19376647472381592,-0.04759645462036133,0.49815329909324646,0.06049945205450058,0.8202552199363708,0.05603589117527008,1.1731796264648438,-0.02471773512661457,1.3961074352264404,-0.04321509227156639,2.0725042819976807,-0.10108722001314163,2.5004100799560547,0.013574270531535149,3.0155680179595947,-0.03172007203102112,3.5417280197143555,-0.09239927679300308,4.005071640014648,0.011777196079492569
b0be2e24e2234947867c7f555f6f59d2,Stay stopped as long as the vehicle in front of you is stopped.,0.008050003089010715,-0.0300669576972723,0.017872311174869537,-0.10467453300952911,0.19376644492149353,-0.04759645462036133,0.4981532692909241,0.06049945577979088,0.8202552199363708,0.05603589490056038,1.1731796264648438,-0.02471773512661457,1.3961071968078613,-0.04321508854627609,2.0725042819976807,-0.10108721256256104,2.500410318374634,0.013574270531535149,3.015568256378174,-0.03172007203102112,3.5417277812957764,-0.09239926934242249,4.005071640014648,0.011777196079492569
cffc45a1565446fab5014afb3da169e8,,3.589606285095215,0.32243847846984863,6.8028645515441895,-0.3237054944038391,9.920971870422363,-0.3102703094482422,13.053165435791016,-0.1017792820930481,15.933286666870117,-0.19558823108673096,18.785036087036133,-0.1354740411043167,21.953508377075195,-0.05489964783191681,24.595796585083008,-0.16550880670547485,27.399343490600586,-0.19552041590213776,30.08989143371582,-0.3041977286338806,32.80921173095703,-0.28720542788505554,35.49154281616211,-0.3039630353450775
cffc45a1565446fab5014afb3da169e8,"Slow down when the vehicle in front of you starts to turn, but proceed to normal speed once the vehicle is out of your lane.",3.589606285095215,0.322438508272171,6.8028645515441895,-0.3237055242061615,9.920970916748047,-0.3102703094482422,13.053165435791016,-0.1017792746424675,15.933284759521484,-0.19558824598789215,18.7850341796875,-0.1354740411043167,21.95351219177246,-0.054899632930755615,24.595794677734375,-0.16550882160663605,27.39934539794922,-0.19552043080329895,30.08989143371582,-0.3041977286338806,32.80921173095703,-0.28720542788505554,35.49154281616211,-0.3039630055427551
8180a1dbbba3479bb0c7f4ff6e9a3f0e,Pass the stopped car and then stop,1.8650147914886475,0.1043936237692833,3.319523811340332,-0.15840917825698853,4.836698532104492,-0.18672019243240356,6.393145561218262,-0.17727898061275482,7.823087215423584,-0.2727498412132263,9.401016235351562,-0.3481392562389374,10.875646591186523,-0.37546679377555847,12.25429916381836,-0.5036226511001587,13.723219871520996,-0.52544105052948,15.019977569580078,-0.7147350907325745,16.852706909179688,-0.7827107906341553,18.224918365478516,-1.082114815711975
8180a1dbbba3479bb0c7f4ff6e9a3f0e,"swerve around the stopped car, then come to a stop behind the orange car",1.8650147914886475,0.1043936237692833,3.319523811340332,-0.15840917825698853,4.836698532104492,-0.18672019243240356,6.393145561218262,-0.17727898061275482,7.823087215423584,-0.2727498412132263,9.401016235351562,-0.3481392562389374,10.875646591186523,-0.37546679377555847,12.25429916381836,-0.5036226511001587,13.723219871520996,-0.52544105052948,15.019977569580078,-0.7147350907325745,16.852706909179688,-0.7827107906341553,18.224918365478516,-1.082114815711975
8180a1dbbba3479bb0c7f4ff6e9a3f0e,go around stationary vehicle and come to a complete stop,1.8650147914886475,0.1043936237692833,3.319523811340332,-0.15840917825698853,4.836698532104492,-0.18672019243240356,6.393145561218262,-0.17727898061275482,7.823087215423584,-0.2727498412132263,9.401016235351562,-0.3481392562389374,10.875646591186523,-0.37546679377555847,12.25429916381836,-0.5036226511001587,13.723219871520996,-0.52544105052948,15.019977569580078,-0.7147350907325745,16.852706909179688,-0.7827107906341553,18.224918365478516,-1.082114815711975
8180a1dbbba3479bb0c7f4ff6e9a3f0e,"Move around the vehicle in front by slightly going on the right lane, then switch back to the left lane.",1.8650147914886475,0.1043936237692833,3.319523811340332,-0.15840917825698853,4.836698532104492,-0.18672019243240356,6.393145561218262,-0.17727898061275482,7.823087215423584,-0.2727498412132263,9.401016235351562,-0.3481392562389374,10.875646591186523,-0.37546679377555847,12.25429916381836,-0.5036226511001587,13.723219871520996,-0.52544105052948,15.019977569580078,-0.7147350907325745,16.852706909179688,-0.7827107906341553,18.224918365478516,-1.082114815711975
8180a1dbbba3479bb0c7f4ff6e9a3f0e,"Before approaching the next stopped vehicle ahead, stop to let the vehicle approaching you pass by.",1.8650147914886475,0.1043936237692833,3.319523811340332,-0.15840917825698853,4.836698532104492,-0.18672019243240356,6.393145561218262,-0.17727898061275482,7.823087215423584,-0.2727498412132263,9.401016235351562,-0.3481392562389374,10.875646591186523,-0.37546679377555847,12.25429916381836,-0.5036226511001587,13.723219871520996,-0.52544105052948,15.019977569580078,-0.7147350907325745,16.852706909179688,-0.7827107906341553,18.224918365478516,-1.082114815711975
26540bfbab79463cb1ba76b52ec6013b,,3.5258100032806396,0.26237183809280396,6.575625896453857,-0.2927524447441101,9.695727348327637,-0.3696706295013428,12.78243637084961,-0.22817042469978333,15.585755348205566,-0.3412647247314453,18.180601119995117,-0.27928003668785095,21.04064178466797,-0.2835201919078827,23.707664489746094,-0.45124343037605286,26.183250427246094,-0.48257043957710266,28.812437057495117,-0.6968227028846741,31.164804458618164,-0.7715224623680115,33.6289176940918,-0.7670295238494873
26540bfbab79463cb1ba76b52ec6013b,"After almost crossing the intersection, slightly move to the left side of the road to avoid the individual walking toward the vehicle. Go to the right lane after",3.5258100032806396,0.26237186789512634,6.575626850128174,-0.2927524447441101,9.695728302001953,-0.369670569896698,12.782435417175293,-0.2281704545021057,15.58575439453125,-0.3412647247314453,18.180599212646484,-0.27928003668785095,21.0406436920166,-0.2835202217102051,23.70766258239746,-0.45124346017837524,26.183250427246094,-0.4825703799724579,28.81243896484375,-0.6968227028846741,31.164804458618164,-0.7715224027633667,33.6289176940918,-0.7670295238494873
363bb6c0fdaf465aa54c39f082bb92c6,Take a right and then continue down the road,3.2296202182769775,0.20837579667568207,6.176902770996094,-0.5179978013038635,9.040477752685547,-0.7855192422866821,11.970741271972656,-0.8849672675132751,14.679550170898438,-1.368786334991455,17.31310272216797,-1.7571502923965454,20.087705612182617,-2.145198106765747,22.806949615478516,-2.851553201675415,25.356033325195312,-3.3246474266052246,27.913442611694336,-3.9638514518737793,30.44219207763672,-4.713596820831299,32.96834945678711,-5.2622456550598145
363bb6c0fdaf465aa54c39f082bb92c6,"turn right, then go straight",3.2296202182769775,0.20837579667568207,6.176902770996094,-0.5179978013038635,9.040477752685547,-0.7855192422866821,11.970741271972656,-0.8849672675132751,14.679550170898438,-1.368786334991455,17.31310272216797,-1.7571502923965454,20.087705612182617,-2.145198106765747,22.806949615478516,-2.851553201675415,25.356033325195312,-3.3246474266052246,27.913442611694336,-3.9638514518737793,30.44219207763672,-4.713596820831299,32.96834945678711,-5.2622456550598145
363bb6c0fdaf465aa54c39f082bb92c6,turn right,3.2296202182769775,0.20837579667568207,6.176902770996094,-0.5179978013038635,9.040477752685547,-0.7855192422866821,11.970741271972656,-0.8849672675132751,14.679550170898438,-1.368786334991455,17.31310272216797,-1.7571502923965454,20.087705612182617,-2.145198106765747,22.806949615478516,-2.851553201675415,25.356033325195312,-3.3246474266052246,27.913442611694336,-3.9638514518737793,30.44219207763672,-4.713596820831299,32.96834945678711,-5.2622456550598145
363bb6c0fdaf465aa54c39f082bb92c6,Make a right turn into the middle lane and go straight.,3.2296202182769775,0.20837579667568207,6.176902770996094,-0.5179978013038635,9.040477752685547,-0.7855192422866821,11.970741271972656,-0.8849672675132751,14.679550170898438,-1.368786334991455,17.31310272216797,-1.7571502923965454,20.087705612182617,-2.145198106765747,22.806949615478516,-2.851553201675415,25.356033325195312,-3.3246474266052246,27.913442611694336,-3.9638514518737793,30.44219207763672,-4.713596820831299,32.96834945678711,-5.2622456550598145
9a442b0f6b7a41568b3e4f7b7ba58402,,5.15834903717041,0.538097083568573,10.29090404510498,-0.5249004364013672,14.84907341003418,-0.44421127438545227,19.34967803955078,-0.1114412397146225,23.884796142578125,-0.05559303238987923,28.25174903869629,-0.039587751030921936,32.8974494934082,0.19818192720413208,36.96096420288086,-0.004965151660144329,41.20659255981445,0.05945155397057533,45.24332046508789,0.11739242076873779,49.31190490722656,0.10534567385911942,53.459163665771484,0.2202097773551941
59ff984c3143486da7d2c4ffec023b36,,4.357373237609863,0.39484500885009766,8.430228233337402,-0.3804340064525604,12.291415214538574,-0.3718768358230591,16.086753845214844,-0.15093106031417847,19.74024772644043,-0.14220178127288818,23.178403854370117,-0.06641063094139099,26.921350479125977,0.05782904848456383,30.273067474365234,-0.09517929702997208,33.60173416137695,-0.04954228550195694,36.91289520263672,-0.10666165500879288,40.06858825683594,-0.1279187798500061,43.352500915527344,-0.038082055747509
7f8714d8ca814914bf4ff3ed30123db5,,3.9851696491241455,0.33516693115234375,7.636841773986816,-0.35226836800575256,11.163519859313965,-0.42878061532974243,14.643993377685547,-0.23225294053554535,17.88551902770996,-0.3256184458732605,20.937833786010742,-0.3270277976989746,24.228925704956055,-0.26326537132263184,27.26903533935547,-0.5213156342506409,30.17932891845703,-0.5077769756317139,33.14638137817383,-0.6714305877685547,35.94060134887695,-0.8043406009674072,38.810646057128906,-0.7448189854621887
9a0d2af517ff44f587c93254ee657215,,2.5971310138702393,0.19251537322998047,4.6802287101745605,-0.1920812577009201,6.87029504776001,-0.29802921414375305,9.048089027404785,-0.1423473358154297,10.867841720581055,-0.32567378878593445,12.787830352783203,-0.37364786863327026,14.894476890563965,-0.29020580649375916,16.62160873413086,-0.4785420894622803,18.454160690307617,-0.5447617769241333,20.201414108276367,-0.7232750654220581,22.107751846313477,-0.8211188912391663,23.847457885742188,-0.9194169044494629
9a0d2af517ff44f587c93254ee657215,stop at the intersection behind the truck,2.5971310138702393,0.19251538813114166,4.680228233337402,-0.1920812577009201,6.870296001434326,-0.2980291545391083,9.048089981079102,-0.1423473358154297,10.867842674255371,-0.32567378878593445,12.78783130645752,-0.3736478388309479,14.894476890563965,-0.29020580649375916,16.62160873413086,-0.47854211926460266,18.454160690307617,-0.5447617769241333,20.201414108276367,-0.7232750654220581,22.10775375366211,-0.8211188912391663,23.847457885742188,-0.9194168448448181
dbe2eceb3e4649289366f674c2ba4274,,4.037538528442383,0.3551822602748871,7.790791034698486,-0.4121805429458618,11.3603515625,-0.4904138743877411,14.933619499206543,-0.3336855471134186,18.28732681274414,-0.4937048554420471,21.483613967895508,-0.5427995324134827,24.964813232421875,-0.5365748405456543,28.087120056152344,-0.8386897444725037,31.199453353881836,-0.9224278330802917,34.28944778442383,-1.1689485311508179,37.273170471191406,-1.3537667989730835,40.28557205200195,-1.4258862733840942
c74a3a7265ae45f99f65628fbd7cd2a4,,4.145441055297852,0.3545742928981781,8.11032485961914,-0.5132365226745605,11.836994171142578,-0.6872057914733887,15.543033599853516,-0.6486347913742065,19.0631046295166,-0.9328334331512451,22.466951370239258,-1.1726486682891846,26.04122543334961,-1.2698184251785278,29.35757827758789,-1.814644455909729,32.62249755859375,-2.0469131469726562,35.83030700683594,-2.472111701965332,38.98271942138672,-2.9013946056365967,42.12615203857422,-3.1729977130889893
69ee276c40644ddbb7fe21c613cd7689,,2.2237184047698975,0.17382191121578217,4.268093109130859,-0.2731086015701294,6.352163314819336,-0.2131081521511078,8.476594924926758,-0.07090539485216141,10.514482498168945,-0.18012307584285736,12.580683708190918,-0.17975352704524994,14.667529106140137,-0.1768977791070938,16.702566146850586,-0.2745554745197296,18.68836212158203,-0.23218001425266266,20.750173568725586,-0.4092499911785126,22.76957893371582,-0.42251962423324585,24.70771026611328,-0.39093664288520813
69ee276c40644ddbb7fe21c613cd7689,"when the light turns green, go straight",2.2237186431884766,0.17382191121578217,4.268093585968018,-0.2731086015701294,6.352163314819336,-0.2131081372499466,8.476594924926758,-0.07090539485216141,10.514481544494629,-0.18012309074401855,12.580683708190918,-0.17975351214408875,14.66752815246582,-0.17689776420593262,16.702564239501953,-0.27455541491508484,18.68836212158203,-0.23218001425266266,20.750173568725586,-0.4092499911785126,22.76957893371582,-0.4225196838378906,24.70771026611328,-0.39093664288520813
5eaff323af5b4df4b864dbd433aeb75c,,1.3973135948181152,0.0304101575165987,2.595424175262451,-0.30673229694366455,3.8380444049835205,-0.4765276312828064,5.108249664306641,-0.6278826594352722,6.334752559661865,-1.0007253885269165,7.671802997589111,-1.3825722932815552,8.802495956420898,-1.6055704355239868,10.092267036437988,-2.1549735069274902,11.360816955566406,-2.3627469539642334,12.54417610168457,-2.8819634914398193,14.244565963745117,-3.4644432067871094,15.345752716064453,-3.9612033367156982
5eaff323af5b4df4b864dbd433aeb75c,"urn left and enter the road, continue driving straight onthe road.",1.3973135948181152,0.0304101575165987,2.595424175262451,-0.30673229694366455,3.8380444049835205,-0.4765276312828064,5.108249664306641,-0.6278826594352722,6.334752559661865,-1.0007253885269165,7.671802997589111,-1.3825722932815552,8.802495956420898,-1.6055704355239868,10.092267036437988,-2.1549735069274902,11.360816955566406,-2.3627469539642334,12.54417610168457,-2.8819634914398193,14.244565963745117,-3.4644432067871094,15.345752716064453,-3.9612033367156982
5eaff323af5b4df4b864dbd433aeb75c,go around road obstruction,1.3973135948181152,0.0304101575165987,2.595424175262451,-0.30673229694366455,3.8380444049835205,-0.4765276312828064,5.108249664306641,-0.6278826594352722,6.334752559661865,-1.0007253885269165,7.671802997589111,-1.3825722932815552,8.802495956420898,-1.6055704355239868,10.092267036437988,-2.1549735069274902,11.360816955566406,-2.3627469539642334,12.54417610168457,-2.8819634914398193,14.244565963745117,-3.4644432067871094,15.345752716064453,-3.9612033367156982
5eaff323af5b4df4b864dbd433aeb75c,Briefly move to the left side of the road to go around the parked vehicle in front of you.,1.3973135948181152,0.0304101575165987,2.595424175262451,-0.30673229694366455,3.8380444049835205,-0.4765276312828064,5.108249664306641,-0.6278826594352722,6.334752559661865,-1.0007253885269165,7.671802997589111,-1.3825722932815552,8.802495956420898,-1.6055704355239868,10.092267036437988,-2.1549735069274902,11.360816955566406,-2.3627469539642334,12.54417610168457,-2.8819634914398193,14.244565963745117,-3.4644432067871094,15.345752716064453,-3.9612033367156982
9d1307e95c524ca4a51e03087bd57c29,Take a left turn and then continue down the road,1.0812017917633057,0.07075957953929901,2.016143560409546,-0.06533733010292053,3.105414867401123,0.2631196975708008,4.310372829437256,0.5937016606330872,5.508097171783447,0.774324893951416,6.648223876953125,1.1648526191711426,7.801323890686035,1.4537301063537598,9.13071060180664,1.8549456596374512,10.291391372680664,2.330148458480835,11.699871063232422,2.518650531768799,12.98953628540039,3.01959490776062,14.202451705932617,3.5167431831359863
9d1307e95c524ca4a51e03087bd57c29,turn right at the intersection once all the vehicles have passed and it is safe to turn,1.0812017917633057,0.07075957953929901,2.016143560409546,-0.06533733010292053,3.105414867401123,0.2631196975708008,4.310372829437256,0.5937016606330872,5.508097171783447,0.774324893951416,6.648223876953125,1.1648526191711426,7.801323890686035,1.4537301063537598,9.13071060180664,1.8549456596374512,10.291391372680664,2.330148458480835,11.699871063232422,2.518650531768799,12.98953628540039,3.01959490776062,14.202451705932617,3.5167431831359863
9d1307e95c524ca4a51e03087bd57c29,,1.0812017917633057,0.07075957953929901,2.016143560409546,-0.06533733010292053,3.105414867401123,0.2631196975708008,4.310372829437256,0.5937016606330872,5.508097171783447,0.774324893951416,6.648223876953125,1.1648526191711426,7.801323890686035,1.4537301063537598,9.13071060180664,1.8549456596374512,10.291391372680664,2.330148458480835,11.699871063232422,2.518650531768799,12.98953628540039,3.01959490776062,14.202451705932617,3.5167431831359863
9d1307e95c524ca4a51e03087bd57c29,Pass the intersection once all cars have passed by,1.0812017917633057,0.07075957953929901,2.016143560409546,-0.06533733010292053,3.105414867401123,0.2631196975708008,4.310372829437256,0.5937016606330872,5.508097171783447,0.774324893951416,6.648223876953125,1.1648526191711426,7.801323890686035,1.4537301063537598,9.13071060180664,1.8549456596374512,10.291391372680664,2.330148458480835,11.699871063232422,2.518650531768799,12.98953628540039,3.01959490776062,14.202451705932617,3.5167431831359863
85d5e2548a5e454fa65a739ac0ac55c2,,0.21356290578842163,-0.012276899069547653,0.4320341646671295,-0.128126323223114,0.8199859857559204,-0.058736402541399,1.266326904296875,0.035686034709215164,1.801764965057373,0.021631315350532532,2.380669355392456,-0.05991183966398239,2.8194215297698975,-0.08843742311000824,3.6002426147460938,-0.17425651848316193,4.1880292892456055,-0.06709659099578857,4.888428688049316,-0.1420428454875946,5.6296467781066895,-0.23240569233894348,6.2623419761657715,-0.11132524907588959
e60ef590e3614187b7800db3e5284e1a,enter the horseshoe and stop at the gate,1.8782782554626465,0.07032379508018494,3.3863229751586914,-0.2630530297756195,4.969245433807373,-0.38616281747817993,6.605146408081055,-0.40975645184516907,7.965124130249023,-0.7374430894851685,9.40205192565918,-0.947774350643158,10.831217765808105,-0.9827966690063477,12.172181129455566,-1.4115523099899292,13.669971466064453,-1.4675372838974,14.942306518554688,-1.8380037546157837,16.633712768554688,-2.1902518272399902,17.89256477355957,-2.4726786613464355
e60ef590e3614187b7800db3e5284e1a,go to the left and stop in front of the building,1.8782782554626465,0.07032379508018494,3.3863229751586914,-0.2630530297756195,4.969245433807373,-0.38616281747817993,6.605146408081055,-0.40975645184516907,7.965124130249023,-0.7374430894851685,9.40205192565918,-0.947774350643158,10.831217765808105,-0.9827966690063477,12.172181129455566,-1.4115523099899292,13.669971466064453,-1.4675372838974,14.942306518554688,-1.8380037546157837,16.633712768554688,-2.1902518272399902,17.89256477355957,-2.4726786613464355
e60ef590e3614187b7800db3e5284e1a,Take a left and stop at the front of the entrance,1.8782782554626465,0.07032379508018494,3.3863229751586914,-0.2630530297756195,4.969245433807373,-0.38616281747817993,6.605146408081055,-0.40975645184516907,7.965124130249023,-0.7374430894851685,9.40205192565918,-0.947774350643158,10.831217765808105,-0.9827966690063477,12.172181129455566,-1.4115523099899292,13.669971466064453,-1.4675372838974,14.942306518554688,-1.8380037546157837,16.633712768554688,-2.1902518272399902,17.89256477355957,-2.4726786613464355
209e9e9c3a2e4a399c44b6aa8be659d6,"turn right at the intersection avoid hitting the traffic cones, reverse back slighly and merge into the left lane",0.5992708206176758,-0.00959416851401329,1.0013833045959473,-0.008770273067057133,1.7077162265777588,0.271738737821579,2.4832565784454346,0.5276757478713989,3.209118366241455,0.5239501595497131,4.161036968231201,0.8522374033927917,4.790310382843018,1.1813795566558838,5.73077917098999,1.5211526155471802,6.683614730834961,1.853621006011963,7.596837520599365,2.1245975494384766,8.469691276550293,2.506129741668701,9.379803657531738,2.9261956214904785
209e9e9c3a2e4a399c44b6aa8be659d6,"turn left, turn left",0.5992708206176758,-0.00959416851401329,1.0013833045959473,-0.008770273067057133,1.7077162265777588,0.271738737821579,2.4832565784454346,0.5276757478713989,3.209118366241455,0.5239501595497131,4.161036968231201,0.8522374033927917,4.790310382843018,1.1813795566558838,5.73077917098999,1.5211526155471802,6.683614730834961,1.853621006011963,7.596837520599365,2.1245975494384766,8.469691276550293,2.506129741668701,9.379803657531738,2.9261956214904785
209e9e9c3a2e4a399c44b6aa8be659d6,Make a left turn while avoiding the construction.,0.5992708206176758,-0.00959416851401329,1.0013833045959473,-0.008770273067057133,1.7077162265777588,0.271738737821579,2.4832565784454346,0.5276757478713989,3.209118366241455,0.5239501595497131,4.161036968231201,0.8522374033927917,4.790310382843018,1.1813795566558838,5.73077917098999,1.5211526155471802,6.683614730834961,1.853621006011963,7.596837520599365,2.1245975494384766,8.469691276550293,2.506129741668701,9.379803657531738,2.9261956214904785
209e9e9c3a2e4a399c44b6aa8be659d6,Make the first left turn possible,0.5992708206176758,-0.00959416851401329,1.0013833045959473,-0.008770273067057133,1.7077162265777588,0.271738737821579,2.4832565784454346,0.5276757478713989,3.209118366241455,0.5239501595497131,4.161036968231201,0.8522374033927917,4.790310382843018,1.1813795566558838,5.73077917098999,1.5211526155471802,6.683614730834961,1.853621006011963,7.596837520599365,2.1245975494384766,8.469691276550293,2.506129741668701,9.379803657531738,2.9261956214904785
a4fe925930de41489b12b85b77d2f0cb,"stop at the intersection, then proceed",1.2222480773925781,0.04851798340678215,2.1356241703033447,-0.15170685946941376,3.146178722381592,-0.18135833740234375,4.18100643157959,-0.19861745834350586,5.186290264129639,-0.2686121165752411,6.2395405769348145,-0.384346067905426,7.201347351074219,-0.4159639775753021,8.223489761352539,-0.5724520683288574,9.32126235961914,-0.5556678175926208,10.251593589782715,-0.7988731861114502,11.68558406829834,-0.9105271100997925,12.627140998840332,-1.1323713064193726
a4fe925930de41489b12b85b77d2f0cb,,1.2222480773925781,0.04851798340678215,2.1356241703033447,-0.15170685946941376,3.146178722381592,-0.18135833740234375,4.18100643157959,-0.19861745834350586,5.186290264129639,-0.2686121165752411,6.2395405769348145,-0.384346067905426,7.201347351074219,-0.4159639775753021,8.223489761352539,-0.5724520683288574,9.32126235961914,-0.5556678175926208,10.251593589782715,-0.7988731861114502,11.68558406829834,-0.9105271100997925,12.627140998840332,-1.1323713064193726
a4fe925930de41489b12b85b77d2f0cb,Merge to the left lane and stop before entering the main road.,1.2222480773925781,0.04851798340678215,2.1356241703033447,-0.15170685946941376,3.146178722381592,-0.18135833740234375,4.18100643157959,-0.19861745834350586,5.186290264129639,-0.2686121165752411,6.2395405769348145,-0.384346067905426,7.201347351074219,-0.4159639775753021,8.223489761352539,-0.5724520683288574,9.32126235961914,-0.5556678175926208,10.251593589782715,-0.7988731861114502,11.68558406829834,-0.9105271100997925,12.627140998840332,-1.1323713064193726
a4fe925930de41489b12b85b77d2f0cb,Slowly enter the main road after the foll stop,1.2222480773925781,0.04851798340678215,2.1356241703033447,-0.15170685946941376,3.146178722381592,-0.18135833740234375,4.18100643157959,-0.19861745834350586,5.186290264129639,-0.2686121165752411,6.2395405769348145,-0.384346067905426,7.201347351074219,-0.4159639775753021,8.223489761352539,-0.5724520683288574,9.32126235961914,-0.5556678175926208,10.251593589782715,-0.7988731861114502,11.68558406829834,-0.9105271100997925,12.627140998840332,-1.1323713064193726
555c691be4704ef29559373e031441dd,,0.006006810814142227,-0.030154220759868622,-0.0006599281332455575,-0.1023685559630394,0.17079803347587585,-0.042820196598768234,0.4685533940792084,0.06264910846948624,0.7676029205322266,0.049672458320856094,1.1303502321243286,-0.023675426840782166,1.3496042490005493,-0.04589184746146202,2.016223669052124,-0.09175153821706772,2.437777519226074,0.006788347382098436,2.9392786026000977,-0.03332650288939476,3.4406797885894775,-0.09018073230981827,3.9102277755737305,0.009626501239836216
df8dfada99a04a81bd1b102eeb84e9bc,turn right,3.5170745849609375,0.24309366941452026,6.7817511558532715,-0.5489188432693481,9.855535507202148,-0.7817666530609131,13.056171417236328,-0.8329941034317017,15.97616195678711,-1.2778525352478027,18.862451553344727,-1.645785927772522,21.937503814697266,-2.030743360519409,24.848886489868164,-2.7300353050231934,27.629554748535156,-3.202254295349121,30.35741424560547,-3.7690985202789307,33.074649810791016,-4.489306926727295,35.88685989379883,-5.014409065246582
df8dfada99a04a81bd1b102eeb84e9bc,,3.5170745849609375,0.24309366941452026,6.7817511558532715,-0.5489188432693481,9.855535507202148,-0.7817666530609131,13.056171417236328,-0.8329941034317017,15.97616195678711,-1.2778525352478027,18.862451553344727,-1.645785927772522,21.937503814697266,-2.030743360519409,24.848886489868164,-2.7300353050231934,27.629554748535156,-3.202254295349121,30.35741424560547,-3.7690985202789307,33.074649810791016,-4.489306926727295,35.88685989379883,-5.014409065246582
df8dfada99a04a81bd1b102eeb84e9bc,Make a right turn,3.5170745849609375,0.24309366941452026,6.7817511558532715,-0.5489188432693481,9.855535507202148,-0.7817666530609131,13.056171417236328,-0.8329941034317017,15.97616195678711,-1.2778525352478027,18.862451553344727,-1.645785927772522,21.937503814697266,-2.030743360519409,24.848886489868164,-2.7300353050231934,27.629554748535156,-3.202254295349121,30.35741424560547,-3.7690985202789307,33.074649810791016,-4.489306926727295,35.88685989379883,-5.014409065246582
2911b04ae82a45f386ad4f79457dd73f,go all the way to the left lane,3.680680274963379,0.313393235206604,6.951512813568115,-0.30398157238960266,10.194896697998047,-0.3400645852088928,13.396682739257812,-0.12460809201002121,16.332374572753906,-0.19303376972675323,19.145259857177734,-0.1289854347705841,22.21681022644043,-0.04792538285255432,24.985139846801758,-0.19613116979599,27.68708610534668,-0.16284461319446564,30.41398811340332,-0.2892392873764038,33.03410720825195,-0.3174012303352356,35.67832565307617,-0.2566957175731659
2911b04ae82a45f386ad4f79457dd73f,Switch into the leftmost lane,3.680680274963379,0.313393235206604,6.951512813568115,-0.30398157238960266,10.194896697998047,-0.3400645852088928,13.396682739257812,-0.12460809201002121,16.332374572753906,-0.19303376972675323,19.145259857177734,-0.1289854347705841,22.21681022644043,-0.04792538285255432,24.985139846801758,-0.19613116979599,27.68708610534668,-0.16284461319446564,30.41398811340332,-0.2892392873764038,33.03410720825195,-0.3174012303352356,35.67832565307617,-0.2566957175731659
2911b04ae82a45f386ad4f79457dd73f,Shift to the lane on the left,3.680680274963379,0.313393235206604,6.951512813568115,-0.30398157238960266,10.194896697998047,-0.3400645852088928,13.396682739257812,-0.12460809201002121,16.332374572753906,-0.19303376972675323,19.145259857177734,-0.1289854347705841,22.21681022644043,-0.04792538285255432,24.985139846801758,-0.19613116979599,27.68708610534668,-0.16284461319446564,30.41398811340332,-0.2892392873764038,33.03410720825195,-0.3174012303352356,35.67832565307617,-0.2566957175731659
dc8302cfccdb4812a0a4a60dde595e18,,3.043459415435791,0.2299189269542694,5.563597202301025,-0.23165448009967804,8.19270133972168,-0.36990877985954285,10.80362319946289,-0.13218379020690918,13.043159484863281,-0.30203548073768616,15.188712120056152,-0.30148041248321533,17.545652389526367,-0.2475360780954361,19.706253051757812,-0.4668925702571869,21.740774154663086,-0.4674557149410248,23.87443733215332,-0.6532847881317139,25.86407470703125,-0.7958831787109375,27.856708526611328,-0.7299692630767822
dc8302cfccdb4812a0a4a60dde595e18,Keep a safe distance between the individual on the bicycle in front of you,3.043459177017212,0.2299189269542694,5.5635986328125,-0.23165448009967804,8.19270133972168,-0.36990872025489807,10.80362319946289,-0.13218379020690918,13.043158531188965,-0.30203545093536377,15.18871021270752,-0.3014804422855377,17.545654296875,-0.2475360780954361,19.706253051757812,-0.4668925702571869,21.740774154663086,-0.4674557149410248,23.874439239501953,-0.6532847881317139,25.86407470703125,-0.795883297920227,27.856708526611328,-0.7299692034721375
078e6d7a3d4a429bba404bf12c7a98f2,,3.0787954330444336,0.23102577030658722,5.653437614440918,-0.24845559895038605,8.349515914916992,-0.32408758997917175,11.052841186523438,-0.16413761675357819,13.464519500732422,-0.2998449504375458,15.796390533447266,-0.2358780950307846,18.37558364868164,-0.24277456104755402,20.653284072875977,-0.35042667388916016,22.92650032043457,-0.39440682530403137,25.21619987487793,-0.5943717956542969,27.448802947998047,-0.6275424957275391,29.65264892578125,-0.6843645572662354
078e6d7a3d4a429bba404bf12c7a98f2,"Slightly go onto the left lane, if it is safe, to avoid the parked vehicle on the right side of your lane.",3.0787954330444336,0.23102577030658722,5.653437614440918,-0.24845559895038605,8.349515914916992,-0.32408758997917175,11.052841186523438,-0.16413761675357819,13.464519500732422,-0.2998449504375458,15.796390533447266,-0.2358780950307846,18.37558364868164,-0.24277456104755402,20.653284072875977,-0.35042667388916016,22.92650032043457,-0.39440682530403137,25.21619987487793,-0.5943717956542969,27.448802947998047,-0.6275424957275391,29.65264892578125,-0.6843645572662354
078e6d7a3d4a429bba404bf12c7a98f2,Go around the stopped vehicle on the road by going in the left lane only if it's safe to do so,3.0787954330444336,0.23102577030658722,5.653437614440918,-0.24845559895038605,8.349515914916992,-0.32408758997917175,11.052841186523438,-0.16413761675357819,13.464519500732422,-0.2998449504375458,15.796390533447266,-0.2358780950307846,18.37558364868164,-0.24277456104755402,20.653284072875977,-0.35042667388916016,22.92650032043457,-0.39440682530403137,25.21619987487793,-0.5943717956542969,27.448802947998047,-0.6275424957275391,29.65264892578125,-0.6843645572662354
1e9283d1ce98428aaa3b851487eb4f58,"turn right, go around the vehicle",2.477198600769043,0.11018332093954086,4.749943256378174,-0.5041561126708984,6.906167984008789,-0.7405843734741211,9.039270401000977,-0.8797065615653992,10.820449829101562,-1.383851408958435,12.808255195617676,-1.9153025150299072,14.81883716583252,-2.2285797595977783,16.74146270751953,-3.0725488662719727,18.57817840576172,-3.4959027767181396,20.328771591186523,-4.111600399017334,22.3812313079834,-5.016022682189941,24.18404769897461,-5.5934576988220215
1e9283d1ce98428aaa3b851487eb4f58,Make a right turn at the intersection,2.477198600769043,0.11018332093954086,4.749943256378174,-0.5041561126708984,6.906167984008789,-0.7405843734741211,9.039270401000977,-0.8797065615653992,10.820449829101562,-1.383851408958435,12.808255195617676,-1.9153025150299072,14.81883716583252,-2.2285797595977783,16.74146270751953,-3.0725488662719727,18.57817840576172,-3.4959027767181396,20.328771591186523,-4.111600399017334,22.3812313079834,-5.016022682189941,24.18404769897461,-5.5934576988220215
1e9283d1ce98428aaa3b851487eb4f58,Make a right turn at the light. Go around the stopped vehicle by going in the opposite lane only if it's safe to do so,2.477198600769043,0.11018332093954086,4.749943256378174,-0.5041561126708984,6.906167984008789,-0.7405843734741211,9.039270401000977,-0.8797065615653992,10.820449829101562,-1.383851408958435,12.808255195617676,-1.9153025150299072,14.81883716583252,-2.2285797595977783,16.74146270751953,-3.0725488662719727,18.57817840576172,-3.4959027767181396,20.328771591186523,-4.111600399017334,22.3812313079834,-5.016022682189941,24.18404769897461,-5.5934576988220215
02e484442a2f411b971edcf96ebbe885,,1.9505631923675537,0.11702578514814377,3.5647294521331787,-0.2716315984725952,5.344571113586426,-0.3672451972961426,7.124357223510742,-0.3025764226913452,8.735519409179688,-0.6120116114616394,10.36935043334961,-0.7492419481277466,11.904048919677734,-0.819341778755188,13.547627449035645,-1.1700811386108398,15.105717658996582,-1.212743878364563,16.739065170288086,-1.6044096946716309,18.403499603271484,-1.8970953226089478,19.83271598815918,-1.9933463335037231
02e484442a2f411b971edcf96ebbe885,"When the light turns green, proceed straight",1.9505631923675537,0.11702578514814377,3.5647294521331787,-0.2716315984725952,5.344571113586426,-0.3672451972961426,7.124357223510742,-0.3025764226913452,8.735519409179688,-0.6120116114616394,10.36935043334961,-0.7492419481277466,11.904048919677734,-0.819341778755188,13.547627449035645,-1.1700811386108398,15.105717658996582,-1.212743878364563,16.739065170288086,-1.6044096946716309,18.403499603271484,-1.8970953226089478,19.83271598815918,-1.9933463335037231
02e484442a2f411b971edcf96ebbe885,Come to a stop when you appraoch the parked vehicle in front,1.9505631923675537,0.11702578514814377,3.5647294521331787,-0.2716315984725952,5.344571113586426,-0.3672451972961426,7.124357223510742,-0.3025764226913452,8.735519409179688,-0.6120116114616394,10.36935043334961,-0.7492419481277466,11.904048919677734,-0.819341778755188,13.547627449035645,-1.1700811386108398,15.105717658996582,-1.212743878364563,16.739065170288086,-1.6044096946716309,18.403499603271484,-1.8970953226089478,19.83271598815918,-1.9933463335037231
5a2aac9df32945d183fc81924ff148b6,,2.3525073528289795,0.05988968908786774,4.60295295715332,-0.6017589569091797,6.648074626922607,-1.0149472951889038,8.73367691040039,-1.3125529289245605,10.544456481933594,-2.0288848876953125,12.39505672454834,-2.777545690536499,14.35231876373291,-3.361833333969116,16.26422119140625,-4.424665451049805,18.174957275390625,-5.018148899078369,19.89862823486328,-5.994697570800781,22.082117080688477,-7.1958136558532715,23.838211059570312,-8.08334732055664
5a2aac9df32945d183fc81924ff148b6,Switch to the right lane when you see the parked vehicle ahead.,2.3523545265197754,0.05981401726603508,4.602799892425537,-0.6016705632209778,6.647669315338135,-1.0149211883544922,8.733314514160156,-1.312518835067749,10.544025421142578,-2.0288844108581543,12.394558906555176,-2.7775776386260986,14.35159969329834,-3.3618414402008057,16.2634220123291,-4.42453145980835,18.174062728881836,-5.01796293258667,19.897783279418945,-5.994600772857666,22.081342697143555,-7.195633888244629,23.83721923828125,-8.083331108093262
